id,label,topic,genre,corpus,text,source,revision,license,generator,requested_model,model,prompt_id,generated_at,fallback
human-v2-001,human,Al-Qur'an/Al-Mursalat,dokumen_sastra,wikisource,"Dengan menyebut nama Allah Yang Maha Pemurah lagi Maha Penyayang KEADAAN MANUSIA DI HARI KEPUTUSAN Ayat 1-50 Segala ancaman Allah SWT pasti terjadi Ayat 1-27 1Demi malaikat-malaikat yang diutus untuk membawa kebaikan, 2dan (malaikat-malaikat) yang terbang dengan kencangnya, 3dan (malaikat-malaikat) yang menyebarkan (rahmat Tuhannya) dengan seluas-luasnya, 4dan (malaikat-malaikat) yang membedakan (antara yang hak dan yang batil) dengan sejelas-jelasnya, 5dan (malaikat-malaikat) yang menyampaikan wahyu, 6untuk menolak alasan-alasan atau memberi peringatan, 7sesungguhnya apa yang dijanjikan kepadamu itu pasti terjadi. 8Maka apabila bintang-bintang telah dihapuskan, 9dan apabila langit telah dibelah, 10dan apabila gunung-gunung telah dihancurkan menjadi debu, 11dan apabila rasul-rasul telah ditetapkan waktu (mereka). 12(Niscaya dikatakan kepada mereka), ""Sampai hari apakah ditangguhkan (mengazab orang-orang kafir itu)?"" 13Sampai hari keputusan. 14Dan tahukah kamu apakah hari keputusan itu? 15Kecelakaan yang besarlah pada hari itu bagi orang-orang yang mendustakan. 16Bukankah kami telah membinasakan orang-orang yang dahulu? 17Lalu Kami iringkan (azab Kami terhadap) mereka dengan (mengazab) orang-orang yang datang kemudian. 18Demikianlah Kami berbuat terhadap orang-orang yang berdosa. 19Kecelakaan besarlah pada hari itu bagi orang-orang yang mendustakan. 20Bukankah Kami menciptakan kamu dari air yang hina?, 21Kemudian Kami letakkan",https://id.wikisource.org/wiki/Al-Qur%27an/Al-Mursalat,6439,CC BY-SA 4.0,human-public-corpus,,,,,false
human-v2-002,human,Al-Qur'an/Al-Qasas,dokumen_sastra,wikisource,"Dengan menyebut nama Allah Yang Maha Pemurah lagi Maha Penyayang KISAH MUSA AS DAN FIR'AUN SEBAGAI BUKTI KEBENARAN AL-QUR'AN Ayat 1-57 Kekejaman Fir'aun dan pertolongan Allah kepada Bani Isra'il kaum yang tertindas Ayat 1-6 1Ta Sin Mim. 2Ini adalah ayat-ayat Kitab (al-Qur'an) yang nyata (dari Allah). 3Kami membacakan kepadamu sebagian dari kisah Musa dan Fir'aun dengan benar untuk orang-orang yang beriman. 4Sesungguhnya Fir'aun telah berbuat sewenang-wenang di muka bumi dan menjadikan penduduknya berpecah belah, dengan menindas segolongan dari mereka, menyembelih anak laki-laki mereka dan membiarkan hidup anak-anak perempuan mereka. Sesungguhnya Fir'aun termasuk orang-orang yang berbuat kerusakan. 5Dan Kami hendak memberi Qarunia kepada orang-orang yang tertindas di bumi (Mesir) itu dan hendak menjadikan mereka pemimpin dan menjadikan mereka orang-orang yang mewarisi (bumi), 6dan akan Kami teguhkan kedudukan mereka di muka bumi dan akan Kami perlihatkan kepada Fir'aun dan Haman beserta tentaranya apa yang selalu mereka khawatirkan dari mereka itu Musa AS dicampakkan ke dalam sungai Nil untuk menyelamatkan kaumnya dari kekejaman Fir'aun Ayat 7-13 7Dan Kami ilhamkan kepada ibu Musa, ""Susuilah dia, dan apabila kamu khawatir terhadapnya maka jatuhkanlah dia ke",https://id.wikisource.org/wiki/Al-Qur%27an/Al-Qasas,6356,CC BY-SA 4.0,human-public-corpus,,,,,false
human-v2-003,human,Al-Qur'an/Fussilat,dokumen_sastra,wikisource,"Dengan menyebut nama Allah Yang Maha Pemurah lagi Maha Penyayang NABI ADALAH MANUSIA BIASA YANG DIBERI WAHYU YANG MENGAJAK KEPADA KEBENARAN Ayat 1-8 1Ha Mim. 2Diturunkan dari Tuhan Yang Maha Pemurah lagi Maha Penyayang. 3Kitab yang dijelaskan ayat-ayatnya, yakni bacaan dalam bahasa Arab, untuk kaum yang mengetahui, 4yang membawa berita gembira dan yang membawa peringatan, tetapi kebanyakan mereka berpaling (daripadanya), maka mereka tidak (mau) mendengarkan. 5Mereka berkata, ""Hati kami berada dalam tutupan (yang menutupi) apa yang kamu seru kami kepadanya dan di telinga kami ada sumbatan dan antara kami dan kamu ada dinding, maka bekerjalah kamu, sesungguhnya kami bekerja (pula)."" 6Katakanlah, ""Bahwasanya aku hanyalah seorang manusia seperti kamu, diwahyukan kepadaku bahwasanya Tuhan kamu adalah Tuhan Yang Maha Esa, maka tetaplah pada jalan yang lurus menuju kepada-Nya dan mohonlah ampun kepada-Nya. Dan kecelakaan yang besarlah bagi orang-orang yang mempersekutukan (Nya), 7(yaitu) orang-orang yang tidak menunaikan zakat dan mereka kafir akan adanya (kehidupan) akhirat. 8Sesungguhnya orang-orang yang beriman dan mengerjakan amal yang saleh mereka mendapat pahala yang tiada putus-putusnya."" ALLAH SWT MENCIPTAKAN LANGIT DAN BUMI DALAM BEBERAPA PERIODE Ayat 9-12 9Katakanlah, ""Sesungguhnya",https://id.wikisource.org/wiki/Al-Qur%27an/Fussilat,6393,CC BY-SA 4.0,human-public-corpus,,,,,false
human-v2-004,human,Al-Qur'an/Maryam,dokumen_sastra,wikisource,"Dengan menyebut nama Allah Yang Maha Pemurah lagi Maha Penyayang KISAH NABI ZAKARIA AS DAN NABI YAHYA AS Ayat 1-15 Sebab Zakaria berdoa memohon keturunan Ayat 1-6 1Kaf Ha Ya 'Ain Sad. 2(Yang dibacakan ini adalah) penjelasan tentang rahmat Tuhan kamu kepada hamba-Nya, Zakaria, 3yaitu tatkala ia berdoa kepada Tuhannya dengan suara yang lembut. 4Ia berkata, ""Ya Tuhanku, sesungguhnya tulangku telah lemah dan kepalaku telah ditumbuhi uban, dan aku belum pernah kecewa dalam berdoa kepada Engkau, ya Tuhanku. 5Dan sesungguhnya aku khawatir terhadap mawaliku sepeninggalku, sedang istriku adalah seorang yang mandul, maka anugerahilah aku dari sisi Engkau seorang putra, 6yang akan mewarisi aku dan mewarisi sebahagian keluarga Ya'qub; dan jadikanlah ia, ya Tuhanku, seorang yang diridhai."" Terkabulnya doa Zakaria sebagai bukti kekuasaan Allah SWT Ayat 7-11 7Hai Zakaria, sesungguhnya Kami memberi kabar gembira kepadamu akan (beroleh) seorang anak yang namanya Yahya, yang sebelumnya Kami belum pernah menciptakan orang yang serupa dengan dia. 8Zakaria berkata, ""Ya Tuhanku, bagaimana akan ada anak bagiku, padahal istriku adalah seorang yang mandul dan aku (sendiri) sesungguhnya sudah mencapai umur yang sangat tua."" 9Tuhan berfirman, ""Demikianlah.""",https://id.wikisource.org/wiki/Al-Qur%27an/Maryam,52472,CC BY-SA 4.0,human-public-corpus,,,,,false
human-v2-005,human,Azab dan Sengsara/Bab 1,dokumen_sastra,wikisource,"Hari yang panas itu berangsur-angsur menjadi dingin, karena matahari, raja siang itu, akan masuk ke dalam peraduannya, ke balik Gunung Sibualbuali, yang menjadi watas dataran tinggi Sipirok yang bagus itu. Langit di sebelah barat pun merah kuning rupanya, dan sinar matahari yang turun itu nampaklah di atas puncak kayu yang tinggi-tinggi, indah rupanya, sebagai disepuh dengan emas juwita. Angin gunung yang lemah-lembut itu pun berembuslah, sedap dan nyaman rasanya bagi orang-orang kampung yang sedang di perjalanan kembali dari kebun kopi, yang terletak di lereng gunung dan bukit-bukit yang subur itu. Maka angin itu pun bertambahlah sedikit kerasnya, sehingga daun dan cabang-cabang kayu itu bergoyang-goyang perlahan-lahan sebagai menunjukkan kegirangannya, karena cahaya yang panas itu sudah bertukar dengan hawa yang sejuk dan nyaman rasanya. Batang padi yang tumbuh di sawah yang luas itu pun dibuai-buaikan angin, sebagai ombak yang berpalu-paluan di atas laut yang lebar; sawah yang seluas itu pun tiadalah ubahnya dengan lautan, sedang daun padi itu sebagai air yang hijau rupanya. Burung-burung pun beterbanganlah dari sana-sini, seraya berkumpul- kumpul di atas cabang beringin-beringin yang berdaun rimbun; masing-masing menyanyi memuji Tuhan",https://id.wikisource.org/wiki/Azab_dan_Sengsara/Bab_1,26589,CC BY-SA 4.0,human-public-corpus,,,,,false
human-v2-006,human,Fatwa Majelis Ulama Indonesia Nomor U-287 Tahun 2001,dokumen_sastra,wikisource,"NOMOR : U-287 TAHUN 2001 Bismillahirohmanirohimi Komisi Fatwa Majelis Ulama Indonesia, setelah : MENIMBANG : 1. Bahwa pornografi dan pornoaksi serta hal-hal lain yang sejenis akhir-akhir ini semakin merebak tanpa batas dan tersiar secara luas di tengah-tengah masyarakat, baik melalui media cetak dan elektronik, media komunikasi moderen, maupun dalam bentuk perbuatan nyata; 2. bahwa dalam pandangan ajaran Islam dan akal sehat, pornografi dan pornoaksi menimbulkan banyak dampak negatif bagi umat Islam khususnya, dan bangsa Indonesia pada umumnya, terutama generasi muda, baik terhadap perilaku, moral (akhlak), serta tatanan keluarga dan masyarakat beradab. 3. bahwa membiarkan pornografi dan pornoaksi serta hal-hal lain yang sejenis terus berkembang akan berakibat pada kehancuran bangsa dan karena itu, perlu segera dilakukan upaya-upaya penghentiannya. 4. bahwa oleh karena itu, Komisi Fatwa memandang perlu segera menetapkan fatwa tentang pornografi dan pornoaksi serta hal-hal lain terkait lainnya, untuk dijadikan pedoman. MENGINGAT : 1. Firman Allah SWT : ""Dan jangalah mendekati zina; sesungguhnya zina adalah syuatu perbuatan yang keji dan jalan yang buruk "" (QS. al-Isra' [16]: 32). 2. Firman Allah SWT (QS. an Nur [24]: 30-31) ; ""Katakankanlah kepada",https://id.wikisource.org/wiki/Fatwa_Majelis_Ulama_Indonesia_Nomor_U-287_Tahun_2001,25836,CC BY-SA 4.0,human-public-corpus,,,,,false
human-v2-007,human,"Keadilan, bukan Kemakmuran",dokumen_sastra,wikisource,"Majalah Tempo, 03 September 1977. IDE-IDE perlu diasah, dan tak cuma sekali. Lihatlah pengertian tentang ""keadilan sosial"". Beberapa puluh tahun kita selalu berbicara tentang hal ini. Kini bahkan ia diberi arah yang lebih jelas, dengan istilah ""perataan pendapatan"". Dan daya tariknya bukan main. Agaknya tidak ada seorang cendekiawan pun di Indonesia kini yang tidak berbicara untuk itu, dan tak ada seorang pejabat tinggi pemerintah pun yang terang-terangan bersedia menolaknya. Namun tidakkah di balik keramaian suara intelektual yang terdengar itu sebenarnya masih terasa kemiskinan intelektual? Ide-ide terlontar dengan sinar yang panas terang, tapi mungkin belum cukup terasah. Sudahkah kaum cendekiawan kita merasa jelas benar dengan konsep ""perataan pendapatan""? Adakah telah terjadi proses penajaman dan pencerahan dalam riwayat gagasan itu? Adakah ide itu bukan sekadar pengulangan dari hal yang kabur? Nampaknya kita masih memerlukan seorang Socrates yang pandai bertanya. Tradisi kuat dalam pemikiran sosial-politik di Indonesia—dengan atau tanpa kita baca Indonesia Political Thinking yang dihimpun oleh Lance Castle dan Herbert Feith—diwarnai oleh cita-cita tentang ""keadilan"". Mungkin benar bila seorang rekan pernah berkata bahwa dalam sejarah kita rakyat hanya mendambakan ""Ratu Adil"", dan","https://id.wikisource.org/wiki/Keadilan,_bukan_Kemakmuran",38150,CC BY-SA 4.0,human-public-corpus,,,,,false
human-v2-008,human,Konstitusi Jepang,dokumen_sastra,wikisource,"Kami, rakyat Jepang, yang bertindak melalui wakil-wakil kami yang dipilih secara resmi di Majelis Nasional, menetapkan bahwa kami akan mengamankan bagi diri kami sendiri dan keturunan kami hasil-hasil kerja sama damai dengan semua bangsa dan berkat-berkat kebebasan di seluruh negeri ini, dan memutuskan bahwa kami tidak akan pernah lagi dikunjungi dengan kengerian perang melalui tindakan pemerintah, menyatakan bahwa kekuasaan kedaulatan berada di tangan rakyat dan dengan tegas menetapkan Konstitusi ini. Pemerintah adalah kepercayaan suci rakyat, yang kewenangannya berasal dari rakyat, yang kekuasaannya dijalankan oleh para wakil rakyat, dan yang manfaatnya dinikmati oleh rakyat. Ini adalah prinsip universal umat manusia yang menjadi dasar Konstitusi ini. Kami menolak dan mencabut semua konstitusi, undang-undang, peraturan, dan reskrip yang bertentangan dengan ini. Kami, rakyat Jepang, mendambakan perdamaian sepanjang masa dan sangat menyadari cita-cita luhur yang mengatur hubungan antarmanusia, dan kami telah bertekad untuk menjaga keamanan dan eksistensi kami, dengan percaya pada keadilan dan keyakinan masyarakat yang cinta damai di dunia. Kami ingin menempati tempat terhormat dalam masyarakat internasional yang berjuang untuk menjaga perdamaian, dan menyingkirkan tirani dan perbudakan, penindasan dan intoleransi sepanjang masa dari",https://id.wikisource.org/wiki/Konstitusi_Jepang,243809,CC BY-SA 4.0,human-public-corpus,,,,,false
human-v2-009,human,Melihat ke Muka,dokumen_sastra,wikisource,"Rencana yang pertama dalam Persatuan Indonesia ini mempunyai sifat rencana ""pembuka"". Pembuka untuk segenap perbuatan, daya-upaya dan usaha, yang oleh Persatuan Indonesia akan disajikan di hadapan duli kita punya Ibu, yakni kita punya Tanah-Air, – sebagai suatu ""pendahuluan"" daripada segenap perbuatan dan fi'il yang akan ia sajikan di dalam kita punya perjoangan ke arah kemerdekaan Tanah-Air dan Bangsa. Bagaimanakah sifatnya kita punya perjoangan itu? Kita punya perjoangan pada hakekatnya ialah perjoangan Rokh; ia ialah perjoangan Semangat; ia ialah perjoangan Geest. Ia ialah suatu perjoangan yang dalam awalnya lebih dulu harus menaruh alas-alas dan sendi-sendinya tiap-tiap perbuatan dan usaha yang harus kita lakukan untuk mencapai kemerdekaan itu; alas-alas yang berupa Rokh-Merdeka dan Semangat-Merdeka, yang harus dan musti kita bangun-bangunkan, harus dan musti kita hidup-hidupkan dan kita bangkit-bangkitkan, bila­mana kita ingin akan berhasilnya perbuatan dan fi'il tahadi. Sebab selama Rokh dan Semangat ini belum bangun dan hidup dan bangkit, – selama Rokh dan Semangat yang berada di dalam hati-sanubari kita masih mati, selama Rokh itu masih Rokh perbudakan, – selama itu akan sia-sialah perbuatan dan usaha kita, ya, selama itu tak d",https://id.wikisource.org/wiki/Melihat_ke_Muka,44008,CC BY-SA 4.0,human-public-corpus,,,,,false
human-v2-010,human,Osamu Seirei Nomor 10 Tahoen 2603,dokumen_sastra,wikisource,"Osamu Seirei No. 10 Tentang mengoebah Osamu Seirei No. 6, tahoen 2603, tentang mengawasi oeroesan wesel didaerah Selatan jang didoedoeki Balatentera. Dalam pasal 1, Osamu Seirei No. 6, tahoen 2603, kata-kata „Burma dan Borneo-Oetara“ dioebah mendjadi „Burma, Borneo-Oetara dan Filipina“. Atoeran tambahan. Oendang-oendang ini moelai berlakoe pada hari dioemoemkan. Djakarta, tanggal 1, boelan 4, tahoen Syoowa 18 (2603) . Panglima Besar Balatentera Dai Nippon. Peringatan: 1) Berhoeboeng dengan peroebahan diatas itoe, maka dalam pasal 1 itoe djoega kata-kata „keempat daerah“ dioebah mendjadi „daerah-daerah“. 2) Kepala Osamu Seirei No. 6, tahoen 2603, jaitoe „Tentang mengawasi oeroesan wesel“ sebetoelnja haroes „Tentang mengawasi oeroesan wesel didaerah Selatan jang didoedoeki Balatentera“.",https://id.wikisource.org/wiki/Osamu_Seirei_Nomor_10_Tahoen_2603,302273,CC BY-SA 4.0,human-public-corpus,,,,,false
human-v2-011,human,Osamu Seirei Nomor 26 Tahoen 2605,dokumen_sastra,wikisource,"Osamu Seirei No. 26. Tentang hal-hal istimewa berhoeboeng dengan peratoeran tjoekai-tembakau. Pasal 1. Dalam pendjoealan etjeran barang tembakau jang ditetapkan oleh Zaimubutyoo, maka barang tembakau dalam boengkoesan „etjeran“ jang boleh didjoeal dengan tjara „ketengan“, ialah hanja barang tembakau jang ditetapkan oleh Zaimubutyoo. Pasal 2. Syuu Tabako Seizoogyo Kumiai jang ditetapkan oleh Zaimubutyoo (termasoek djoega Kooti- dan Tokubetu Si Tabako Seizoogyo Kumiai) boleh mewakili „Таbako Seizoosya“ (Pembikinan barang tembakau) jang djadi anggota Kumiai itoe dalam hal-hal jang dibawah ini, jaitoe jang haroes dilakoekan anggota itoe berhoeboeng dengan tjoekai-tembakau. Membajar tjoekai-tembakau; Memadjoekan permohonan oentock membeli pita tjoekai-tembakau atau menerima pita itoe. Atoeran tambahan. Oendang-oendang ini moelai berlakoe pada hari dioemoemkan. Djakarta, tanggal 12, boelan 6, tahoen Syoowa 20 (2605). Saikoo Sikikan",https://id.wikisource.org/wiki/Osamu_Seirei_Nomor_26_Tahoen_2605,302575,CC BY-SA 4.0,human-public-corpus,,,,,false
human-v2-012,human,Pandangan dan Langkah Partai Rakyat,dokumen_sastra,wikisource,"“Buruk baiknya partai, cerdas bodohnya partai, rajin malasnya tergantung pada sifat para anggotanya pula! Kepintaran, keyakinan dan ketabahan seluruhnya anggota partai pula”. “Hendaknya partai menjaga persatuan dengan menjaga kerukukan para anggotanya, ialah dengan jalan berterang-terangan, percaya-mempercayai, maaf-memaafkan, dan bantu-membantu satu sama lain.” Surat kepada Partai Rakyat Saudara Ki Bakri, Pak Has, Pak Was, Isa, Akoy (Adam), Rul, Mortir (ibu) dll. Kawan seperjuangan! Merdeka! Dengan sangat gembira saya mendengar kabar, bahwa Partai Rakyat (P.R.) akan membuka kongresnya yang pertama pada tanggal 10-11-12 Agustus. Permintaan buat membikin satu sambutan dan buat menentukan langkah di hari depan, saya coba penuhi dengan tulisan berkepala Pandangan dan Langkah Partai Rakyat. Tulisan itu saya kirim bersama ini. Harap saudara-saudara sekalian menerima dengan baik. Tulisan yang terdiri dari 23 halaman, terpaksa saya tulis dengan tergopoh-gopoh. Sebab kami menyangka-nyangka sewaktu-waktu bisa hinggap di tempat kami bertapa burung merpati, yang sanggup merpati itu singgah supaya jangan terbang dengan kaki atau sayap hampa. Untunglah pula Saudara Sukarni, yang dapat menurunkannya dengan cepat dan beres. Tulisan-tulisan yang tergesa-gesa itu mungkin sekali banyak mengandung kekurangan, karena sudah lama berpisah, kami kurang bisa",https://id.wikisource.org/wiki/Pandangan_dan_Langkah_Partai_Rakyat,246036,CC BY-SA 4.0,human-public-corpus,,,,,false
human-v2-013,human,Peraturan Daerah Kabupaten Ketapang Nomor 4 Tahun 2010,dokumen_sastra,wikisource,"PERATURAN DAERAH KABUPATEN KETAPANG NOMOR 4 TAHUN 2010 TENTANG PEMBENTUKAN PRODUK HUKUM DESA DENGAN RAHMAT TUHAN YANG MAHA ESA BUPATI KETAPANG Menimbang a. bahwa sebagai landasan hukum dalam penyelenggaraan pemerintahan dan pembangunan, peraturan perundang-undangan pada tingkat desa harus disusun dengan baik dan benar sesuai dengan kaidah hukum dan teknik penyusunan peraturan perundang-undangan, sehingga dapat memberikan kemanfaatan, keadilan, dan kepastian hukum; b. bahwa dalam rangka menciptakan tertib pembentukan peraturan perundang-undangan di desa yang sesuai dengan Undang-Undang Nomor 10 Tahun 2004 tentang Pembentukan Peraturan Perundang-undangan dan Peraturan Menteri Dalam Negeri Nomor 29 Tahun 2006 tentang Pedoman Pembentukan dan Mekanisme Penyusunan Peraturan Desa, maka Peraturan Daerah Nomor 14 Tahun 2000 tentang Peraturan Desa perlu diganti untuk disesuaikan kembali; c. bahwa berdasarkan pertimbangan sebagaimana dimaksud dalam huruf a dan huruf b, perlu membentuk Peraturan Daerah tentang Pembentukan Produk Hukum Desa. Mengingat : 1. Undang-Undang Nomor 27 Tahun 1959 tentang Penetapan Undang-Undang Nomor 3 Tahun 1953 tentang Pembentukan Daerah Tingkat II di Kalimantan (Lembaran Negara Republik Indonesia Tahun 1953 Nomor 9, Tambahan Lembaran Negara Republik Indonesia Nomor 352) sebagai Undang-Undang (Lembaran Negara Republik Indonesia Tahun",https://id.wikisource.org/wiki/Peraturan_Daerah_Kabupaten_Ketapang_Nomor_4_Tahun_2010,43896,CC BY-SA 4.0,human-public-corpus,,,,,false
human-v2-014,human,Peraturan Mahkamah Agung Republik Indonesia Nomor 2 Tahun 2003,dokumen_sastra,wikisource,"PERATURAN MAHKAMAH AGUNG REPUBLIK INDONESIA Nomor : 02 Tahun 2003 TENTANG PROSEDUR MEDIASI DI PENGADILAN MAHKAMAH AGUNG REPUBLIK INDONESIA Menimbang a. bahwa pengintegrasian mediasi ke dalam proses beracara di pengadilan dapat menjadi salah satu instrumen efektif mengatasi kemungkinan penumpukan perkara di pengadilan. b. bahwa mediasi merupakan salah satu proses lebih cepat dan murah, serta dapat mernberikan akses kepada para pihak yang bersengketa untuk memperoleh keadilan atau penyelesaian yang memuaskan atas sengketa yang dihadapi; c. bahwa institusionalisasi proses mediasi ke dalam sistem peradilan dapat memperkuat dan memaksimalkan fungsi lembaga pengadilan dalam penyelesaian sengketa disamping proses pengadilan yang bersifat memutus (ajudikatif); d. bahwa Surat Edaran No. 1 tahun 2002 tentang Pemberdayaan Pengadilan Tingkat Pertama Menerapkan Lembaga Damai (Eks Pasal 130 HIR/154 RBg) belum lengkap, sehingga perlu disempurnakan; e. bahwa hukum acara yang berlaku, baik Pasal 130 HIR maupun Pasal 154 RBg, rnendorong para pihak untuk menempuh proses perdamaian yang dapat diintensifkan dengan cara mengintegrasikan proses mediasi ke dalam prosedur berperkara di pengadilan tingkat pertama; f. bahwa sambil menunggu peraturan perundang-undangan dan memperhatikan wewenang Mahkamah Agung dalam mengatur acara peradilan yang belum cukup",https://id.wikisource.org/wiki/Peraturan_Mahkamah_Agung_Republik_Indonesia_Nomor_2_Tahun_2003,25905,CC BY-SA 4.0,human-public-corpus,,,,,false
human-v2-015,human,Peraturan Pemerintah Republik Indonesia Nomor 17 Tahun 1984,dokumen_sastra,wikisource,"PERATURAN PEMERINTAH REPUBLIK INDONESIA NOMOR 17 TAHUN 1984 TENTANG PENAMBAHAN PENYERTAAN MODAL NEGARA REPUBLIK INDONESIA KE DALAM MODAL SAHAM PERUSAHAAN PERSEROAN (PERSERO) PT. INDUSTRI SANDANG II PRESIDEN REPUBLIK INDONESIA, Menimbang: a. bahwa berdasarkan Keputusan Presiden Nomor 14 Tahun 1983, enam unit pabrik Perusahaan Daerah Sandang Jawa Tengah yang terdiri dari unit Pabrik Pemintalan Cilacap, unit Pabrik Pemintalan Jantra Semarang, unit Pabrik Tekstil Terpadu Texin Tegal, unit Pabrik Tenun Infitex Ceper, unit Pabrik Tenun Muriatex Kudus, dan unit Pabrik Penyamakan Kulit Mertoyu dan Magelang, yang berkantor pusat di Semarang, berikut tanah dan bangunan di atasnya serta seluruh kekayaan lain yang dimilikinya telah ditarik kembali oleh Pemerintah Pusat dari Pemerintah Daerah Tingkat I Jawa Tengah; b. bahwa untuk meningkatkan dan mengembangkan kembali kemampuan keenam unit Pabrik Perusahaan Daerah Sandang Jawa Tengah tersebut, dipandang perlu menggabungkan keenam unit pabrik beserta seluruh kekayaannya dengan kegiatan usaha Perusahaan Perseroan (PERSERO) PT. Industri Sandang II, sebagai penambahan penyertaan modal Negara Republik Indonesia ke dalam modal saham Perusahaan Perseroan (PERSERO) PT. Industri Sandang II; c. bahwa penambahan penyertaan modal Negara Republik Indonesia ke dalam Modal Saham Perusahaan",https://id.wikisource.org/wiki/Peraturan_Pemerintah_Republik_Indonesia_Nomor_17_Tahun_1984,28959,CC BY-SA 4.0,human-public-corpus,,,,,false
human-v2-016,human,Perbedaan Asas Sosial-Demokrat dan Komunis,dokumen_sastra,wikisource,"Sebagaimana sudah kita tulis di Fikiran Ra’jat nomor percontohan tentang sebab-sebabnya kemelaratan yang diderita oleh kaum Buruh ialah stelsel kapitalisme itu, maka di nomor ini kita akan terangkan bahwa di antara beberapa cara untuk melenyapkan stelsel kapitalisme atau kapital itu terutama dua cara yang perlu kita ketahui. Kedua faham dan cara yang mempunyai pengikut berjuta-juta kaum buruh ialah faham kaum sosial-demokrat dan fahamnya kaum komunis. Banyak aliran-aliran lain yang juga berdasarkan ilmu sosialisme, aliran-aliran yang menentang kapitalisme dan imperialisme. Tetapi oleh karena lain-lain aliran sosialistis itu tidak begitu besar artinya di dalam perjuangan kaum buruh untuk menuntut perbaikan nasibnya, maka kita hanya mengupas sosial-demokrat dan komunis saja, kedua faham yang di dunia politik Indonesia umumnya tidak asing lagi. Kedua faham atau isme ini di dalam hakikatnya tidak mengandung perbedaan satu sama lain, oleh karena kedua isme ini berdiri di atas faham sosialisme atau lebih tegas lagi: berdiri di atas faham Marxisme. Kedua faham adalah mengaku menjadi pengikut Marx. Sebagaimana kapitalisme sendiri adalah sebuah faham yang mempunyai beberapa aliran, aliran-aliran mana mempunyai isme-isme sendiri yang semuanya itu bersendar di atas faham",https://id.wikisource.org/wiki/Perbedaan_Asas_Sosial-Demokrat_dan_Komunis,26572,CC BY-SA 4.0,human-public-corpus,,,,,false
human-v2-017,human,Pidato Politik Liem Koen Hian: Darah Tionghoa,dokumen_sastra,wikisource,"Tatkala tiga taon doeloe kita oetaraken haloean Indonesier boeat Tionghoa peranakan, kita telah dapet matjem² bantahan, djoega dan kebanjakan dari orang² jang sebetoelnja tida berhak boeat toeroet batjaraken itoe hal, dari sebab mereka terlaloe tida poenja pengetahoean boeat boleh toeroet bitjaraken soal² itoe. Terlaloe banjak alesan² bodoh dan menoendjoeken tida adanja pengetahoean, telah dimadjoeken oleh mereka, jang maoenja dianggep sebage pendekar dan pembela dari bangsa Tionghoa di Indonesia jang lagi maoe di bikin tjilaka. Oepamanja antara laen² ada orang jang bilang, kaloe peranakan djadi Indonesier, mareka aken moesti anoet djoega igama Islam. Terpisah dari pertanjaan apa tida lebih baek peranakan peloek igama Islam sebaliknja dari pada seperti sekarang tida poenja igama sama sekali atawa tida karoean igamanja. Terpisah dari itoe pertanjaan, haroeslah dibilang, sekarang boekan lagi waktoenja boeat satoe negri paksa rahajatnja, sekalipoen ambtenaar² tida lagi dipaksa peloek igama jang disoeka oleh negri atawa pemerentah. Sekarang di mana-mana negri pemerentah tinggal neutral dalem oeroesan igama, mengertinja tida toeroet menjataken lebih soeka sama igama jang ini dari pada jang laen. Tapi lebih penting dari pada sekalian pertimbangan laen, adalah halnja di",https://id.wikisource.org/wiki/Pidato_Politik_Liem_Koen_Hian:_Darah_Tionghoa,26601,CC BY-SA 4.0,human-public-corpus,,,,,false
human-v2-018,human,Pidato Susilo Bambang Yudhoyono 27 Januari 2006,dokumen_sastra,wikisource,"Transkripsi Sambutan Presiden Republik Indonesia Pada Acara Peresmian Pabrik Perakitan Yamaha Motor Indonesia Kerawang Jawa Barat, 27 Januari 2006 Bismillahirrahmanirrahim, Assalamu’alaikum warahmatullahi wabarakatuh, Selamat pagi, Salam sejahtera untuk kita semua, Yang saya hormati, Menteri Perindustrian Republik Indonesia, Saudara Fahmi Idris, Yang saya hormati, Duta Besar Jepang untuk Indonesia Mr. Yutaka Imura, Yang saya hormati, Saudara Gubernur Jawa Barat, Bupati Kerawang dan para Pimpinan dan Pejabat Daerah, baik dari unsur eksekutif, legislatif, dan yudikatif, maupun TNI dan Polri, The honorable President of Yamaha Motor Company, Mr. Hasegawa, The President Director of Yamaha Motor Manufacturing West Java, Mr. Takahasi, Para Pengusaha, Keluarga Besar, the Big Family of Yamaha Motor Company, Hadirin sekalian yang saya hormati, Saya akan menyampaikan sambutan saya, pada prinsipnya dalam bahasa Indonesia. Tapi, di sana, sini saya akan menggunakan bahasa Inggris, untuk para tamu kita, baik dari Jepang maupun tamu asing lainnya. Allow me to speak in bahasa Indonesia, but for the benefit of our guest, the big family of Yamaha, and other expatriate, I will also speak in English, to clarify and blast with what I’m saying to",https://id.wikisource.org/wiki/Pidato_Susilo_Bambang_Yudhoyono_27_Januari_2006,26578,CC BY-SA 4.0,human-public-corpus,,,,,false
human-v2-019,human,Pidato Susilo Bambang Yudhoyono 30 Januari 2006,dokumen_sastra,wikisource,"Sambutan Presiden Republik Indonesia Pada Peringatan 1 Muharam 1427 H/1 Suro 1939 Jawa Di Taman Mini Indonesia Indah, Jakarta Tanggal 30 Januari 2006 Bismillahirahmannirrahim Assalaamu’alaikum warahmatullaahi wabarakaatuh Yang saya hormati para pimpinan Lembaga-Lembaga Negara, Saudara Menteri Agama dan para Menteri Kabinet Indonesia Bersatu, Yang mulia para Duta Besar Negara-negara sahabat, Saudara Gubernur DKI Jakarta, Saudara Pimpinan Taman Mini Indonesia Indah, Yang saya cintai dan saya muliakan para Ulama, para Kyai, para Da’i, Saudara-saudara, Hadirin hadirot yang dimuliakan Allah Subhaanahu wa Ta’ala. Marilah kita memanjatkan puji dan syukur ke hadirat Allah Subhaanahu wa Ta’ala yang telah memberikan rahmat dan karunianya kepada kita sekalian, semoga Allah Subhaanahu wa Ta’ala senantiasa memberikan bimbingan petunjuk dan perlindunganNya. Shalawat dan Salam kita marilah kita sama-sama haturkan kepada junjungan kita Nabi Besar Muhammad shallallahu ‘alaihi wasallam beserta para keluarga, sahabat, dan pengikut-pengikut beliau sampai akhir zaman. Pada kesempatan yang membahagiakan ini, saya ingin mengajak saudara-saudara sekalian untuk memahami dan memaknai hijrah sebagai teladan bagi kita dalam membangun kehidupan bangsa Indonesia menuju masa depan yang lebih baik, peringatan tahun baru 1427 hijriah pada malam ini saya anggap",https://id.wikisource.org/wiki/Pidato_Susilo_Bambang_Yudhoyono_30_Januari_2006,26579,CC BY-SA 4.0,human-public-corpus,,,,,false
human-v2-020,human,Reglemen Acara Perdata/Buku Pertama/Bab I/Bagian 2,dokumen_sastra,wikisource,"Pasal 22. Sidang-sidang pengadilan diadakan secara terbuka menurut ketentuanketentuan dalam pasal 29 RO (Susunan Kehakiman dan Kebijaksanaan Mengadili). Ketentuan-ketentuan dalam Bab XII Peraturan Hukum Acara Pidana untuk R.v.J. di Jawa dan sebagainya berlaku dalam hal ini. (Rv. 283, 837, 841; Sv. 254 dst.; IR. 373; RB9. 701.) Pasal 23. (s.d.u. dg. S. 1908-522.) Pengacara penggugat mencatatkan dalam daftar sidang giliran (rol) paling lambat satu hari sebelum hari sidang yang ditentukan dalam gugatan atau yang diajukan menurut pasal 107. Jika dalam perkara-perkara yang pemberitahuan gugatannya dilakukan dalam waktu pendek sehingga ia tidak akan dapat memenuhi ketentuan ini, maka ia secepat mungkin mendaftarkan perkara tersebut. Semua perkara, termasuk perkara-perkara mengenai perniagaan, dicatat dalam rol (daftar giliran sidang) menurut waktu mencatatnya dengan menyebut nama pihak-pihak serta pengacara-pengacaranya. (Rv. 111, 943.) Pasal 24. Pada hari yang telah ditentukan jurusita memanggil para pihak yang berperkara menurut urutan yang tercantum dalam daftar giliran sidang. panitera untuk tiap-tiap persidangan menyerahkan suatu kutipan daftar sidang giliran yang berisi perkara-perkara yang akan diperiksa kepada juru sita. Kutipan-kutipan semacam itu juga diserahkan kepada ketua raad van justitie sehari sebelum hari",https://id.wikisource.org/wiki/Reglemen_Acara_Perdata/Buku_Pertama/Bab_I/Bagian_2,16493,CC BY-SA 4.0,human-public-corpus,,,,,false
human-v2-021,human,Reglemen Acara Perdata/Buku Pertama/Bab II/Bagian 11,dokumen_sastra,wikisource,"Bagian 11. Gugatan Balik (Rekonpensi). Pasal 244. Tergugat berhak untuk mengajukan gugatan balik (rekonpensi) dalam semua perkara, kecuali : 10. bila penggugat asli (konpensi) bertindak dalam suatu kedudukan tugas, sedangkan gugatan balik itu mengenai pribadi penggugat atau sebaliknya; (KUHPerd. 383, 452, 1655 dst.) 20. bila hakim yang memeriksa perkara gugatan asal tiddk berwenang untuk mengadili gugatan balik dalam hubungan dengan pokok perkaranya; (ISR. 136; Rv. 99, 130, 132 dst., 310.) 30. dalam perkara-perkara tentang hak menguasai (bezit), jika gugatan balik mengenai hak milik atas benda yang bersangkutan sendiri (petitoir); (Rv. 103 dst.) 40. dalam perkara perselisihan mengenai pelaksanaan suatu putusan (Rv. 183,442.) Jikalau dalam tingkat pertama tidak diajukan gugatan balik, maka hal itu tidak dapat diajukan dalam tingkat banding. (KUHPerd. 1425 dst.; WV. 134, 344, 349.) Pasal 245. Gugatan balik harus segera diajukan bersama dengan jawaban terhadap penggugat. (Rv. 243.) Pasal 246. Perkara-perkara gugatan asal dan gugatan baliknya diselesaikan dan diputus bersama-sama dalam satu surat keputusan kecuali jika hakim berpendapat bahwa yang satu dapat diselesaikan lebih dulu dari yang lain tetapi dengan ketentuan, bahwa gugatan asal atau gugatan balik yang",https://id.wikisource.org/wiki/Reglemen_Acara_Perdata/Buku_Pertama/Bab_II/Bagian_11,16506,CC BY-SA 4.0,human-public-corpus,,,,,false
human-v2-022,human,Reglemen Acara Perdata/Buku Pertama/Bab II/Bagian 7,dokumen_sastra,wikisource,"Bagian 7. Pemeriksaan Di Tempat Dan Penyaksiannya. Pasal 211. Jika hakim atas permintaan para pihak atau karena jabatan memandang perlu, maka dengan surat putusan dapat diperintahkan agar seorang atau lebih para anggota yang duduk dalam majelis, disertai oleh panitera, datang di tempat yang harus diperiksa untuk menilai keadaan setempat dan membuat akta pendapatnya, baik dilakukan sendiri maupun dengan dibantu oleh ahli-ahli. (s.d.u. dgS. 1908-522.) Dengan cara dan maksud yang sama dapat diperintahkan dengan suatu putusan, penyaksian benda-benda bergerak yang tidak dapat atau sukar untuk diajukan ke depan sidang pengadilan. (s.d.u. dg S. 1908-522.) Putusan itu menentukan waktu pemeriksaan di tempat atau waktu dan tempat peninauan, tenggang waktu, bilamana berita acara seperti tersebut dalam pasal 212 harus disediakan di kepaniteraan, dan menentukan waktu dilakukannya persidangan bagi para pihak untuk melanjutkan perkumya. (Rv. 48, 499; JR. 153; Rbg. 180.) Pasal 212. (s.d.u. dgS. 1908-522.) Panitera membuat berita acara tentang semua hal yang terjadi di tempat dilakukan pemeriksaan. (Rv. 21 1; JR. 153; RBg. 180.) Pasal 213. (sd.u. dg S. 1908-522.) Jika pemeriksaan setempat atau penyaksian harus dilakukan dalam wilayah hukum suatu pengadilan,",https://id.wikisource.org/wiki/Reglemen_Acara_Perdata/Buku_Pertama/Bab_II/Bagian_7,16502,CC BY-SA 4.0,human-public-corpus,,,,,false
human-v2-023,human,Rencana Ekonomi Berjuang/Bab3,dokumen_sastra,wikisource,"DENMAS : Kalau kulihat sepintas lalu, mesin itu “celaka 13” buat masyarakat manusia. Kuakui penuh bahwa mesin itu banyak membawa kemajuan. Banyak sekali, tak perlu kusebutkan semuanya. Ingatlah saja kelaparan di satu daerah terpencil dan kurus tanahnya bisa ditolong dengan cepat. Karena kapal atau kereta api dengan segera bisa mengangkut makanan dan obat ke tempat yang ditimpa marabahaya. Persatuan dari beberapa bangsa yang dulunya tak kenal- mengenal satu sama lain atau bermusuh-musuhan bisa ditimbulkan atau ditambah-tambah. Tetapi bukankah pula majunya mesin mempercepat datangnya dan memperdalam hebatnya KRISIS? Selain dari itu memperbanyak korban manusia dalam peperangan? Perhatikan sajalah akibat bom atom dan mortir, bom dan peluru Inggris di kota Surabaya kita ini. Tidakkah lebih aman masyarakat berdasarkan tenaga belaka? Bukankah pula menurut angka-angka Marx tadi modal f 50,00 ditaruhkan pada modal-tetap untungnya lebih besar daripada modal f 90,00 modal tetapnya? Yang pertama mendapat untung f 25,00, yang kedua cuma f 5,00 kalau persennya sama-sama 50% dan jumlah modal f 100,00. MR. APAL : Sekarang Denmas, baiklah saya yang menjawab. Tak kusangka engkau makan dalam begitu! Memang “tenang itu menghancurkan” kata pepatah",https://id.wikisource.org/wiki/Rencana_Ekonomi_Berjuang/Bab3,53906,CC BY-SA 4.0,human-public-corpus,,,,,false
human-v2-024,human,Situasi Politik Luar dan Dalam Negeri,dokumen_sastra,wikisource,"Lebih dahulu saya minta pada saudara sekalian sekejap berdiri, memperingati arwahnya rakyat dan pahlawan Indonesia, yang sudah meninggalkan kita dalam perjuangan yang maha dahsyat ini, dan memberikan warisan kepada kita supaya meneruskan pekerjaanya. Pokok pembicaraan sekarang ialah: situasi politik luar dan dalam Indonesia. Saudara sekalian! Jikalau kita mau menanam satu pohon, maka lebih dahulu kita cari bibit yang bagus, tanah yang cocok dan hawa yang sesuai. Bibit yang sebaik-baiknya pun kalau tidak disertai oleh tanah yang cocok dan iklim yang sesuai, tidak akan tumbuh menjadi pohon. Demikian juga haluan kita! Kalau haluan itu tidak cocok dengan keadaan di dalam dan di luar maka ia akan patah di tengah jalan atau gagal sama sekali. Haluan kita serta cara kita bekerja, mesti kita ukur dengan kekuatan kita, baik dari dalam ataupun dari luar. Kemudian keadaan luar dan dalam itu kita cocokkan dengan haluan kita; yaitu: kemerdekaan. Demikianlah kita membentuk persatuan yang kita butuhkan dan organisasi yang cocok dengan keadaan di dalam dan di luar negeri. Apabila organisasi kita, persatuan kita dan haluan kita sudah cocok dengan keadaan di dalam dan di luar",https://id.wikisource.org/wiki/Situasi_Politik_Luar_dan_Dalam_Negeri,53945,CC BY-SA 4.0,human-public-corpus,,,,,false
human-v2-025,human,Undang-Undang Republik Indonesia Nomor 18 Tahun 2000,dokumen_sastra,wikisource,"UNDANG-UNDANG REPUBLIK INDONESIA NOMOR 18 TAHUN 2000 TENTANG PERUBAHAN KEDUA ATAS UNDANG-UNDANG NOMOR 8 TAHUN 1983 TENTANG PAJAK PERTAMBAHAN NILAI BARANG DAN JASA DAN PAJAK PENJUALAN ATAS BARANG MEWAH DENGAN RAHMAT TUHAN YANG MAHA ESA PRESIDEN REPUBLIK INDONESIA, Menimbang : bahwa dalam rangka lebih meningkatkan kepastian hukum dan keadilan, serta menciptakan sistem perpajakan yang sederhana dengan tanpa mengabaikan pengawasan dan pengamanan penerimaan negara agar pembangunan nasional dapat dilaksanakan secara mandiri, perlu dilakukan perubahan terhadap Undang-Undang Nomor 8 Tahun 1983 tentang Pajak Pertambahan Nilai Barang dan Jasa dan Pajak Penjualan Atas Barang Mewah sebagaimana telah diubah dengan Undang-undang Nomor 11 Tahun 1994; Mengingat : 1. Pasal 5 ayat (1), Pasal 20 ayat (2), dan Pasal 23 ayat (2) Undang-Undang Dasar Negara Republik Indonesia Tahun 1945 sebagaimana telah diubah dengan Perubahan Pertama Tahun 1999; 2. Undang-Undang Nomor 6 Tahun 1983 tentang Ketentuan Umum dan Tata Cara Perpajakan (Lembaran Negara Republik Indonesia Tahun 1983 Nomor 49, Tambahan Lembaran Negara Nomor 3262) sebagaimana telah diubah terakhir dengan Undang-Undang Nomor 16 Tahun 2000 (Lembaran Negara Republik Indonesia Tahun 2000 Nomor 126, Tambahan Lembaran Negara Nomor",https://id.wikisource.org/wiki/Undang-Undang_Republik_Indonesia_Nomor_18_Tahun_2000,9188,CC BY-SA 4.0,human-public-corpus,,,,,false
human-v2-026,human,Undang-Undang Republik Indonesia Nomor 20 Tahun 1997,dokumen_sastra,wikisource,"UNDANG-UNDANG REPUBLIK INDONESIA NOMOR 20 TAHUN 1997 TENTANG PENERIMAAN NEGARA BUKAN PAJAK DENGAN RAHMAT TUHAN YANG MAHA ESA PRESIDEN REPUBLIK INDONESIA, Menimbang : a. bahwa pelaksanaan tugas dan fungsi Pemerintah dalam pelayanan, pengaturan, dan perlindungan masyarakat, pengelolaan kekayaan Negara, serta pemanfaatan sumber daya alam dalam rangka pencapaian tujuan nasional sebagaimana termaktub dalam Undang-Undang Dasar 1945, dapat mewujudkan suatu bentuk Penerimaan Negara yang disebut sebagai Penerimaan Negara Bukan Pajak; b. bahwa penyelenggaraan dan pengelolaan Penerimaan Negara Bukan Pajak yang tertuang dalam dalam peraturan dan ketentuan pelaksanaan yang berlaku selama ini belum sepenuhnya mencerminkan kepastian hukum dan ketertiban administrasi keuangan Negara; c. bahwa dalam rangka meningkatkan efisiensi perekonomian dan keuangan Negara serta untuk memberikan kepastian peranan dan wewenang Pemerintah dalam melaksanakan penyelenggaraan dan pengelolaan Penerimaan Negara Bukan Pajak, maka dipandang perlu melakukan penyempurnaan pengaturan Penerimaan Negara Bukan Pajak; d. bahwa berdasarkan pertimbangan tersebut pada huruf a, huruf b, dan huruf c, perlu dibentuk Undang-undang tentang Penerimaan Negara Bukan Pajak. Mengingat : 1. Pasal 5 ayat (1) dan Pasal 20 ayat (1), Pasal 23 ayat (2), Undang- undang Dasar 1945; 2. Indische Comptabiliteitswet",https://id.wikisource.org/wiki/Undang-Undang_Republik_Indonesia_Nomor_20_Tahun_1997,9128,CC BY-SA 4.0,human-public-corpus,,,,,false
human-v2-027,human,Undang-Undang Republik Indonesia Nomor 25 Tahun 2003,dokumen_sastra,wikisource,"UNDANG-UNDANG REPUBLIK INDONESIA NOMOR 25 TAHUN 2003 TENTANG PERUBAHAN ATAS UNDANG-UNDANG NOMOR 15 TAHUN 2002 TENTANG TINDAK PIDANA PENCUCIAN UANG DENGAN RAHMAT TUHAN YANG MAHA ESA PRESIDEN REPUBLIK INDONESIA, Menimbang : a. bahwa agar upaya pencegahan dan pemberantasan tindak pidana pencucian uang dapat berjalan secara efektif, maka Undang-Undang Nomor 15 Tahun 2002 tentang Tindak Pidana Pencucian Uang perlu disesuaikan dengan perkembangan hukum pidana tentang pencucian uang dan standar internasional; b. bahwa berdasarkan pertimbangan sebagaimana dimaksud dalam huruf a, perlu mengubah Undang - Undang Nomor 15 Tahun 2002 tentang Tindak Pidana Pencucian Uang; Mengingat : 1. Pasal 5 ayat (1) dan Pasal 20 Undang-Undang Dasar Negara Republik Indonesia Tahun 1945; 2. Undang-Undang Nomor 15 Tahun 2002 tentang Tindak Pidana Pencucian Uang (Lembaran Negara Republik Indonesia Tahun 2002 Nomor 30, Tambahan Lembaran Negara Republik Indonesia Nomor 4191); Dengan Persetujuan Bersama DEWAN PERWAKILAN RAKYAT REPUBLIK INDONESIA dan PRESIDEN REPUBLIK INDONESIA MEMUTUSKAN : Menetapkan : UNDANG-UNDANG TENTANG PERUBAHAN ATAS UNDANG-UNDANG NOMOR 15 TAHUN 2002 TENTANG TINDAK PIDANA PENCUCIAN UANG. Pasal I Beberapa ketentuan dalam Undang-Undang Nomor 15 Tahun 2002 tentang Tindak Pidana Pencucian Uang",https://id.wikisource.org/wiki/Undang-Undang_Republik_Indonesia_Nomor_25_Tahun_2003,8699,CC BY-SA 4.0,human-public-corpus,,,,,false
human-v2-028,human,Undang-Undang Republik Indonesia Nomor 29 Tahun 1999,dokumen_sastra,wikisource,"UNDANG-UNDANG REPUBLIK INDONESIA NOMOR 29 TAHUN 1999 TENTANG PENGESAHAN INTERNATIONAL CONVENTION ON THE ELIMINATION OF ALL FORMS OF RACIAL DISCRIMINATION 1965 (KONVENSI INTERNASIONAL TENTANG PENGHAPUSAN SEGALA BENTUK DISKRIMINASI RASIAL 1965) DENGAN RAHMAT TUHAN YANG MAHA ESA PRESIDEN REPUBLIK INDONESIA, Menimbang : bahwa negara Republik Indonesia yang berdasarkan Pancasila dan Undang-Undang Dasar 1945 adalah negara hukum yang menjunjung tinggi harkat dan martabat manusia serta menjamin semua warga negara bersamaan kedudukannya di dalam hukum, sehingga segala bentuk diskriminasi rasial harus dicegah dan dilarang; bahwa bangsa Indonesia sebagai bagian masyarakat internasional menghormati, menghargai, dan menjunjung tinggi prinsip dan tujuan Piagam Perserikatan Bangsa Bangsa serta Deklarasi Universal Hak-hak Asasi Manusia; bahwa Majelis Umum Perserikatan Bangsa Bangsa dalam sidangnya pada tanggal 21 Desember 1965 telah menerima secara baik International Convention on the Elimination of All Forms of Racial Discrimination (Konvensi Internasional tentang Penghapusan Segala Bentuk Diskriminasi Rasial) dengan Resolusi 2106A (XX); bahwa Konvensi tersebut pada huruf c mengatur penghapusan segala bentuk pembedaan, pengucilan, pembatasan atau preferensi yang didasarkan pada ras, warna kulit, keturunan, asal-usul kebangsaan atau etnis yang mempunyai tujuan atau akibat meniadakan atau menghalangi",https://id.wikisource.org/wiki/Undang-Undang_Republik_Indonesia_Nomor_29_Tahun_1999,11431,CC BY-SA 4.0,human-public-corpus,,,,,false
human-v2-029,human,Undang-Undang Republik Indonesia Nomor 30 Tahun 2007,dokumen_sastra,wikisource,"UNDANG-UNDANG REPUBLIK INDONESIA NOMOR 30 TAHUN 2007 TENTANG E N E R G I DENGAN RAHMAT TUHAN YANG MAHA ESA PRESIDEN REPUBLIK INDONESIA, Menimbang : a. bahwa sumber daya energi merupakan kekayaan alam sebagaimana diamanatkan dalam Pasal 33 Undang-Undang Dasar Negara Republik Indonesia Tahun 1945 dikuasai negara dan dipergunakan untuk sebesar-besarnya kemakmuran rakyat; b. bahwa peranan energi sangat penting artinya bagi peningkatan kegiatan ekonomi dan ketahanan nasional, sehingga pengelolaan energi yang meliputi penyediaan, pemanfaatan, dan pengusahaannya harus dilaksanakan secara berkeadilan, berkelanjutan, optimal, dan terpadu; c. bahwa cadangan sumber daya energi tak terbarukan terbatas, maka perlu adanya kegiatan penganekaragaman sumber daya energi agar ketersediaan energi terjamin; d. bahwa berdasarkan pertimbangan sebagaimana dimaksud dalam huruf a, huruf b, dan huruf c perlu membentuk Undang-Undang tentang Energi; Mengingat : Pasal 5 ayat (1), Pasal 20, Pasal 21, dan Pasal 33 Undang- Undang Dasar Negara Republik Indonesia Tahun 1945; Dengan . . . Dengan Persetujuan Bersama DEWAN PERWAKILAN RAKYAT REPUBLIK INDONESIA, dan PRESIDEN REPUBLIK INDONESIA MEMUTUSKAN : Menetapkan : UNDANG-UNDANG TENTANG ENERGI BAB I KETENTUAN UMUM Pasal 1 Dalam Undang-Undang ini yang dimaksud dengan",https://id.wikisource.org/wiki/Undang-Undang_Republik_Indonesia_Nomor_30_Tahun_2007,14500,CC BY-SA 4.0,human-public-corpus,,,,,false
human-v2-030,human,Undang-Undang Republik Indonesia Nomor 6 Tahun 1954,dokumen_sastra,wikisource,"Undang-Undang Nomor 6 Tahun 1954 TENTANG PENETAPAN HAK ANGKET DEWAN PERWAKILAN RAKYAT Presiden Republik Indonesia, Menimbang : bahwa hak Dewan Perwakilan Rakyat untuk mengadakan penyelidikan (angket) perlu diatur dengan undang-undang; Mengingat: pasal 70 dan pasal 90 ayat 2 jo. 89 Undang-undang Dasar Sementara Republik Indonesia; Dengan persetujuan Dewan Perwakilan Rakyat: MEMUTUSKAN: Menetapkan : UNDANG-UNDANG TENTANG HAK ANGKET DEWAN PERWAKILAN RAKYAT. Pasal 1 (1) Usul untuk mengadakan angket dimajukan dengan tertulis oleh sekurang-kurangnya 10 orang anggota Dewan Perwakilan Rakyat. (2) Putusan untuk mengadakan angket diambil dalam suatu rapat terbuka Dewan Perwakilan Rakyat, yang diadakan sesudah usul itu dibicarakan dalam seksi atau seksi-seksi yang bersangkutan, dan putusan itu memuat perumusan yang teliti tentang hal yang akan diselidiki. Pasal 2 (1) Putusan selengkapnya, termaksud pada ayat 2 pasal 1 diumumkan dengan resmi dalam Berita Negara, sesuai dengan risalah Dewan Perwakilan Rakyat yang bersangkutan. (2) Nama-nama anggota yang diangkat dalam suatu Panitia Angket dan jumlah anggota sekurangkurangnya, yang berhak melakukan pemeriksaan-pemeriksaan juga diumumkan sesuai dengan risalah Dewan Perwakilan Rakyat tersebut. (3) Pengluasan tambahan atau penggantian anggota-anggota Panitia Angket begitu juga pembubarannya diumumkan dengan cara",https://id.wikisource.org/wiki/Undang-Undang_Republik_Indonesia_Nomor_6_Tahun_1954,44694,CC BY-SA 4.0,human-public-corpus,,,,,false
human-v2-031,human,Undang-Undang Republik Indonesia Nomor 8 Tahun 1981/Bab XVI/Bagian Kesatu,dokumen_sastra,wikisource,"BAB XVI PEMERIKSAAN DI SIDANG PENGADILAN Bagian Kesatu Panggilan dan Dakwaan Pasal 145 (1) Pemberitahuan untuk datang ke sidang pengadilan dilakukan Secara sah, apabila disampaikan dengan surat panggilan kepada terdakwa di alamat tempat tinggalnya atau apabila tempat tinggalnya tidak diketahui, disampaikan di tempat kediaman terakhir. (2) Apabila terdakwa tidak ada di tempat tinggalnya atau ditempat kediaman terakhir, surat panggilan disampaikan melalui kepala desa yang berdaerah hukum tempat tinggal terdakwa atau tempat kediaman terakhir. (3) Dalam hal terdakwa ada dalam tahanan surat panggilan disampaikan kepadanya melalui pejabat rumah tahanan negara. (4) Penerimaan surat panggilan oleh terdakwa sendiri ataupun oleh orarig lain atau melalui orang lain, dilakukan dengan tanda penerimaan. (5) Apabila tempat tinggal maupun tempat kediaman terakhir tidak dikenal, surat panggilan ditempelkan pada tempat pengumuman di gedung pengadilan yang berwenang mengadili perkaranya. Pasal 146 (1) Penuntut umum menyampaikan surat panggilan kepada terdakwa yang memuat tanggal, hari, serta jam sidang dan untuk perkara apa ia dipanggil yang harus sudah diterima oleh yang bersangkutan selambat-lambatnya tiga hari sebelum sidang dimulai. (2) Penuntut umum menyampaikan surat panggilan kepada saksi yang memuat tanggal, hari serta",https://id.wikisource.org/wiki/Undang-Undang_Republik_Indonesia_Nomor_8_Tahun_1981/Bab_XVI/Bagian_Kesatu,9423,CC BY-SA 4.0,human-public-corpus,,,,,false
human-v2-032,human,Upaya Pemerintah dalam Pencegahan dan Penanganan Krisis/Bab V,dokumen_sastra,wikisource,"KSSK tidak memiliki pilihan yang banyak dalam pengambilan kebijakan pada saat menghadapi ancaman krisis 2008. Berbagai data mikro maupun makro yang tersedia pada saat itu harus dianalisis dengan cepat, cermat dan matang sebagai dasar pertimbangan dalam pengambilan keputusan. Peristiwa-peristiwa menuju pengambilan keputusan KSSK berlangsung dalam suasana yang tegang dan melelahkan. Di tengah kondisi perekonomian global dan domestik yang mencemaskan dan penuh ketidakpastian, para pengambil kebijakan di bidang ekonomi dan keuangan (BI, Departemen Keuangan, LPS) bertemu untuk mengambil tindakan yang terbaik untuk kepentingan negeri ini. Pada saat itu, hari demi hari di bulan November 2008, berlangsunglah rapat-rapat secara maraton. Rapat Konsultasi Bank Indonesia dengan Menteri Keuangan atas permintaan Bank Indonesia (13-19 November 2008) Pada 13 November 2008, atas permintaan BI dilakukan rapat konsultasi pertama kali antara BI dengan Menteri Keuangan membahas permasalahan kesulitan likuiditas Bank Century.Pada saat inilah Menteri Keuangan untuk pertama kalinya mengetahui adanya permasalahan di Bank Century. Rapat itu dilakukan melalui teleconference karena Dewan Gubernur BI berada di Jakarta, sementara Menteri Keuangan berada di Washington DC menghadiri pertemuan Pimpinan G20 dalam rangka upaya bersama menghadapi krisis keuangan global. Pada",https://id.wikisource.org/wiki/Upaya_Pemerintah_dalam_Pencegahan_dan_Penanganan_Krisis/Bab_V,18387,CC BY-SA 4.0,human-public-corpus,,,,,false
human-v2-033,human,Ben Wallace (politikus),ensiklopedis,wikipedia,"Robert Ben Lobban Wallace (lahir 15 Mei 1970) adalah seorang politikus dan mantan perwira Britania Raya yang menjabat sebagai Menteri Pertahanan Britania Raya sejak 2019. Seorang anggota Partai Konservatif, ia merupakan anggota parlemen untuk Wyre dan Preston North, sebelumnya bernama Lancaster and Wyre, sejak 2005. Sebelum menjadi anggota parlemen, ia merupakan anggota Parlemen Skotlandia untuk North East Scotland dari 1999 hingga 2003. Ia mengundurkan diri pada 2003 dan pindah ke Lancashire di mana ia maju pada seleksi untuk daerah pemilihan Westminster di Inggris. Setelah pemilihannya sebagai anggota parlemen dan setelah menjabat sebagai anggota bangku belakang (backbencher) selama lima tahun, ia ditunjuk sebagai Sekretaris Pribadi Parlementer untuk Menteri Kehakiman Ken Clarke dari 2010 hingga 2014. Wallace kemudian menjadi whip dari Juli 2014 hingga Mei 2015. Pasca Following the pemilihan umum 2015 dan pembentukan pemerintahan mayoritas Cameron, ia menjadi Wakil Menteri Parlementer untuk Kantor Irlandia Utara. Pada 2016, ia ditunjuk sebagai Menteri Negara untuk Keamanan dan Kejahatan Ekonomi oleh Theresa May, di mana jabatan tersebut ia pegang hingga May meninggalkan jabatannya pada Juli 2019. Seorang pendukung Boris Johnson, Wallace dipromosikan kepada jabatan",https://id.wikipedia.org/wiki/Ben_Wallace_(politikus),28742052,CC BY-SA 4.0,human-public-corpus,,,,,false
human-v2-034,human,Biji chia,ensiklopedis,wikipedia,"Biji chia adalah biji-bijian yang dapat dimakan dari tumbuhan Salvia hispanica, tumbuhan berbunga dari keluarga min (Lamiaceae) yang berasal dari Meksiko tengah dan selatan. Istilah ""biji chia"" juga dapat digunakan untuk biji tanaman Salvia columbariae dari barat daya Amerika Serikat dan Meksiko. Biji ini berbentuk oval, berwarna abu-abu kehitaman dengan beberapa titik putih, dan memiliki diameter sekitar 2 milimeter (0,08 in). Ketika direndam dalam cairan, biji chia yang bersifat higroskopik mampu menyerap cairan hingga 12 kali beratnya sendiri dan membentuk lapisan lendir. Lapisan inilah yang memberikan tekstur gel pada makanan dan minuman yang mengandung biji chia. Terdapat bukti bahwa komoditas ini pernah dibudidayakan secara luas oleh Aztek pada Pra-kolumbus dan menjadi makanan pokok dalam budaya Mesoamerika. Biji chia saat itu dibudidayakan dalam skala kecil oleh leluhur mereka di Meksiko tengah dan Guatemala, serta dibudidayakan untuk kepentingan komersial di Amerika Tengah dan Selatan.",https://id.wikipedia.org/wiki/Biji_chia,27987163,CC BY-SA 4.0,human-public-corpus,,,,,false
human-v2-035,human,Cacia ribbei,ensiklopedis,wikipedia,"Cacia ribbei adalah spesies kumbang tanduk panjang yang tergolong famili Cerambycidae. Spesies ini juga merupakan bagian dari genus Cacia, ordo Coleoptera, kelas Insecta, filum Arthropoda, dan kingdom Animalia. Larva kumbang ini biasanya mengebor ke dalam kayu dan dapat menyebabkan kerusakan pada batang kayu hidup atau kayu yang telah ditebang. Cacia ribbei adalah spesies kumbang tanduk panjang yang termasuk dalam famili Cerambycidae. Spesies ini tergolong dalam genus Cacia, ordo Coleoptera, kelas Insecta, filum Arthropoda, dan kingdom Animalia. Larva Cacia ribbei biasanya mengebor kayu, dan dapat menyebabkan kerusakan pada batang kayu hidup maupun kayu yang telah ditebang, sehingga berpotensi menjadi hama bagi tanaman kayu tertentu.",https://id.wikipedia.org/wiki/Cacia_ribbei,28928863,CC BY-SA 4.0,human-public-corpus,,,,,false
human-v2-036,human,Daftar Wali Kota Parepare,ensiklopedis,wikipedia,"Wali Kota Parepare merupakan pemimpin Kota Parepare yang memiliki tugas dan wewenang memimpin penyelenggaraan daerah berdasarkan kebijakan yang ditetapkan bersama DPRD Kota Parepare. Jabatan pertama dipegang oleh Andi Mannaungi pada tahun 1960. Didasarkan pada tanggal pelantikan dan pengambilan sumpah Walikotamadya Pertama pada tanggal 17 Februari 1960, maka dengan SK. DPRD Kotamadya Parepare No. 3 Tahun 1970 ditetapkan hari kelahiran Kotamadya Parepare tanggal 17 Februari 1960. Penamaan wali kota Parepare berganti beberapa kali: Wali kota KDH Parepare (1960–1972) Walikotamadya KDH Parepare (1972–1998) Wali Kota Parepare (1998–sekarang) Sebelum tahun 2005, Wali kota Parepare dipilih melalui mekanisme yang diatur oleh DPRD Kota Parepare. Setelah itu, Wali Kota Parepare bersama Wakil Wali Kota Parepare dipilih secara langsung oleh warga kota melalui Pemilihan Kepala Daerah (Pilkada) untuk pertama kalinya pada tanggal 28 Agustus 2008. Sebelum kemerdekaan Indonesia, tepatnya di pemerintahan Hindia Belanda, Kota Parepare dipimpin Asisten Residen dan seorang Controlur atau Gezag Hebber sebagai Pimpinan Pemerintah (Hindia Belanda), dengan status wilayah pemerintah yang dinamakan “Afdeling Parepare” yang meliputi, Onder Afdeling Barru, Onder Afdeling Sidenreng Rappang, Onder Afdeling Enrekang, Onder Afdeling Pinrang dan Onder Afdeling Parepare.",https://id.wikipedia.org/wiki/Daftar_Wali_Kota_Parepare,29222023,CC BY-SA 4.0,human-public-corpus,,,,,false
human-v2-037,human,Damien Hirst,ensiklopedis,wikipedia,"Damien Steven Hirst (lahir 7 Juni 1965) adalah seniman, pengusaha dan kolektor seni berkebangsaan Inggris. Dia adalah yang paling menonjol dari anggota kelompok yang dikenal sebagai Young British Artists (atau YBAs), yang mendominasi seni di Inggris selama tahun 1990-an. Ia terkenal secara internasional, dan dilaporkan dari Inggris seniman terkaya yang masih hidup, dengan kekayaan senilai £215m di 2010 Sunday Times Rich List. Selama tahun 1990-an kariernya terkait erat dengan kolektor Charles Saatchi, tetapi meningkatkan friksi datang ke kepala pada tahun 2003 dan hubungan berakhir. Kematian adalah tema sentral dalam karya Hirst. Dia menjadi terkenal karena serangkaian karya seni di mana hewan mati (termasuk hiu, domba dan sapi) yang diawetkan-kadang-kadang telah dibedah-di formaldehida. The Physical Impossibility of Death in the Mind of Someone Living, sebuah hiu harimau berukuran 14-kaki (4,3 m) direndam dalam formalin dalam vitrine (kasus tampilan yang jelas) menjadi ikon karya seni Inggris pada tahun 1990-an, dan simbol dari Britart seluruh dunia. Dia juga telah membuat ""spin painting"", dibuat pada permukaan melingkar berputar, dan ""spot painting"", yang baris lingkaran berwarna acak yang diciptakan oleh asistennya. Pada bulan September 2008,",https://id.wikipedia.org/wiki/Damien_Hirst,25901123,CC BY-SA 4.0,human-public-corpus,,,,,false
human-v2-038,human,Diafragma urogenital,ensiklopedis,wikipedia,"Teks-teks lama telah menegaskan keberadaan diafragma urogenital, yang juga disebut ligamen triangular, yang dideskripsikan sebagai sebuah lapisan pelvis yang memisahkan kantung perineal dalam dari pelvis bagian atas, dan terletak di antara fasia inferior diafragma urogenital (membran perineal) dan fasia superior diafragma urogenital. Meskipun istilah ini digunakan untuk merujuk pada lapisan pelvis yang memisahkan kantung perineal dalam dari pelvis atas, batas kantung yang terpisah dengan jelas seperti itu kemungkinan besar tidak ada. Walaupun tidak memiliki entri resmi dalam Terminologia Anatomica, istilah ini sesekali masih digunakan untuk mendeskripsikan komponen otot dari kantung perineal dalam. Uretra dan vagina, meskipun bagian dari kantung tersebut, biasanya dikatakan berjalan menembus diafragma urogenital, alih-alih merupakan bagian dari diafragma itu sendiri. Beberapa peneliti masih menegaskan bahwa diafragma semacam itu memang ada, dan istilah tersebut masih digunakan dalam literatur. Diafragma uretra merupakan penanda anatomi yang digunakan dalam klasifikasi cedera uretra secara radiologis dan urologis. Secara khusus, ketika sebuah uretrogram retrograd menunjukkan perluasan kontras dari proksimal uretra pars bulbosa ke dalam perineum, terjadi peningkatan derajat cedera dari klasifikasi Tipe 2 menjadi Tipe 3. Istilah ""diafragma urogenital"" sering kali tertukar dengan",https://id.wikipedia.org/wiki/Diafragma_urogenital,29117507,CC BY-SA 4.0,human-public-corpus,,,,,false
human-v2-039,human,Dross,ensiklopedis,wikipedia,"Dross adalah padatan yang mengambang pada logam cair. Hal ini terjadi saat mencairnya logam atau paduan saat titik lebur terendahnya seperti pada timah, timbal, seng atau aluminium, serta dengan oksidasi dari logam lain. Doss biasa terdiri dari pengotor seperti sisa-sisa cat. padatan ini dengan mudah dapat dipisahkan sebelum pencetakan logam karena mengpung di atas logam cair. Dengan timah dan timbal memurnikan juga dapat dibuang dengan menambahkan natrium hidroksida pelet, yang melarutkan oksida dan membentuk terak . Dross, sebagai padatan, yang dibedakan dari terak, yang merupakan cairan. Produk dross tidak semua menjadi limbah; dross aluminium, misalnya, dapat didaur ulang dan digunakan dalam pembuatan baja sekunder untuk terak deoksidasi.",https://id.wikipedia.org/wiki/Dross,28001471,CC BY-SA 4.0,human-public-corpus,,,,,false
human-v2-040,human,Elizabeth Rona,ensiklopedis,wikipedia,"Elizabeth Rona (20 Maret 1890 - 27 Juli 1981) adalah seorang ahli kimia nuklir kelahiran Hungaria yang dikenal karena pekerjaannya dalam isotop radioaktif. Setelah mengembangkan metode yang lebih baik dalam mempersiapkan sampel polonium, ia diakui secara internasional sebagai ahli terkemuka dalam pemisahan isotop dan persiapan polonium. Antara 1914 dan 1918, selama studi pascadoktoral dengan George de Hevesy, ia mengembangkan teori bahwa kecepatan difusi tergantung pada massa nuklida. Hanya terdapat beberapa unsur atom yang telah diidentifikasi sehingga konfirmasi tentang keberadaan Uranium-Y merupakan sebuah kontribusi bagi bagi kimia nuklir. Atas partisipasinya, ia dianugerahi Hadiah Haitinger oleh Akademi Ilmu Pengetahuan Austria pada tahun 1933. Setelah beremigrasi ke Amerika Serikat pada tahun 1941, ia diberikan Carnegie Fellowship untuk melanjutkan penelitiannya dan memberikan informasi teknis tentang metode ekstraksi poloniumnya kepada Proyek Manhattan. Kemudian dalam kariernya, ia menjadi profesor kimia nuklir di Oak Ridge Institute of Nuclear Studies dan setelah 15 tahun di sana dipindahkan ke Institute of Marine Sciences di University of Miami. Baik di Oak Ridge maupun Miami, ia melanjutkan pekerjaannya di bidang geokronologi elemen dasar laut dan penanggalan radiometrik. Ia secara anumerta dilantik",https://id.wikipedia.org/wiki/Elizabeth_Rona,29397498,CC BY-SA 4.0,human-public-corpus,,,,,false
human-v2-041,human,Etika,ensiklopedis,wikipedia,"Etika adalah kajian filsafati mengenai fenomena moral. Disebut pula filsafat moral, bidang ini menelaah pertanyaan-pertanyaan normatif tentang apa yang seharusnya dilakukan manusia atau perilaku mana yang patut dinilai benar secara moral. Cabang-cabang utamanya mencakup etika normatif, etika terapan, dan metaetika. Etika normatif berupaya menemukan asas-asas umum yang menuntun bagaimana manusia seharusnya bertindak. Etika terapan mengkaji persoalan etis yang nyata dalam kehidupan sehari-hari, seperti aborsi, perlakuan terhadap hewan, dan praktik-praktik bisnis. Metaetika menyelami asumsi dasar serta konsep-konsep yang menopang etika itu sendiri. Ia menanyakan apakah terdapat fakta moral yang objektif, bagaimana pengetahuan moral mungkin tercapai, dan bagaimana penilaian moral mampu menggerakkan kehendak manusia. Teori-teori normatif yang berpengaruh meliputi konsekuensialisme, deontologi, dan etika kebajikan. Bagi para pendukung konsekuensialisme, suatu tindakan benar bila ia membawa akibat terbaik. Kaum deontolog menitikberatkan pada tindakan itu sendiri, dengan menegaskan bahwa tindakan mesti mematuhi kewajiban, seperti berkata jujur dan menepati janji. Etika kebajikan memandang bahwa penjelmaan kebajikan, misalnya keberanian dan belas kasih, merupakan asas terdalam dari moralitas. Etika berkaitan erat dengan teori nilai, yang menelaah hakikat serta ragam nilai, termasuk pertentangan antara nilai intrinsik dan nilai instrumental.",https://id.wikipedia.org/wiki/Etika,29316460,CC BY-SA 4.0,human-public-corpus,,,,,false
human-v2-042,human,Hidangan Uzbekistan,ensiklopedis,wikipedia,"Masakan Uzbekistan didominasi oleh pertanian lokal seperti di kebanyakan negara. Ada banyak ladang gandum di Uzbekistan, sehingga roti dan mie menjadi makanan pokok di negara ini. Masakan Uzbekistan sendiri dicirikan sebagai ""kaya akan mie"". Daging domba adalah jenis daging yang populer karena banyaknya ternak domba di negara ini dan merupakan bagian dari berbagai hidangan Uzbekistan. Kuliner khas Uzbekistan adalah palov (plov atau osh atau ""pilaf""), yakni hidangan utama yang biasanya dibuat dengan nasi, potongan daging, parutan wortel dan bawang bombai. Hidangan ini biasanya dimasak di kazan (atau deghi) di atas api terbuka; kacang arab, kismis, berberis, atau buah-buahan dapat ditambahkan untuk variasi. Meskipun sering dibuat oleh ibu rumah tangga untuk keluarga dan tamu, palov juga dibuat pada kesempatan khusus oleh para oshpaz yang memasak hidangan nasional ini di atas api terbuka, dan terkadang mereka menyajikan hidangan untuk porsi 1.000 orang dari satu kaldron pada hari libur atau perayaan seperti helatan pernikahan. Oshi nahor atau ""plov pagi"" disajikan pada pagi hari (antara jam 6 hingga 9 waktu setempat) saat pertemuan besar, seperti saat dihelatnya perayaan pernikahan. Hidangan nasional penting lainnya meliputi:",https://id.wikipedia.org/wiki/Hidangan_Uzbekistan,28612645,CC BY-SA 4.0,human-public-corpus,,,,,false
human-v2-043,human,"Istana Kekaisaran, Gelnhausen",ensiklopedis,wikipedia,"Istana Kekaisaran di Gelnhausen (dalam bahasa Jerman disebut Kaiserpfalz Gelnhausen, Pfalz Gelnhausen atau Barbarossaburg) adalah sebuah istana yang terletak di tepi sungai Kinzig di kota Gelnhausen, Hessen, Jerman. Istana ini didirikan pada tahun 1170 pada saat yang sama dengan pendirian kota Gelnhausen oleh Kaisar Friedrich Barbarossa. Istana ini didirikan di tengah jalur dagang yang penting, yaitu Via Regia. Kemunduran istana ini dimulai semenjak abad ke-14 ketika Kaisar Karl IV menyerahkan istana ini beserta dengan kota Gelnhausen kepada Wangsa Schwarzburg. Pada tahun 1431, Graf Hanau Ludwig III memperoleh istana ini beserta kota Gelnhausen dari Graf Heinrich dari Schwarzburg. Selama Perang Tiga Puluh Tahun, istana ini mengalami kerusakan dan pasukan Swedia menjarah bangunan utamanya. Setelah kepunahan Wangsa Hanau pada tahun 1736, Gelnhausen jatuh ke tangan Landgraf Hesse-Kassel. Istana ini lalu dijadikan tambang batu hingga tahun 1811. Kapel kastil terpaksa dihancurkan sebagian akibat kondisinya yang sangat buruk. Sekitar tahun 1810, istana ini menjadi salah satu bangunan dari masa arsitektur Romanesque yang menarik perhatian para peminat seni di Jerman. Pada akhir abad ke-19 dan awal abad ke-20, tindakan mulai diambil untuk menjaga reruntuhan istana","https://id.wikipedia.org/wiki/Istana_Kekaisaran,_Gelnhausen",28020929,CC BY-SA 4.0,human-public-corpus,,,,,false
human-v2-044,human,Kejuaraan Eropa U-17 UEFA 2007,ensiklopedis,wikipedia,"Kejuaraan U-17 Eropa UEFA 2007 adalah edisi ke-25 turnamen sepak bola Kejuaraan U-17 Eropa UEFA. Putaran final turnamen ini diselenggarakan di Belgia sejak 2 hingga 13 Mei 2007. Delapan tim berpartisipasi pada putaran final. Pertandingan dilaksanakan di 6 stadion dengan 6 kota penyelenggara. Spanyol menjadi juara dalam turnamen ini setelah mengalahkan Inggris pada pertandingan final di Stadion Luc-Varenne, Tournai. Tuan rumah Belgia dan Prancis sama-sama mengalami kekalahan dalam babak semifinal. Pemain Spanyol Bojan Krkić menjadi pemain terbaik dalam turnamen ini. Pemain Inggris Victor Moses dan pemain Jerman Toni Kroos sama-sama menjadi pencetak gol terbanyak sepanjang putaran final dengan 3 gol.",https://id.wikipedia.org/wiki/Kejuaraan_Eropa_U-17_UEFA_2007,27274918,CC BY-SA 4.0,human-public-corpus,,,,,false
human-v2-045,human,Konsonan tekak,ensiklopedis,wikipedia,"Konsonan tekak atau uvular adalah konsonan dengan penempatan Artikulasi dibelakang lidah dekat dengan uvula. Penempatan ini berada di belakang konsonan langit-langit belakang atau velar. Konsonan tekak dapat berupa konsonan sengau, konsonan letup, konsonan desis, konsonan gesek, konsonan getar, konsonan kepak, atau aproksiman, meskipun IPA tidak menyediakan simbol khusus untuk konsonan aproksiman, simbol untuk konsonan desis bersuara digunakan untuk mengisi simbol tersebut. Konsonan gesek tekak dapat digunakan, tapi jarang ditemukan. Konsonan ini muncul di beberapa dialek Jerman dataran tinggi selatam, dan juga di beberapa bahasa di Afrika dan bahasa Penduduk Asli Amerika.",https://id.wikipedia.org/wiki/Konsonan_tekak,28608513,CC BY-SA 4.0,human-public-corpus,,,,,false
human-v2-046,human,Korupsi di Lituania,ensiklopedis,wikipedia,"Korupsi di Lituania merupakan isu yang masih menjadi perhatian meskipun negara ini telah menunjukkan kemajuan dalam upaya pemberantasannya. Menurut Indeks Persepsi Korupsi 2024 dari Transparency International, Lituania menempati peringkat ke-32 dari 180 negara dalam indeks tersebut, di mana negara yang menempati peringkat pertama dianggap memiliki sektor publik yang paling jujur. Indeks ini memberikan skor kepada negara-negara dalam skala dari 0 (""sangat korup"") hingga 100 (""sangat bersih"") dan kemudian mengurutkan negara-negara berdasarkan skor tersebut. Peringkat Lituania tahun 2024 didasarkan pada skor 63. Sebagai perbandingan dengan skor kawasan, skor tertinggi di antara negara-negara Eropa Barat dan Uni Eropa adalah 90, skor rata-ratanya 64, dan skor terendahnya 41. Untuk perbandingan dengan skor global, skor terbaik adalah 90 (peringkat 1), skor rata-rata 43, dan skor terburuk 8 (peringkat 180).",https://id.wikipedia.org/wiki/Korupsi_di_Lituania,27450003,CC BY-SA 4.0,human-public-corpus,,,,,false
human-v2-047,human,Lampu lampu,ensiklopedis,wikipedia,"Lampu-lampu adalah kue tradisional yang berasal dari Sulawesi Utara dan terbuat dari campuran tepung beras dan santan. Kue Lampu-lampu dikenali dari tampilannya yang disajikan dalam mangkok yang terbuat dari daun pandan dan kemudian dikukus. Mangkok berbentuk kotak ini disebut dengan nama 'takir'. Kue ini sering disajikan sebagai menu berbuka puasa dan memiliki tekstur seperti agar-agar sehingga sebagian orang menyimpannya terlebih dahulu di dalam kulkas sebelum menyantapnya. Ada juga yang menyantap kue Lampu-lampu dengan kolak kacang hijau. Hal yang perlu diperhatikan dalam pembuatan kue Lampu-lampu adalah tidak disarankan membuka penutup kukusan sebelum kue ini matang karena akan membuat rasa kue berubah dan menjadi tidak enak lagi. Kue ini juga dikenal dengan nama lain seperti: kue Tetu di Sulawesi tengah, kue pelita di Bangka, kue Jongkong di Riau, kuih tepung pelite di Malaysia dan kue Popaco di Gorontalo.",https://id.wikipedia.org/wiki/Lampu_lampu,29175677,CC BY-SA 4.0,human-public-corpus,,,,,false
human-v2-048,human,Loki (Marvel Cinematic Universe),ensiklopedis,wikipedia,"Loki Laufeyson juga dikenal sebagai Loki Odinson dan dengan gelarnya sebagai God of Mischief (Bahasa Indonesia: Dewa tipu muslihat), adalah karakter yang diperankan oleh Tom Hiddleston dalam waralaba film Marvel Cinematic Universe (MCU), berdasarkan karakter Marvel Comics dengan nama yang sama. Loki adalah putra kandung Laufey, penguasa Frost Giants di Jotunheim, yang ditinggalkan dan dibiarkan mati tak lama setelah kelahirannya. Ditemukan oleh Odin, Loki dibawa ke Asgard dan dibesarkan olehnya dan Frigga sebagai pangeran Asgardian, bersama dengan Thor. Ketika Thor akan dinobatkan sebagai Raja, Loki telah menyabotase penobatan dengan membiarkan Frost Giants menyerang Asgard, sehingga membuat Thor membalas dendam pada Jotunheim, yang mengakibatkan pembuangan Thor ke Bumi dan Loki menemukan kebenaran tentang warisannya. Frigga memberi Loki tahta ketika Odin jatuh ke dalam Odinsleep; Namun, ketika Warriors Three dan Sif berusaha mengembalikan Thor ke rumah, Loki terpaksa mencoba menghentikan mereka. Bagaimanapun, Thor kembali dari pengasingannya di Bumi dan mengakhiri pemerintahan Loki. Dengan Odin tidak menyetujui tindakannya, Loki membiarkan dirinya jatuh melalui jurang yang dalam, memasuki lubang cacing yang dibuat oleh penghentian tiba-tiba Jembatan Bifrost.",https://id.wikipedia.org/wiki/Loki_(Marvel_Cinematic_Universe),23140278,CC BY-SA 4.0,human-public-corpus,,,,,false
human-v2-049,human,Mochammad Syah Manaf,ensiklopedis,wikipedia,"Templat:Mochammad syah manaf Drs.Mochammad Syah Manaf adalah seorang politikus yang lahir di Jakarta pada tanggal 26 Oktober 1931. Dia sempat berada di puncak kepemimpinan Partai Persatuan Pembangunan (PPP) pada tahun 1985. Setelah terjadi kericuhan di tubuh PPP tentang tindak lanjut mosi tidak percaya terhadap kepemimpinan DPP PPP, ia kehilangan jabatan selaku Ketua umum DPP PPP. Walaupun kehilangan jabatan sebagai ketua umum DPP PPP, masih banyak jabatan yang didudukinya, diantaranya Wakil Ketua PB Nahdatul Ulama (NU), Ketua NU di wilayah DKI Jakarta, Rektor Universitas Jakarta (Unija), serta Direktur PT Pelita Persatuan. Pada masa pendudukan Jepang, Syah Manaf duduk di bangku SMP menjadi pemimpin regu di sekolahnya yang mendapat pendidikan militer. Pada saat zaman Revolusi, Syah Manaf bergabung dengan TKR Divisi Siliwangi yang berada di Jawa Barat.",https://id.wikipedia.org/wiki/Mochammad_Syah_Manaf,27918241,CC BY-SA 4.0,human-public-corpus,,,,,false
human-v2-050,human,Musik Melayu,ensiklopedis,wikipedia,"Musik Melayu adalah aliran musik rakyat yang bermula dan berkembang di wilayah pantai timur Sumatra, Kalimantan, dan Semenanjung Malaya. Musik ini biasanya dinyanyikan oleh orang-orang dari suku bangsa Melayu yang tidak jarang diiringi pula dengan tarian khas Melayu setempat misalnya tari persembahan dalam perhelatan atau pesta adat, penyambutan tetamu kehormatan, dan dalam kegiatan keagamaan. Yang menarik dari aliran musik ini terletak pada susunannya yang terdiri dari lirik lagu yang mengandung syair yang disesuaikan dengan kehidupan sehari-hari, kecintaan (bagaikan Dondang Sayang) dan penuh dengan tunjuk ajar (pesan moral), diisi dengan suara atau vokal khas cengkok Melayu, dan aransemen musik yang tersusun rapi. Seiring dengan perkembangan zaman musik Melayu mengalami keberingsutan gaya musik misalnya saja mengalami perpaduan dengan aliran musik pop, musik rok, dan dangdut. Aliran ini dapat dijumpai di negara-negara serumpun Melayu, seperti Indonesia, Singapura, Malaysia dan Brunei Darussalam. Pada awal perkembangannya alat musik yang digunakan lebih didominasi oleh tingkahan rebana yang disebut Kompang dari Ponorogo, petikan gambus, gesekan biola, picitan akordion, tingkahan gong, dan tiupan serunai. Ini dipengaruhi oleh kebudayaan dari tanah Arab dan Eropa tradisional. Seiring dengan perkembangan teknologi",https://id.wikipedia.org/wiki/Musik_Melayu,29424189,CC BY-SA 4.0,human-public-corpus,,,,,false
human-v2-051,human,Olahraga menembak,ensiklopedis,wikipedia,"Olahraga menembak adalah olahraga kompetitif yang melibatkan tes kemahiran (akurasi dan kecepatan) dengan menggunakan berbagai jenis senjata seperti senjata api atau senapan angin. Perburuan juga merupakan olahraga menembak. Olahraga menembak dikategorikan berdasarkan jenis senjata, sasaran dan jarak di mana target ditembak. Dalam bidang olahraga menembak dengan menggunakan senjata api untuk bergabung menjadi anggota sangat sulit, harus melewati banyak ujian dan tes praktik serta memerlukan banyak izin mulai Perbakin (indonesia), surat izin kepemilikan senjata api, surat pengantar dari pihak berwajib (polisi). Sangat beda bila sudah menjadi atlet menembak, semua sudah tanggung oleh pemerintah. Untuk masyarakat umum olahraga menembak biasanya menggunakan senapan angin. Olahraga di bidang menembak di sini ada beberapa kategori perlombaan contoh: varmint hunting, sniping, multi-range, three pos (tiga posisi) dan tembak lesan (benchrest). Ada sekitar 5 jenis senapan angin, tetapi yg biasa digunakan untuk lomba adalah senapan angin PCP dan Multi-Pum (uklik). Senapan angin tersebut memiliki kaliber 177 atau 4,5mm untuk umum.",https://id.wikipedia.org/wiki/Olahraga_menembak,27574400,CC BY-SA 4.0,human-public-corpus,,,,,false
human-v2-052,human,Pasola,ensiklopedis,wikipedia,"Pasola berasal dari kata sola atau hola, yang merujuk pada jenis lembing kayu yang digunakan dalam tradisi saling melempar dari atas kuda yang sedang dipacu oleh dua kelompok yang berlawanan. Setelah mendapat imbuhan pa- (menjadi pa-sola atau pa-hola), istilah tersebut bermakna permainan. Dengan demikian, pasola atau pahola adalah permainan ketangkasan berupa saling melempar lembing kayu dari atas punggung kuda yang berlari kencang antara dua kelompok yang saling berhadapan. Pasola merupakan bagian dari rangkaian upacara tradisional masyarakat Sumba yang masih menganut kepercayaan Marapu, yaitu sistem kepercayaan lokal setempat. Kegiatan ini diselenggarakan di empat wilayah di Kabupaten Sumba Barat, yakni Kodi, Lamboya, Wonokaka, dan Gaura. Pelaksanaannya dilakukan secara bergiliran setiap tahun, umumnya berlangsung antara bulan Februari hingga Maret.",https://id.wikipedia.org/wiki/Pasola,29285199,CC BY-SA 4.0,human-public-corpus,,,,,false
human-v2-053,human,Perjanjian Umum tentang Perdagangan Jasa,ensiklopedis,wikipedia,"Perjanjian Umum tentang Perdagangan Jasa (bahasa Inggris: General Agreement on Trade in Servicescode: en is deprecated , disingkat GATS) adalah salah satu perjanjian Organisasi Perdagangan Dunia (WTO) yang mulai berlaku pada Januari 1995 setelah dituntaskannya Putaran Uruguay. Perjanjian ini dibuat dengan tujuan untuk memperluas tingkatan liberalisasi pada sektor jasa. Perjanjian ini menerapkan aturan WTO pada sektor jasa sebagaimana Perjanjian Umum Tarif dan Perdagangan (GATT) berlaku untuk barang. Semua anggota WTO juga merupakan anggota GATS. Asas most favoured nation juga berlaku untuk GATS, tetapi saat bergabung dengan GATS, anggota dapat mengecualikan aturan ini untuk sementara waktu. Perjanjian ini tidak seliberal GATT, karena GATT secara otomatis berlaku untuk semua barang, sementara dalam GATS masing-masing anggota WTO boleh memilih sektor mana yang akan diliberalisasi lewat GATS.",https://id.wikipedia.org/wiki/Perjanjian_Umum_tentang_Perdagangan_Jasa,28061471,CC BY-SA 4.0,human-public-corpus,,,,,false
human-v2-054,human,Ramoji Rao,ensiklopedis,wikipedia,"Cherukuri Ramoji Rao (16 November 1936 – 8 Juni 2024) adalah seorang pengusaha India, pemilik media, dan produser film. Dia adalah kepala Ramoji Group yang memiliki fasilitas produksi film terbesar di dunia Ramoji Film City, surat kabar Eenadu, ETV Network saluran TV, produksi film perusahaan Film Usha Kiran. Usaha bisnisnya yang lain termasuk Margadarsi Chit Fund, hotel Dolphin Group, pusat perbelanjaan Kalanjali, acar Priya, dan Distributor Film Mayuri. Rao meraih empat Filmfare Awards South, lima Nandi Awards dan National Film Award untuk karyanya di Bioskop Telugu. Pada tahun 2016, ia dianugerahi Padma Vibhushan, penghargaan sipil tertinggi kedua di India, atas kontribusinya dalam jurnalisme, sastra, dan pendidikan.",https://id.wikipedia.org/wiki/Ramoji_Rao,25808992,CC BY-SA 4.0,human-public-corpus,,,,,false
human-v2-055,human,Robert Ezra Park,ensiklopedis,wikipedia,"Robert Ezra Park (14 Februari 1864 – 7 Februari 1944) adalah salah seorang dari tokoh-tokoh yang memengaruhi perkembangan sosiologi. Park dianggap sebagai pelopor mazhab ekologi sebagai cabang ilmu sosiologi oleh American Sosiological Society tahun 1925. Pokok ajarannya adalah suatu pendapat yang menyatakan bahwa sosiologi meneliti masyarakat setempat dari sudut hubungan antarmanusia. Nama Park terkenal setelah menulis buku pengantar sosiologi (bersama Burgess) yang berjudul Introduction to the Science of Sociology tahun 1921. Buku yang membahas semua persoalan ilmu sosiologi ini diambil dari kupasan-kupasan para sarjana sosiologi terkemuka, dan berpengaruh besar pada perkembangan lanjut ilmu sosiologi di Amerika Serikat. Hasil karya Park yang lain diantaranya Race and Culture yang terbit tahun 1950 setelah ia meninggal dunia. Park juga pernah menulis buku bersama H. A. Miller berjudul Old World Traits Transplanted pada tahun 1921.",https://id.wikipedia.org/wiki/Robert_Ezra_Park,28071290,CC BY-SA 4.0,human-public-corpus,,,,,false
human-v2-056,human,Royal Riders Indonesia,ensiklopedis,wikipedia,"Royal Riders Indonesia yang disingkat RoRI adalah komunitas pengendara/pemilik motor yang bersifat non-politis dan nirlaba, yang dibentuk sebagai perwujudan hak dari Warga Negara Indonesia untuk berserikat dan berkumpul, serta menjadi wadah silaturahmi pemilik motor Royal Enfield baik di Indonesia maupun diluar negeri. Royal Riders Indonesia dibentuk dengan semangat membangun persaudaraan dan keinginan bahagia berkendara, berkumpul dengan sesama pengguna sepeda motor Royal Enfield pada khususnya dan komunitas dan/atau klub motor lain pada umumnya. Royal Riders Indonesia juga berpartisipasi dalam memajukan Indonesia melalui kegiatan-kegiatan yang bersifat sosial, menambah wawasan kebangsaan dan kelestalingkungan serta menjadi bagian dalam mempromosikan industri kepariwisataan di Indonesia melalui kegiatan berkendara.",https://id.wikipedia.org/wiki/Royal_Riders_Indonesia,26747844,CC BY-SA 4.0,human-public-corpus,,,,,false
human-v2-057,human,Ruth Barcan Marcus,ensiklopedis,wikipedia,"Ruth Barcan Marcus (/ˈbɑːrkən ˈmɑːrkəs/; lahir Ruth Charlotte Barcan; 2 Agustus 1921 – 19 Februari 2012) adalah seorang filsuf akademik dan ahli logika Amerika yang paling dikenal melalui karyanya dalam logika modal dan logika filosofis. Ia mengembangkan sistem formal pertama dari logika modal terkuantifikasi dan dalam proses tersebut memperkenalkan skema atau prinsip yang dikenal sebagai rumus Barcan (Barcan formula). (Ia juga memperkenalkan operator “kotak” yang kini menjadi standar untuk menyatakan keniscayaan.) Marcus, yang awalnya menerbitkan karya-karyanya dengan nama Ruth C. Barcan, adalah, sebagaimana dicatat Don Garrett, “salah satu filsuf-ahli logika paling penting dan berpengaruh pada abad kedua puluh.” Timothy Williamson, dalam perayaan karier panjang Marcus pada tahun 2008, menyatakan bahwa banyak dari “gagasan utamanya bukan hanya orisinal, cerdas, indah, memikat, berpengaruh, dan jauh mendahului zamannya, tetapi sebenarnya – menurut saya – benar.”",https://id.wikipedia.org/wiki/Ruth_Barcan_Marcus,28512281,CC BY-SA 4.0,human-public-corpus,,,,,false
human-v2-058,human,"Sampiran, Talun, Cirebon",ensiklopedis,wikipedia,"desa Sampiran adalah desa di kecamatan Talun, Cirebon, Jawa Barat, Indonesia. Asal-usul desa sampiran. Dulu nama padukuhan karang penganten pernah mampir/ kedatangan ulama penyebar islam berasal dari negara pasai bernama syekh Bayanillah tapak tilasnya yg sekarang dinamakan makam Dagan. bersama rekannya yang bernama Syekh Abdul Yusup. Syekh Syaidi.Syekh Lumayung & Syekh Rancakak yg wafat dikebumikan dibukit Gedongan. Selain kedatangan para ulama tersebut pedukuhan karang pengaten kedatangan / mampir sebuah benda dinamakan Bedug keramat merupakan benda pertanda waktu Sholat yg berasal dari kaki gunung ciremai sekitar batu lingga dengan bahan kayu tembulutan yg membuat Syekh Jafar sidik dgn julukan Syekh Rangga Jati.... dengan dua kedatangan/mampirnya ulama dan Bedug terserbut nama Karang Penganten diganti nama pedukuhan Sampiran bahkan nama sampiran untuk dijadikan Nama Desa Sampiran..... Demikian Riwayat Desa Sampiran ini Allahu alam.... Terima kasih mudah mudahan bermanfaat","https://id.wikipedia.org/wiki/Sampiran,_Talun,_Cirebon",28318937,CC BY-SA 4.0,human-public-corpus,,,,,false
human-v2-059,human,Sekolah Stand Up Milenial,ensiklopedis,wikipedia,"Sekolah Stand Up Milenial adalah sebuah acara pencarian bakat lawakan tunggal yang disiarkan oleh stasiun televisi RTV. Acara ini serupa dengan Stand Up Comedy Indonesia yang tayang di Kompas TV, Stand Up Comedy Show yang tayang di MetroTV, atau Stand Up Comedy Academy yang tayang di Indosiar tapi acara ini menampilkan peserta dari siswa SMP dan SMA sederajat terpilih yang membawakan lawakan tunggal segar dan menghibur. Dengan mendatangkan tim pencari bakat ke berbagai SMP hingga SMA atau yang sederajat se-Jabodetabek untuk audisi di Jakarta dan audisi online untuk calon peserta dari SMP hingga SMA atau yang sederajat se-Indonesia, peserta terpilih tampil di Jakarta untuk berkompetisi di putaran final. Pasca kompetisi selesai, acara ini kemudian dilanjutkan oleh Komedi Putar yang juga diisi oleh beberapa alumni peserta dari acara ini.",https://id.wikipedia.org/wiki/Sekolah_Stand_Up_Milenial,25847395,CC BY-SA 4.0,human-public-corpus,,,,,false
human-v2-060,human,Skisma,ensiklopedis,wikipedia,"Skisma adalah kondisi perselisihan yang terjadi di dalam suatu agama. Perpecahan ini dapat terjadi antarindividu di dalam suatu organisasi, gerakan, atau denominasi agama. Istilah ini paling sering digunakan untuk menyebut perpecahan antarkelompok umat beragama yang sebelumnya merupakan satu kelompok tunggal, misalnya skisma Timur–Barat atau skisma Barat, tetapi digunakan pula untuk menyebut perpecahan yang timbul di dalam suatu gerakan atau organisasi nonagamawi, bahkan dengan makna yang lebih luas lagi untuk menyebut perpecahan yang timbul di antara dua orang atau lebih, baik perpecahan antarsaudara, antarkawan, antarkekasih, dan lain-lain. Skismatikus adalah orang yang menghasut atau menimbulkan skisma di dalam suatu organisasi, atau anggota suatu kelompok sempalan. Skismatis adalah kata sifat yang berarti berkaitan dengan skisma atau skisma-skisma, atau dengan gagasan-gagasan, kebijakan-kebijakan, dan lain-lain yang dianggap menganjurkan atau menuntun kepada skisma. Di dalam agama, dakwaan skisma dibedakan dari bidat, karena pelanggaran skisma tidak berkaitan dengan perbedaan keyakinan atau doktrin melainkan dengan penganjuran perpecahan atau keadaan terpecah belah. Meskipun demikian, skisma sering kali diikuti saling tuding bidat. Menurut ajaran Kristen Katolik, setiap bidat adalah skisma, tetapi mungkin saja ada skisma-skisma yang bersih dari noda bidat.",https://id.wikipedia.org/wiki/Skisma,28603461,CC BY-SA 4.0,human-public-corpus,,,,,false
human-v2-061,human,Stasiun Arna,ensiklopedis,wikipedia,"Stasiun Arna (bahasa Norwegia: Arna stasjoncode: no is deprecated ) adalah stasiun kereta api terbesar kedua di Bergen, Norwegia; terletak di wilayah Arna di sisi timur dari Ulriken dan berada di antara dua terowongan, Terowongan Ulriken dan Arnanipa. Stasiun yang dipakai saat ini dibuka pada tahun 1964, saat kedua terowongan selesai. Stasiun lama, yang terletak di sebelah utara stasiun baru, masih digunakan untuk kereta wisata pada Gamle Vossebanen. Seluruh kereta penumpang pada Bergensbanen berhenti di Arna. Yang paling sering adalah kereta bolak balik yang menghubungkan Stasiun Bergen dan Arna, menyediakan penghubung tercepat antara pusat kota Bergen dan Arna. Kereta tersebut umumnya beroperasi setiap setengah jam, atau satu jam sekali di akhir pekan dan malam hari.",https://id.wikipedia.org/wiki/Stasiun_Arna,23826793,CC BY-SA 4.0,human-public-corpus,,,,,false
human-v2-062,human,Terowongan Taman Phoenix,ensiklopedis,wikipedia,"Terowongan Phoenix Park adalah sebuah terowongan kereta api di Dublin, Irlandia. Terowongan ini dibangun pada tahun 1877 dan dimulai dari Jembatan Kereta Api Liffey di dekat Stasiun Heuston, membentang di bawah Taman Phoenix sepanjang Templat:Konversi sebelum muncul kembali di dekat persimpangan Jalan Rumah Sakit dan Jalan Lingkar Utara. Terowongan ini terhubung dengan jalur kereta api Dublin-Sligo di dekat Glasnevin, sebelum berlanjut ke stasiun kereta api Dublin Connolly. Terowongan ini awalnya dibangun oleh perusahaan Great Southern and Western Railway untuk menghubungkan stasiun Kingsbridge ke Dublin Docklands, dan terutama digunakan untuk angkutan barang. Secara historis, jalur ini tidak digunakan untuk kereta penumpang reguler, dengan sebagian besar lalu lintas melalui terowongan adalah angkutan barang atau gerbong dan mesin yang dipindahkan antara Connolly dan Heuston untuk pemeliharaan. Jalur ini kadang-kadang digunakan untuk layanan penumpang khusus, termasuk lalu lintas untuk pertandingan-pertandingan besar Asosiasi Atletik Gaelik. Dibuka kembali pada 21 November 2016 untuk lalu lintas penumpang reguler. Hingga akhir tahun 2018, lalu lintas ini didominasi oleh layanan pada hari kerja.",https://id.wikipedia.org/wiki/Terowongan_Taman_Phoenix,26242529,CC BY-SA 4.0,human-public-corpus,,,,,false
human-v2-063,human,Texas Instruments,ensiklopedis,wikipedia,"Texas Instruments Inc. (NYSE: TXN), dikenal luas sebagai TI adalah perusahaan teknologi Amerika yang berkantor pusat di Dallas, Texas, yang merancang dan memproduksi semikonduktor dan berbagai sirkuit terpadu, yang dijualnya ke perancang dan produsen elektronik secara global. TI adalah salah satu dari 10 perusahaan semikonduktor teratas di dunia berdasarkan volume penjualan. Fokus perusahaan adalah pada pengembangan chip analog dan prosesor tanam, yang menyumbang lebih dari 80% dari pendapatannya. TI juga memproduksi teknologi pemrosesan cahaya digital dan produk teknologi untuk pendidikan seperti kalkulator, mikrokontroler, dan prosesor multi-core. Pada 2016 TI mempunyai 45.000 paten di seluruh dunia. Texas Instruments terbentuk pada tahun 1951 setelah reorganisasi dari Geophysical Service Incorporated, sebuah perusahaan yang didirikan pada tahun 1930 yang memproduksi peralatan untuk digunakan dalam industri seismik, serta elektronik pertahanan. TI memproduksi transistor silikon komersial pertama di dunia pada tahun 1954, dan pada tahun yang sama merancang dan memproduksi radio transistor pertama. Jack Kilby yang bekerja di perusahaan ini menemukan sirkuit terintegrasi pada tahun 1958 saat bekerja di Laboratorium Penelitian Pusat TI. TI juga menemukan kalkulator genggam pada tahun 1967, dan memperkenalkan mikrokontroler chip tunggal",https://id.wikipedia.org/wiki/Texas_Instruments,28572015,CC BY-SA 4.0,human-public-corpus,,,,,false
human-v2-064,human,Tofalar,ensiklopedis,wikipedia,"Tofalar (Тофалары, тофа (tofa) dalam bahasa Rusia; sebelumnya dikenal sebagai карагасы atau Karagas) atau suku Tofa, adalah suku Turk yang tinggal di Oblast Irkutsk di Federasi Rusia. Asal-usul, bahasa dan budaya Tofa mirip dengan suku Tuva. Sebelum Revolusi Oktober 1917, suku Tofalar hidup nomaden dan berkelana di hutan taiga; mereka menggantungkan hidup dengan beternak dan berburu rusa kutub. Suku Tofa mulai tinggal permanen pada tahun 1932 setelah dipaksa oleh pemerintah Soviet. Pemuda Tofa dipaksa belajar bahasa Rusia di sekolah-sekolah baru yang dibangun pemerintah, sementara tradisi budaya seperti berburu dan perdukunan mulai dilarang. Menurut sensus 2010, suku Tofa berjumlah 762 jiwa di Rusia (2828 pada tahun 1926, 476 pada tahun 1959, 570 pada tahun 1970, 576 pada tahun 1979, 722 pada tahun 1989 dan 837 pada tahun 2002).",https://id.wikipedia.org/wiki/Tofalar,28089096,CC BY-SA 4.0,human-public-corpus,,,,,false
human-v2-065,human,Ada Bahagia,instruksional,wikibooks,"Ada kebahagiaan yang terus tumbuh hangat dengan perasaan yang tak mudah layu perasaan yang di jaga, agar bertahan lama tak mudah hilang, karena kamu menjaganya ada rasa yang tak pernah pergi perasaan hangat yang menyeruak hati sungguh nikmat ya, rasanya bahagia maka, saat bahagia itu datang, aku ingin belajar menghargainya, menyimpan memori dengan rapi, agar ketika aku tenggok lagi nanti perasaan itu bisa aku temui dengan syukur yang terucap dan tekad mewujudkan bahagia lainnya dengan doa dan ketekunan aku ingin sampai di sana, nanti. bersama diriku yang punya bahagia penuh agar tidak mudah menyerah dan lelah agar mau belajar terus agar bertemu dirimu yang Allah ciptakan untuk saling menemani dan memberi kebahagiaan bersama. saling, selalu. kemudian merapikan dan menyempurnakan memori bahagia itu bersamamu, secukupnya selamanya. 31/1/2024",https://id.wikibooks.org/wiki/Ada_Bahagia,99350,CC BY-SA 4.0,human-public-corpus,,,,,false
human-v2-066,human,Afrika Kuno/Arsitektur/Awal,instruksional,wikibooks,"Afrika mungkin adalah tempat dibangunnya rumah pertama, yang dibuat dari lumpur dan kayu. Ini adalah arsitektur tertua. Tidak banyak yang diketahui mengenai rumah pada masa ini karena lumpur dan kayu tidak bertahan lama. Akan tetapi, pada 3000 SM, orang Afrika mulai membangun rumah dari batu, terutama di tempat yang memiliki banyak bebatuan. Mereka membangun piramida di Kerajaan Lama Mesir, sekitar 2700-2500 SM, serta makam batu yang disebut mastabas. Pada awalnya mereka hanya membangun bangunan batu kecil atau bangunan batu besar yang padat seperti piramida. Lebih jauh di selatan, di Meroe dan Aksum (Sudan dan Ethiopia modern), para arsitek Afrika pada masa ini juga membangun piramida, namun ukurannya lebih kecil daripada piramida Mesir. Sekitar 2000 SM, para arsitek di Mesir belajar membangun kuil bertiang. Kuil-kuil ini biasanya memiliki atap kayu, yang cukup ringan untuk ditopang oleh tiang. Para firaun Mesir membangun banyak kuil pada masa Kerajaan baru, sekitar 1500 hingga 1200 SM. Templat:Afrika Kuno",https://id.wikibooks.org/wiki/Afrika_Kuno/Arsitektur/Awal,38519,CC BY-SA 4.0,human-public-corpus,,,,,false
human-v2-067,human,"Aku Ingin Menjadi yang Terbaik Untukmu, Bukan yang Tercantik Bagimu/Aku Ingin Menjadi yang Terbaik Untukmu, Bukan yang Tercantik Bagimu",instruksional,wikibooks,"Neza sedang berada di ruang kerjanya. Ia mengangkat ponselnya yang berbunyi. Ternyata ada panggilan dari Akbar. Neza segera mengangkatnya. “Assalamu alaikum??..” ucap Akbar dari seberang sana. “Waalaikum salam…” jawab Neza lembut. “Nez, malam ini ada acara gak?” tanya Akbar dari telefon. “Hm.. kyaknya sih enggak.. ada apa gitu?” tanya Neza. “Hm,.. aku mau ngajakin kamu dinner bareng, mau ga?” tanya Akbar. “Oh, boleh-boleh.. dimana? Jam berapa?” tanya Neza. “Ntar aku jemput kamu aja deh jam tujuh..” ucap Akbar. “Okey deh.. ditunggu ya..” ucap Neza. Neza pun menutup telefonnya. Hati Neza berdesir-desir. Neza jadi gak sabar pengen cepetan dinner dan bertemu dengan Akbar malam ini. Akbar pun sama. Ia tampak bahagia. Tampaknya Akbar telah menyiapkan sesuatu yang spesial untuk Neza. Akbar jadi gak sabar menunggu malam. [malamnya di rumah Neza] Neza telah siap untuk dinner dengan Akbar. Neza tampak cantik menggunakan warna cokelat. Tak lama kemudian, Akbar pun datang menjemput Neza dengan mobilnya. Saat Akbar sampai di depan rumah Neza ia segera turun dari mobil dan menghampiri Neza. “Hay Nez.. kamu cantik banget..” puji Akbar. “Ah, kakak bisa aja..” Neza tersipu","https://id.wikibooks.org/wiki/Aku_Ingin_Menjadi_yang_Terbaik_Untukmu,_Bukan_yang_Tercantik_Bagimu/Aku_Ingin_Menjadi_yang_Terbaik_Untukmu,_Bukan_yang_Tercantik_Bagimu",113356,CC BY-SA 4.0,human-public-corpus,,,,,false
human-v2-068,human,Alkitab bahasa Betawi/Tukang Khotbah 9,instruksional,wikibooks,"Tukang Khotbah 9:1-12 Kematian Dateng ke Semuanye 1. Aye udah mikirin ini dalem-dalem di hati, makanye aye bisa bilang begini: orang-orang nyang bener, nyang bijak, ame kerjaannye, semuanya ada di tangan Tuhan. Orang mah kagak bakal tau nasibnye—itu cinta apa benci—cuman dari ngeliat ape nyang ada di depan mate. 2. Semua hal datengnye mirip-mirip ke semuanye: Satu kejadian nimpah nyang bener, nimpah juga nyang licik; Nyang lurus, kena juga nyang belok-belok; Nyang berkorban, sama aje kaya nyang kaga; Gimane nasib orang nyang bae, gitu juga nyang berdose; Orang nyang suka bikin sumpah, nasibnye sama aje ama nyang takut bikin sumpah. 3. Emang begini dah jahatnye dunia di kolongnye matahari: satu hal nyang sama kejadian ame semuanye. Bener dah, ati manusia tuh penuh ame kejahatan, ame kegilaan dari lahir sampe ajalnye. Abis itu, yaudah, pade koit. 4. Tapi buat nyang masih gabung ame golongan nyang idup, masih ade pengharapan. Soalnye, pan kata pepatah, ""anjing nyang masih idup lebih mending daripada singa nyang udah koit."" 5. Soalnye pan nyang masi idup tau klo die bakalan koit; Tapi nyang udah koit kaga tau",https://id.wikibooks.org/wiki/Alkitab_bahasa_Betawi/Tukang_Khotbah_9,104372,CC BY-SA 4.0,human-public-corpus,,,,,false
human-v2-069,human,Asia Tengah Pra-1500/Sejarah/Tibet,instruksional,wikibooks,"Tibet terletak antara India dan Tiongkok, sebelah utara Pegunungan Himalaya. Tibet telah dihuni sejak 20.000-an SM. Sekitar 10.000 SM banyak orang dari Tiongkok utara yang pindah ke Tibet dan mendesak penduduk pribumi. Ini mungkin berkaitan dengan keruntuhan Dinasti Shang sekitar masa ini. Bahasa Tibet merupakan bagian dari rumpun bahasa Himalaya, mungkin terkait dengan bahasa Tionghoa. Sebagian besar orang Tibet adalah peternak sapi dan domba, dan pada 100 SM banyak pula petani beras dan jelai. Seperti orang Asia Tengah lainnya, orang Tibet mengenakan kulit dan bulu, serta menunggangi kuda. Pada awal 600-an M, Songtsan Gampo menyatukan Tibet menjadi satu kekaisaran yang kuat. Ia bahkan mampu menikahi keponakan kaisar Tiongkok Dinast Tang T'ai Tsung. Selain membentuk kekaisaran, Songtsan Gampo juga mendorong orang Tibet untuk menuliskan cerita dan puisi mereka serta menyimpan catatan tentang urusan kerajaan. Pada masa ini sebagian besar orang Tibet memeluk agama Buddha, terdorong oleh banyaknya biksu Buddha yang pergi dari India dan menjelajahi Asia Tengah. Tibet mulai memperluas wilayahnya, mengambil lebih banyak wilayah Tiongkok. Orang-orangnya mulai mengenakan sutra, meminum anggr dan teh, serta menggunakan kertas dan tinta. Orang Tibet",https://id.wikibooks.org/wiki/Asia_Tengah_Pra-1500/Sejarah/Tibet,82259,CC BY-SA 4.0,human-public-corpus,,,,,false
human-v2-070,human,Aturan Mengurus Narapidana di Hindia Belanda/Bab 1,instruksional,wikibooks,"Pasal 1 Semua bangunan di Hindia Belanda yang saat ini dipakai sebagai penjara, akan tetap digunakan sebagai penjara untuk sementara waktu Pasal 2 Selain ketentuan dalam ayat 2 pasal 361 surat aturan hal mengenai hukuman Raad Panjustisi di Jawa dan Hoofd Hindia Belanda, tahanan di penjara-penjara harus dipisahkan antara: Orang pribumi dan orang EropaPerempuan dan laki-lakiMiliter dan yang bukan militerNarapidana yang mendapat hukuman mendorong gerobak, ditutup atau kerja paksa pakai rantai dan narapidana yang mendapatkan hukuman selain dari itu. Pasal 3 Di setiap penjara harus ada satu register catatan seluruh yang dimasukan penjara, selain perintahnya artikel 362 surat aturan mengenai hukuman Raad Panjustisi di Jawa dan Hoofd Hindia Belanda. Register itu harus dipisah merujuk pada banyaknya jenis hukuman narapidana yang ada di penjara. Apabila sipir tidak bisa memegang register tersebut, itu dipegangnya oleh satu orang yang ditentukan oleh kepala keresidenan. Pasal 4 Pegawai-pegawai yang diperintah mengontrol penjara dan sekitarnya boleh mengecek register tersebut kapan saja. Pasal 5 Sipir tidak boleh memasukkan atau menahan seseorang di tahanan kecuali orang yang sudah diputuskan oleh vonis, atau berdasarkan syarat perintah atau surat putusan",https://id.wikibooks.org/wiki/Aturan_Mengurus_Narapidana_di_Hindia_Belanda/Bab_1,113046,CC BY-SA 4.0,human-public-corpus,,,,,false
human-v2-071,human,Buku Parenting yang Recommended,instruksional,wikibooks,"Bahas parenting tu emang gak ada habisnya ya, mau dikupas dari segi manapun selalu ada insight yang bisa diperoleh. Wajar, karena generasi berkembang terus, zaman berubah jadi bahasannya selalu diperbaharui. Kali ini saya mau bahas tentang salah satu buku parenting yang keren banget, bisa dijadikan rujukan untuk membuat visi misi pengasuhan. Judulnya The Danish Way of Parenting karya Jessica Joelle Alexander dan Iben Dissing Sandahl. Buku ini diterbitkan oleh PT Bentang Pustaka pada cetaakan keenam Agustus 2019. Buku yang diterjemahkan oleh Ade Kumalasari dan Yusa Tripeni ini sebenarnya tipis hanya 180 halaman, dibaca seharian juga udah kelar tapi isinya “daging” semua. Well… pada intinya ini membahas tentang bagaimana sih strategi orang Denmark dalam mengasuh anaknya sehingga Denmark menjadi salah satu negara paling bahagia di dunia. Denmark itu negara kecil yang letaknya di Eropa bagian utara. Anak-anaknya tumbuh dengan bahagia, daya tahannya kuat, dan regulasi emosi baik. Hal pertama yang saya highlight dari buku ini adalah uraian tentang “wabah stress”. Orang tua secara alamiah memiliki sifat kompetitif pada dirinya sendiri, terhadap rekan sesama orang tua bahkan kepada anaknya sendiri. Tapi kalau",https://id.wikibooks.org/wiki/Buku_Parenting_yang_Recommended,112286,CC BY-SA 4.0,human-public-corpus,,,,,false
human-v2-072,human,Buku Saku Farmakoterapi/Osteoartritis,instruksional,wikibooks,"Sendi adalah bagian dari tubuh di mana dua tulang atau lebih bersatu dalam suatu koordinasi antara otot, tendon, ligamen, kartilago. Otot diikat pada tulang dengan tendon (jaringan yang fleksibel, seperti tali berserabut). Otot menciptakan gerakan pada sendi, dan juga membantu menstabilkan sendi. Kartilago artikular yang licin menyelubungi tulang di sendi dan membantu gerakan yang bebas gesekan, sedangkan penutup kartilago membantu meredam hentakan. Seluruh sendi dikelilingi oleh sarung yang kuat dari bahan berserat dinamakan kapsul sendi. Lapisan sinovial dari kapsul sendi mengeluarkan cairan sangat sedikit, yang berfungsi sebagai lubrikan sendi. Selain itu beberapa sendi (seperti bahu dan lutut) mempunyai kantong bursa (bursae), kantung kecil berisi cairan yang berfungsi sebagai bantalan sendi dan mengurangi gesekan. Tubuh manusia mempunyai berbagai macam sendi, dari ”engsel” yang sederhana seperti siku sampai yang sangat kompleks seperti panggul dan bahu, yang dapat digerakkan ke segala arah. Selain itu beberapa sendi harus mampu menahan beban dan tekanan yang besar, seperti sendi lutut yang harus menopang berat seluruh tubuh. Selanjutnya, tekanan pada lutut berlipat ganda saat kita berlari, naik tangga, atau berjalan pada permukaan yang tidak rata. Bagian-bagian sendi",https://id.wikibooks.org/wiki/Buku_Saku_Farmakoterapi/Osteoartritis,65009,CC BY-SA 4.0,human-public-corpus,,,,,false
human-v2-073,human,Eropa di Tiongkok/Bab 18,instruksional,wikibooks,"enjelang akhir pemerintahan Sir J. Bowring, keadaan Koloni dan reputasinya di Inggris menganggap bahwa pemilihan Gubernur baru menyulitkan bak persoalan yang ada kala Sir H. Pottinger atau Sir J. Davis meninggalkan jabatan tersebut. Di sisi lain, ada bukti bahwa kini orang yang ingin menjabat tak hanya esensi umum namun dipadukan dengan syarat disiplin ketat bertaktik baik dan berpendangan besar dari orang yang pikirannya diisi dengan kemanusiaan dan mampu mengirim kedewasaan dari benih kebaikan yang ditabur. Namun, di sisi lain, sanitasi, reputasi sosial dan moral Hongkong sangat buruk terhadap tawaran jabatan gubernur Hongkong yang tak menyediakan dorongan terhadap sosok berkemampuan tinggi yang disyaratkan untuk jabatan tersebut. Sir Hercules Robinson pastinya merupakan sosik yang diinginkan untuk menghimpun kestabilan di Tiongkok. Walau ia pada waktu itu menduduki jabatan gubernur di sisi dunia yang berseberangan, ia mungkin tak merasa setidaknya datar oleh tawaran pelantikan Hongkong, tanpa ia memandangnya menerapkan, di bawah keadaan kasus, keluhan terhadap kemampuannya. Sir Hercules awalnya bertugas dalam 87th Fusiliers dan, kala purna tugas dari ketentaraan, memegang pekerjaan sipil pada masa bencana kelaparan Irlandia (1846 sampai 1849) di bawah Komisioner Kepegawaian",https://id.wikibooks.org/wiki/Eropa_di_Tiongkok/Bab_18,97268,CC BY-SA 4.0,human-public-corpus,,,,,false
human-v2-074,human,India Kuno/Agama/Hindu/Wisnu,instruksional,wikibooks,"Wishu merupakan salah satu dewa Hindu. Ia disebutkan dalam Rig Weda sebagai dewa cahaya dan matahari, namun orang mulai menyembah Wisnu sebagai dewa yang amat penting sejak sekitar 300 SM. Pada masa itu, orang mulai menganggap Wisnu layaknya energi matahari, ada di mana-mana, tak terlihat, kuat, dan bagian dari segalanya. Oleh karena itu Wisnu disembah sebagai dewa yang lebih kuat dari sebelumnya. Biasanya orang menyembah Wisnu dengan mempersembahkan bunga, dupa, maupun makanan, atau dengan berdoa maupun memainkan musik. Orang biasanya tidak memberikan kurban hewan. Karena Wisnu adalah dewa langit, lukisan-lukisan tentangnya menggambarakn dewa ini dengan kulit biru, seperti warna langit. Wisnu diyakini bereinkarnasi berualng kali dalam beragam wujud. Salah satu reinkaransinya yang paling terkenal adalah Kresna Reinkaransi lainnya dari Wisnu adalah Rama, yang kisahnya terdapat dalam sajak Ramayana, yang ditulis sekitar 300 SM pada masa Kekaisaran Maurya.",https://id.wikibooks.org/wiki/India_Kuno/Agama/Hindu/Wisnu,98929,CC BY-SA 4.0,human-public-corpus,,,,,false
human-v2-075,human,JANDA MISKIN,instruksional,wikibooks,"Pada zaman dahulu kala, Kristus dan kedua belas rasul-Nya berjalan di bumi. Mereka berkelana seperti orang-orang biasa sehingga tak seorang pun mengetahui bahwa mereka adalah Kristus dan para rasul. Suatu hari, mereka tiba di sebuah desa dan meminta tumpangan bermalam kepada seorang petani kaya. Namun, petani itu menolak mereka dan berkata, “Di sana ada seorang janda yang biasa menerima pengemis; pergilah ke rumahnya.” Maka mereka pun pergi ke rumah janda itu dan meminta izin untuk bermalam. Janda tersebut sangat miskin—bahkan yang termiskin di antara yang miskin. Ia hampir tidak memiliki apa-apa, hanya sepotong kecil roti dan segenggam tepung. Ia juga memiliki seekor sapi, tetapi sapi itu belum menghasilkan susu. “Wahai Bapak-bapak,” kata janda itu, “rumahku sangat kecil, dan hampir tak ada tempat untuk beristirahat.” “Tidak apa-apa, kami akan menyesuaikan diri,” jawab mereka. Janda itu pun menerima para tamu itu meskipun ia bingung bagaimana memberi mereka makan. “Bagaimana aku dapat menjamu kalian?” katanya. “Aku hanya punya sedikit roti dan segenggam tepung, dan sapiku belum menghasilkan susu. Kalian tentu tidak bisa mengharapkan jamuan yang layak di sini.” Namun Sang Juruselamat berkata, “Jangan",https://id.wikibooks.org/wiki/JANDA_MISKIN,115314,CC BY-SA 4.0,human-public-corpus,,,,,false
human-v2-076,human,Kelahiran Kembali Turki/Bab 17,instruksional,wikibooks,"XVII ANGORA FEVZI, RAFET DAN KIAZIM KARABEKR PASHA DAN KEDIKTATORAN MILITER MEREKA DI BAWAH KEMAL PASHA—​DEPORTASI “PONTUS”—​MOSUL, KURDI DAN PERPECAHAN DALAM ISLAM—​FRONT PRANCIS-ARMENIA DI KILIKIA, GARIS DEPAN YUNANI DI SMYRNA, DAN FRONT SEKUTU DI KONSTANTINOPEL—CARA PARLEMEN TERPECAH DIREKONSTRUKSI DI ANGORA—​PERLAWANAN FERID-REVOLUSI DI KONIA. Angora membentang di bukitnya, sebuah selimut abu-abu dari atap datar berhias dengan menara-menara putih dan tumbuh-tumuhan hijau, dan terhimpun di tengah-tengahnya dengan reruntuhan tahun 1915. Di kakinya terbentang rawa dangkal yang terbentang dari kota itu sendiri sampai stasiun kereta apinya, yang berharaj satu setengah mil. Di sepanjang pinggiran cekungan pada pesisir selatan, terdapat vila-vila musim panas dari keluarga-keluarg kaya, yang diamankan atas dasar malaria cuaca hangat dari rawa. Jantung kota terbentang sepanjang wilayah hilirnya. Kala kongres Sivas menggerakkan dewan Partai Nasionalis ke Angora pada akhir September 1919, Kemal sendiri menmpatkan dirinya di ruang atas di stasiun kereta api dan lokomotif Decauville tetap digerakkan siang malam pada jendelanya, dalam kesiapan untuk mengantarnya jauh ke pelosok pada peringatan cepat. Bangunan pertama yang orang lalui kala memasuki kota tersebut dari stasiun kereta api adalah bangunan granit abu-abu yang sampat dipakai",https://id.wikibooks.org/wiki/Kelahiran_Kembali_Turki/Bab_17,99573,CC BY-SA 4.0,human-public-corpus,,,,,false
human-v2-077,human,"Kumpulan Dongeng-Dongeng Unik/Adat Bangsawan di Negara Istanbul, Cara Menerapkan Hukuman",instruksional,wikibooks,"Ada seorang saudagar di tanah Istambul, yang hendak ber­angkat berdagang ke sebuah negara, di pedalaman negeri itu ju­ga, setelah memuat barang-barangnya ke atas kudanya, lalu berangkat dengan senang hatinya. Ketika sudah sore, sampai di sebuah desa penginapan, lalu berhenti di sana, bermaksud menginap. Kudanya diikatkan pada pohon, ti­dak terlalu jauh dari rumah tentara yang berjaga di sana. Setelah itu saudagar berbaring di bawah pohon, dekat kuda yang lalu menjadi tempat tidurnya. Ketika bangun pagi-pagi, kudanya dan barang-barangnya sudah tidak ada, dicuri. Kagetlah si saudagar dan sangat kece­wa karena kecelakaan sebesar itu. Lalu ia mengadu kepada bangsawan di sana, memberitahukan keja­dian yang dialaminya. Setelah mendengar laporan si saudagar, bangsawan itu berkata: “Pantas saja kamu tidak menginap di rumah tentara. Kalau menginap di sana, barang-barang­mu tidak akan hilang.” Menjawab si saudagar itu: “Justru aku datang agar tidak takut menginap di sagala macam kamar dalam aturan pemerintahan lama, ka­rena pada zaman dahulu di tempat itu tak ada yang berani mencuri, merampas, karena kerasnya perintah pemerintahan.” Ucapan itu demikian, masuk akal menurut bangsawan itu, lalu memanggil si saudagar dan berkata: “Baik, tapi malam ini","https://id.wikibooks.org/wiki/Kumpulan_Dongeng-Dongeng_Unik/Adat_Bangsawan_di_Negara_Istanbul,_Cara_Menerapkan_Hukuman",113056,CC BY-SA 4.0,human-public-corpus,,,,,false
human-v2-078,human,Melangkah Maju,instruksional,wikibooks,"Melangkah Maju Angin malam pukul 19.00 bertiup pelan meraba kulit. Purnama bertahta di langit yang kaya akan awan. Sesekali dahan-dahan bergetar lantas kaku tidak bergerak. Terdengar rintih burung hantu di sarang. Malam ini sepi, sebab aku hanya duduk sendiri. Kepalaku menoleh ke belakang untuk mencari suara langkahan kaki yang mendekat. “Mbok Maryam masak makanan enak!” Tentu saja aku menantikan hal tersebut. Aku segera melempar ilalang yang sempat kumainkan dari sisa-sisa dari kelekak tadi siang. Anak perempuan itu langsung menarik tanganku. Hidungku langsung mengikuti bau sedap ke arah dapur. Hmm.. ayam jahe dan wangi nasi putih. Malam tersebut adalah untuk kesekian kalinya aku dan Mei dititipkan di rumah Eyang. Mataku terhenti pada kotak brangkas tua yang sudah berada di pojok dapur rak di sebelahnya. Bapak selalu berpesan agar jangan sampai ada yang menyentuh brangkas Eyang selama tinggal di sini. Sudah menjadi hal umum bahkan Mbok enggan mengepel daerah tersebut karena mengetahui benda kesayangan pemilik rumah ini. “Jangan diam saja, ayo cepat duduk.” Perintah Eyang. Besi tua itu memang menjadi pusaka keluarga. “Mau sampai kapan kalian dititipkan disini? Pakai baju nya hemat-hemat",https://id.wikibooks.org/wiki/Melangkah_Maju,86628,CC BY-SA 4.0,human-public-corpus,,,,,false
human-v2-079,human,Mesir Kuno/Pengetahuan,instruksional,wikibooks,"Para ilmuwan Mesir pada umumnya tertarik dalam mengamati alam dan teknik praktik, dan mereka bagus dalam kedua hal tersebut. Contohnya piramida dan kuil, yang menampilkan pengetahuan geometri dan teknik yang baik. Pata insinyur Mesir menggunakan teorema Pythagoras, ribuan tahun sebelum Pythagoras lahir. Karena banjir sungai Nil penting bagi pertanian Mesir, para ilmuwan juga menghasilkan suatu cara untuk mengukur seberapa tinggi prakiraan banjir tiap tahunnya, dan membuat catatan yang baik serta kalender yang akurat. Alat yang digunakan untuk mengukur ketinggian banjir Nil disebut Nilometer. Mereka juga menciptakan cara untuk memindahkan air dari Nil ke lahan pertanian di gurun, menggunakan pompa irigasi (shaduf) dan kanal. Kemungkinan ilmuwan Mesir juga adalah yang pertama kali menemukan cara membuat roti menggunakan ragi. Angka Pengobatan",https://id.wikibooks.org/wiki/Mesir_Kuno/Pengetahuan,61681,CC BY-SA 4.0,human-public-corpus,,,,,false
human-v2-080,human,Mitologi Kelt/Dewa Galia/Smertrios,instruksional,wikibooks,"Smertrios atau Smertrius adalah dewa perang Galia. Smertrios juga merupakan dewa pelindung suku Treveri. Ada kemungkinan bahwa Smertrios bukanlah satu dewa tunggal, melainkan merupakan julukan yang digunakan untuk beberapa dewa Galia seperti Cernunnos, Esus dan Tarvus Trigaranus. Smertrios disebut-sebut digambarkan sebagai dewa berjanggut yang sedang memegang seekor ular di satu tangan, sdangkan tangan lainnya mmegang gada atau mungkin batu api. Oleh orang Romawi, Smertrios disamakan dengan dewa Romawi, Mars dan Herkules. Dia kadang-kadang dipanggil Mars Smetrius. Di Möhn, dekat Trier, ada kuil besar yang menutupi sebuah mata air yang disucikan bagi Smertrios dan istrinya, Ancamma, sang dewi air. Karena memiliki mata air suci dan namanya sendiri bermakna ""Penyedia"", maka kemungkinan Smertrios adalah dewa mata air pengeobatan dan sekaligus dewa keberlimpahan. Di luar Galia, namanya dapat ditemukan dalam doa-doa di Grossbach, Austria.",https://id.wikibooks.org/wiki/Mitologi_Kelt/Dewa_Galia/Smertrios,24920,CC BY-SA 4.0,human-public-corpus,,,,,false
human-v2-081,human,Mitologi Yunani/12 Tugas Herakles/Tugas Kelima,instruksional,wikibooks,"Marah karena Herakles malah pergi bertualang bersama para Argonaut, Euristheus memutuskan bahwa tugas kelima harus menjadi tugas yang paling memalukan bagi Herakles. Tugasnya adalah membersihkan kandang sapi raja Augeias dalam waktu satu hari. Augeias adalah raja Elis dan memiliki banyak sekali hewan ternak. Herakles kemudian mendatangi raja Augeias dan menawarkan untuk membersihkan kandang sapinya dengan imbalan berupa sepersepuluh bagian hewan ternaknya. Augeias setuju saja karena dia merasa bahwa itu tak mungkin dapat dilaksanakan. Tugas ini sangat sulit karena banyaknya istal yang ada di kandang itu, selain juga karena ukuran tempatnya. Pada akhirnya Herakles memutar otaknya dan berhasil membersihkan kandang sapi itu dengan cara mengalirkan aliran air sungai dari sungai Alfeus dan Peneios ke kandang sapi. Akan tetapi Augeias menolak membayar karena sang raja mengetahui bahwa Herakles ternyata melakukannya karena diperintah oleh Euristheus. Fileus, putra sulung Augeias, meminta ayahnya untuk menepati janjinya. Augeias marah dan mengusir Fileus, yang kemudian meninggalkan Elis dan bermukim di Dulikhium. Marah karena Augeias melanggar janjinya, Herakles pun bersumpah untuk suatu hari nanti menyerang Elis, dan memang setelah menyelesaikan semua tugasnya Herakles membawa pasukan untuk menaklukan Elis.",https://id.wikibooks.org/wiki/Mitologi_Yunani/12_Tugas_Herakles/Tugas_Kelima,90525,CC BY-SA 4.0,human-public-corpus,,,,,false
human-v2-082,human,Mitologi Yunani/Perang Troya/Pengorbanan di Aulis,instruksional,wikibooks,"Dengan bergabungnya Odisseus dan Akhilles, maka lengkaplah pasukan Yunani. Seluruh pasukan berkumpul di Aulis, Boiotia, beserta ribuan kapal mereka. Para pemimpin Yunani lalu sepakat mengangkat Agamemnon sebagai pemimpin pasukan gabungan Yunani itu. Agamemnon memberi kurban untuk para dewa. Ketika mereka memberi kurban Apollo, Kalkhas sang peramal memberitahu bahwa perang akan berlangsung selama sepuluh tahun, karena seekor ular memakan delapan bayi burung pipit dari sebuah sarang, namun ketika memakan bayi kesembilan, ular tersebut berubah menjadi batu. Pasukan Yunani kemudian berlayar ke Troya. Mereka mendarat di Misia dan menyerang kota Teuthrania karena menyangka itu adalah Troya. Telefos, putra Herakles dan Auge, adalah raja Teuthrania, dia dengan gigih mempertahankan kerajaannya dan membunuh banyak prajurit Yunani, termasuk raja muda Thersander dari Thebes. Akhilles berhasil melukai Telefos dalam suatu baku hantam. Ketika pasukan Yunani sadar bahwa mereka tidak sedang menyerang Troya, mereka pun berlayar kembali untuk benar-benar menuju Troya. Namun perjalanan mereka dihadang badai sehingga mereka mesti kembali ke Yunani dan berkumpul kembali ke Aulis. Sementara itu, luka Telefos tidak bisa sepenuhnya sembuh. Telefos bertanya pada orakel Apollo dan Telefos diberitahu bahwa lukanya hanya bisa",https://id.wikibooks.org/wiki/Mitologi_Yunani/Perang_Troya/Pengorbanan_di_Aulis,35212,CC BY-SA 4.0,human-public-corpus,,,,,false
human-v2-083,human,Panduan Game/GBA/S,instruksional,wikibooks,Sabre Wulf (petualangan semi-3D) Sabrina the Teenage Witch - Potion Commotion Salt Lake 2002 Samurai Jack - The Amulet of Time Santa Claus Jr. Santa Claus Saves the Earth Santa Clause 3 - The Escape Clause Scooby-Doo Scooby-Doo - Mystery Mayhem Scooby-Doo - Unmasked Scooby-Doo 2 - Monsters Unleashed Scooby-Doo and the Cyber Chase Scorpion King - Sword of Osiris Scrabble Blast Scrabble Scramble Scurge - Hive SD Gundam Force Sea Trader - Rise of Taipan Sea World - Shamu's Deep Sea Adventure Secret Agent Barbie - Royal Jewels Mission Sega Arcade Gallery Sega Rally Championship Sega Smash Pack Serious Sam Advance Shaman King - Legacy of the Spirits - Soaring Hawk Shaman King - Legacy of the Spirits - Sprinting Wolf Shaman King - Master of Spirits Shaman King - Master of Spirits 2 Shark Tale Shaun Palmer's Pro Snowboarder Sheep Shifting Gears - Road Trip Shining Force - Resurrection of the Dark Dragon Shining Soul Shining Soul 2 Shrek - Hassle at the Castle Shrek - Reekin' Havoc Shrek - Smash N Crash Racing Shrek - Super Slam,https://id.wikibooks.org/wiki/Panduan_Game/GBA/S,47119,CC BY-SA 4.0,human-public-corpus,,,,,false
human-v2-084,human,Parallel world 2013/tba 1,instruksional,wikibooks,"Bayang – bayang dunia ku Bagian 1 dunia ku Sebelum aku berada di dunia NAZI, dunia ku lebih buruk dari pada dunia ini, dimana semua orang setiap harinya Cuma berjalan dan tidak tahu arah dan tujuan. Bukan Cuma itu saja di dunia ku, tindak kejahatan tumbuh subur setelah perang dunia kedua berakhir di dunia ku, selama aku hidup di dunia ku, aku hanya merasakan kesengsaraan. Disana tejadi diskriminasi suk, ras, budaya, agama, dan kelompok etnis. Diskriminasi yang mereka lakukan bukan unuk kemuliaan tuhan, tetapi untuk kehancuran mereka sendiri. Bagian 2 kehancuran dunia ku Pada awal 2013, saat aku berjalan di jalanan kota, terjadilah gempa yang dahsyat menghancurkan semua gedung di kota ku, lubang hitam muncul dan membawa kami kedunia yang berbeda – beda. Semua yang berada di dunia ku mati tanpa sisa, bahkan teman baik ku yohanes. Aku melihat dunia ku dari lubang yang membawaku, dan dunia ku hancur di depan mata ku sendiri. Tinggal aku sendiri. Aku jatuh di dunia yang tidak ada kehidupan, tidak ada terang, gunung air, yang ada Cuma bebatuan. Yang aneh disini, kenapa aku bisa",https://id.wikibooks.org/wiki/Parallel_world_2013/tba_1,58552,CC BY-SA 4.0,human-public-corpus,,,,,false
human-v2-085,human,Pemrograman Clojure/Pengantar,instruksional,wikibooks,"Clojure adalah bahasa pemrograman sekaligus kompilator. Sintaksis dari Clojure merupakan dialek dari Lisp. Lisp (dahulu disebut LISP), merupakan singkatan dari ""List Processing"" dan merupakan bahasa pemrograman tingkat tinggi tertua kedua setelah Fortran. Dialek lain dari Lisp antara lain adalah Common Lisp dan Scheme. Clojure dibuat oleh Rich Hickey dan sekarang dikembangkan bersama-sama para pengembang lainnya yang tergabung dalam tim pengembang Clojure. Aktivitas mereka bisa dilihat di http://dev.clojure.org. Clojure merupakan software bebas / software dengan kode terbuka. Lisensi dari Clojure adalah Eclipse Public License 1.0 (http://opensource.org/licenses/eclipse-1.0.php). Kode sumber dari Clojure bisa diakses di Github (https://github.com/clojure/clojure). Pada saat pertama kali dikembangkan, Clojure ditujukan untuk pengembangan di JVM (Java Virtual Machine). Semua kode sumber dari Clojure akan dikompilasi menjadi .class dan bisa dijalankan (jika dimaksudkan untuk dijalankan) di JRE (Java Runtime Environment) atau bisa ""sekadar"" menjadi pustaka dengan tingkat interoperabilitas yang baik antara Clojure dengan Java. Perkembangan berikutnya menunjukkan bahwa Clojure sangat diminimati oleh komunitas pengembang software dan terdapat beberapa usaha untuk mengarahkan hasil kompilasi ke beberapa tujuan lain: ClojureScript (https://github.com/clojure/clojurescript) - Kompilasi ke JavaScript ClojureCLR (https://github.com/clojure/clojure-clr) - Kompilasi ke .NET Framework clojure-py",https://id.wikibooks.org/wiki/Pemrograman_Clojure/Pengantar,58918,CC BY-SA 4.0,human-public-corpus,,,,,false
human-v2-086,human,Permainan,instruksional,wikibooks,"Kata Pengantar Permainan adalah buku yang berisi daftar dan detail permainan anak-anak di Indonesia. Permainan dikarang secara kolaboratif melalui media Wikibuku Silakan lihat bagian daftar isi di bawah ini. Jika artikel sudah ada yang menulis, link daftar isi akan berwarna biru. Silakan membaca artikel ini, atau turut berpartisipasi dengan menyuntingnya (klik sunting di tab bagian atas). Jika artikel masih kosong, link daftar isi akan berwarna merah. Silakan berpartisipasi dengan mengklik link tersebut lalu isikan tulisan anda ke dalamnya. Cara menambahkan Bab, Subbab, atau Artikel dari nol ke dalam daftar isi: Buatlah link halaman menurut hirarki dokumen di daftar isi di halaman utama buku Permainan dengan menambahkan garis miring misalnya [[Permainan/Judul Bab/Judul Subbab/Judul Artikel]] Jangan lupa tulis alias link halaman [[Permainan/Judul Bab/Judul Subbab/Judul Artikel|Judul Artikel]] Sunting dan isi halaman tersebut Simpan halaman tersebutCara melakukan pranala (hyperlink) dalam buku: Note that pages with slashes in names automatically generate link up in the hierarchy. You can also use convenient linking style, especially useful in table of contents of your book [[/Chapter/]] on Book page instead of [[Book/Chapter|Chapter]] [[/Chapter|link title]] on Book page instead",https://id.wikibooks.org/wiki/Permainan,57879,CC BY-SA 4.0,human-public-corpus,,,,,false
human-v2-087,human,Permainan Tradisional Sunda/Slep Dur,instruksional,wikibooks,"Slep dur adalah permainan tradisional Sunda. Walaupun slep dur bukan lah permainan asli dari daerah Sunda, slep dur tetap digemari banyak anak-anak di daerah Sunda. Slep dur memiliki banyak penamaan sesuai tempatnya. Misalnya di daerah Jakarta, ada permainan yang serupa dengan slep dur yang bernama wak-wak gung. Di daerah Jawa Tengah dan Yogyakarta, ada permainan serupa yang bernama ancak-ancak alis. Bahkan ada pula permainan yang serupa dengan nama yang serupa pula, yaitu di daerah Sulawesi Utara dengan nama slepdur. Bukan hanya di daerah lain, bahkan di daerah Sunda sendiri pun ada permainan yang mirip dengan nama yang berbeda. Permainan tersebut bernama oray-orayan. Walaupun terdapat kesamaan, ada pula perbedaannya. Yang paling menonjol dan membedakan permainan satu sama lainnya adalah lagu yang digunakan dalam permainan. Di setiap daerah dan budaya memiliki ciri khas masing-masing, khususnya dalam segi bahasa yang digunakan. Permainan ini bisa dimainkan mulai dari 5 orang atau lebih secara berkelompok. Kelompok pertama adalah 2 orang pemain yang menjadi terowongan dan kelompok kedua adalah pemain yang berjalan melewati terowongan.",https://id.wikibooks.org/wiki/Permainan_Tradisional_Sunda/Slep_Dur,90103,CC BY-SA 4.0,human-public-corpus,,,,,false
human-v2-088,human,Permainan/Berkelompok/Galah Asin,instruksional,wikibooks,"Buat garis di tanah : 3 garis horisontal, kemudian 1 garis vertikal membelah 3 garis horisontal tsb. Area 'a' area seblum garis horisontal pertama, area 'b' adl area setelah garis horisontal ketiga. Kumpulkan 10 orang, bagi 2 geng, kemudian ketua geng suit, geng yang kalah jaga garis. Anak (1) jaga di garis horisontal pertama, anak (2) jaga di gh(2), anak (3) jaga di gh(3), anak (4) jaga digaris vertikal yg membelah gh(1) dan gh(2), anak (5) jaga di garis vertikal yg membelah gh(2) dan gh(3). Geng yg menang bersiap di area 'a' kemudian satu persatu memasuki area yg dijaga lawan, sampai akhirnya selamat sampai ke area 'b'. Bila salah satu anak terpegang oleh anak yg jaga, gengnya langsung jaga garis.",https://id.wikibooks.org/wiki/Permainan/Berkelompok/Galah_Asin,26461,CC BY-SA 4.0,human-public-corpus,,,,,false
human-v2-089,human,Raja Panatih dan Kuau Putih,instruksional,wikibooks,"Raja Panatih dan Kuau Putih Rony Amdriansyah Sastra Cerita rakyat yang berjudul ""Raja Panatih dan Kuau Putih"" ini berasal dari daerah Enim Sumatra Selatan. Ada seorang raja mempunyai ladang yang cukup luas. Raja itu mempunyai seorang istri bernama Rejeni dan anak raja yang tertua bernama Putri. Putri sudah bertunangan dengan seorang pemuda pendatang yang tampan dan baik hati. Pada suatu hari, sang Raja membuat bubu. Ketika melihat ayahnya membuat bubu, Putri tidak suka karena bubu dapat merusak habitat ikan yang ada di air sungai. ""Hai Ayah, berhentilah membuat bubu jahat seperti itu. Kalau bubu dipasangkan, ikan akan mengena.” Putri berusaha menasihati ayahnya. Setelah mendengar celotehan anaknya, sang Raja tidak menghiraukan. ""Kalau mendapat ikan, engkau tidak boleh memakannya."" Setelah mendengar ayahnya berkata seperti itu, Putri pun menjawab, “Ya. Saya tidak akan memakannya kalau mendapat ikan."" Keesokan hari bubu itu selesai dikerjakan. Sang Raja tidak sabar untuk menguji coba hasil karyanya sendiri. Ia berharap ikan akan banyak terperangkap di dalam bubu. Sang Raja pun pergi ke sungai. Setelah sang Raja di sungai, bubu diletakkan perlahan-lahan di pinggiran sungai yang aliran airnya cukup",https://id.wikibooks.org/wiki/Raja_Panatih_dan_Kuau_Putih,78734,CC BY-SA 4.0,human-public-corpus,,,,,false
human-v2-090,human,Raksasa-Raksasi,instruksional,wikibooks,"Merupakan bagian dari kumpulan cerpen Rintik gerimis di jendela oleh Anta Samsara Raksasa dan raksasi telah muncul dari Samudera Indonesia. Menyerbu perkampungan di Pulau itu laksana cakra dewata yang menghancurkan manusia pengingkar. Mereka terus-menerus berseru ke seluruh kampung, “Katakan, di mana ayah-ibuku?” Dan jika mereka tak menjawab, mereka mengangkat manusia yang rapuh itu tinggi-tinggi hingga hampir mencecah awan dan kemudian membantingnya keras-keras. Penduduk pulau itu mulai dilanda ketakutan yang tiada terperi. Mata mereka menyorotkan isyarat minta dikasihani, namun raksasa-raksasi tidak menghentikan perbuatannya. Mereka tiba pada suatu keadaan yang memaksa mereka menghadap pada patih di kerajaan tetangga untuk meminta tentara kerajaannya turun tangan. Mereka takkan bisa meminta bantuan tentara kerajaannya sendiri, sebab sang raja dan patihnya telah terlalu tua, dan pewaris tahta keduanya telah terbunuh dalam sebuah perebutan kekuasaan berdarah. Sang raja dan patihnya selamat namun kejadian itu telah melumpuhkan jiwa mereka berdua, maka jadilah mereka raja dalam perlambang dan bukan raja yang sebenar-benarnya. Malam itu sang raksasa dan raksasi berdiam di tepi pantai. Rembulan sempurna tak muncul, karena rembulan itu telah ditelan oleh sang raksasa dan sang raksasi. Rembulan sempurna",https://id.wikibooks.org/wiki/Raksasa-Raksasi,93950,CC BY-SA 4.0,human-public-corpus,,,,,false
human-v2-091,human,Sejarah Kekaisaran/Kushan,instruksional,wikibooks,"Kekaisaran Kushan (bahasa Sansakerta: Kuṣāṇ Rājavaṃśa; bahasa Parthia Kušanxšaθr) adalah negara yang didirikan pada awal abad ke-1 M oleh Kujula Kadphises di daerah Baktria kuno di sekitar sungai Oxos (Amu Darya). Pada perkembangannya, Kushan berpindah pusat ke dekat Kabul, Afghanistan. Kushan memperluas wilayahnya dari Lembah Sungai Kabul untuk kemudian mengalahkan suku-suku Asia Tengah lainnya yang sebelumnya menaklukan sebagian Dataran Tinggi Iran tengah bagian utara yang pernah dikuasai oleh Kekaisaran Parthia. Pada abad ke-1 dan awal abad ke-2 M, Kushan meluas melewati bagian utara anak benua India, setidaknya hingga sejauh Saketa dan Sarnath di dekat Varanasi (Benares), di sana ditemukan prasasti yang berasal dari masa kaisar Kushan, Kanishka, yang dimulai sekitar 127 M. Sekitar 152 M, Kanishka mengirimkan pasukan ke sebelah utara pegunungan Karakoram. Mereka menaklukan wilayah hingga sejauh Kashgar, Khotan dan Yarkant, di Tarim Basin di Xinjiang. Dibuka jalan langsung dari Gandhara ke Tiongkok, dan jalan tersebut yang berada di bawah kendali Kushan selama lebih dari 100 tahun. Keamanan yang disediakan oleh Kushan mendorong adanya perjalanan melewati Jalur Khunjerab dan memudahkan penyebaran Buddha Mahayana ke Tiongkok. Bangsa Kushan merupakan bagian",https://id.wikibooks.org/wiki/Sejarah_Kekaisaran/Kushan,82313,CC BY-SA 4.0,human-public-corpus,,,,,false
human-v2-092,human,Warnasari/Cerita kedua,instruksional,wikibooks,"Di sebuah hutan, hiduplah seorang tukang pencari kayu bersama istri dan anak perempuannya yang berusia tiga tahun. Hidup mereka sangat miskin hingga sering kali mereka tidak memiliki makanan untuk dimakan, bahkan untuk anak mereka sendiri pun tidak ada. Suatu hari, ketika si tukang kayu sedang bekerja di hutan, si tukang kayu sedang bekerja, melepas semua pakaiannya yang kotor karena keringat, tiba-tiba muncul sosok bercahaya. Seorang Déwa Reksa yang mengenakan mahkota emas bertabur permata yang berkilauan. Dengan suara yang berwibawa, Déwa Reksa pun berkata: ""Aku adalah Déwa Reksa, pelindung para pemuda dan orang yang membutuhkan. Aku tahu bahwa hidupmu sangat miskin dan penuh penderitaan. Karena itu, sekarang anakmu akan kubawa ke tempatku dan akan kupelihara di sana."" Mendengar kata-kata itu, si tukang kayu sangat gembira. Anaknya pun segera dibawa oleh Déwa Reksa ke Sawarga Loka. Di sana, anak perempuan itu hidup bahagia, menikmati segala kemewahan yang tak pernah ia bayangkan sebelumnya. Ia diberi berbagai buah-buahan yang harum dan lezat, semua hasil alam surga. Pakaiannya pun sangat indah, berhiaskan emas dan permata. Ia juga bermain dengan anak-anak para dewa, merasakan kegembiraan tanpa",https://id.wikibooks.org/wiki/Warnasari/Cerita_kedua,104634,CC BY-SA 4.0,human-public-corpus,,,,,false
human-v2-093,human,Wawacan Wulang Tani/Pupuh Pangkur,instruksional,wikibooks,"Nomer kesembilan belas, jika hendak menanam salak harus biji, memilih jangan yang tiga, melainkan yang tunggal, hasil memilih bijinya lalu disemai, itu yang tidak pernah gagal, kalau yang dua biji. Sering menjadi salak bunga, ditanamnya jaraknya empat kaki, persegi harus segitu, sampai berbuah, batas empat atau lima tahun, sedangkan untuk harga buah, biasanya dua seduit. Kedua puluh perkara, pelajaran jika hendak menanam huni, bijinya yang dipilih, kalau di tempat panas, sudah berbuah dalam batas empat-lima tahun, kalau di tempat dingin, tujuh tahun keluar pentil. Adapun harga buah, yang asam secangkirnya seduit, biasanya di pasar Garut, sedangkan huni manis, secangkir empat duit pun laku, digunakan sebagai kelir pohon, pasal dua puluh satu. Menanam asam caranya, sama saja seperti menanam huni, umurnya delapan tahun, sampai berbuah, harga buah satu duwit dapat sepuluh, pohonnya akan seukuran sarangka, atau landeyan keris. Pasal dua puluh dua, pelajaran jika menanam calingcing, bijinya yang dipilih, sama seperti belimbing itu, pasal dua puluh tiga yang diceritakan, cara menanam ceremai, dengan cangkok atau biji. Jika menanam dari biji, tiga tahun baru bisa berbuah, jika dari cangkok dua tahun, kalau",https://id.wikibooks.org/wiki/Wawacan_Wulang_Tani/Pupuh_Pangkur,114155,CC BY-SA 4.0,human-public-corpus,,,,,false
human-v2-094,human,Yunani Kuno/Ekonomi,instruksional,wikibooks,"Salah satu tulang punggung bagi perekonomian Yunani adalah laut dan pelayaran. Banyak orang Yunani yang bekerja dengan mengandalkan pelayaran. Sejumlah orang Yunani menjadi nelayan dan menjual sebagian hasil tangkapannya di pasar. Beberapa lainnya adalah pedagang yang menjual barang dagangannya ke negeri-negeri yang jauh melalui laut. Ada pula orang Yunani yang menjadi tentara bagi negara kotanya, mereka menaklukan kota lainnya dan memaksa kota taklukannya memberi upeti. Banyak juga pelaut Yunani yang bekerja sebagai tentara bayaran, menyewakan tenaga dan kapal mereka untuk bertempur bagi negara lain seperti Mesir atau Persia. Yang terakhir, ada orang Yunani yang menjadi perompak, yang menyerang kapal atau pemukiman dan menjarah barang-barang berharga. Pada kenyataannya, pengelompokkan pekerjaan tersebut tidaklah tetap, sehingga ada orang yang terkadang menjadi nelayan, terkadang menjadi perompak, dan terkadang menjadi tentara bayaran.",https://id.wikibooks.org/wiki/Yunani_Kuno/Ekonomi,74170,CC BY-SA 4.0,human-public-corpus,,,,,false
human-v2-095,human,Yunani Kuno/Sastra,instruksional,wikibooks,"Bangsa Yunani menghasilkan banyak karya tulis, dan banyak di antaranya yang masih tersedia bahkan hingga saat ini, sekitar 2000 tahun setelah masa Yunani kuno. Tulisan mereka secara tradisional terbagi menjadi beberapa jenis. Epos: Sekitar 700 SM, Homeros menulis dua epos yang saling terkait, Iliad dan Odysseia. Epos sendiri adalah puisi panjang yang menceritakan kisah kepahlawanan. Puisi: Dua contoh puisi Yunani awal adalah Theogonia dan Erga kai Hemerai karya Hesiodos, sekitar 700 SM. Ada pula sejumlah puisi pendek karya Arkhilokhos dan Sappho sekitar 600 SM. Puisi-puisi karya Sappho merupakan satu-satunya karya sastra penulis perempuan Yunani yang masih bertahan hingga kini Sandiwara: Sandiwara terbagi mennjadi tragedi dan komedi. Tragedi adalah kisah sedih, sedangkan komedi adalah kisah lucu. Tragedi tertua yang diketahui ditulis oleh Aiskhylos sekitar 500 SM. Ada pula tragedi yang ditulis oleh Sophokles (Sekitar 450 SM) dan Euripides (Sekitar 425 SM). Sementara komedia tertua yang diketahui ditulis oleh Aristophanes sekitar 425 SM. Beberapa komedi lainnya ditulis oleh Menandros sekitar 350 SM. Sejarah: Dua sejarawan besar yang karyanya masih ada hingga kini adalah Herodotos dan Thukydides. Sekitar 450 SM, Herodotos menulis sejarah",https://id.wikibooks.org/wiki/Yunani_Kuno/Sastra,79916,CC BY-SA 4.0,human-public-corpus,,,,,false
human-v2-096,human,Yunani Kuno/Seni/Lukisan/Zaman Perunggu,instruksional,wikibooks,"Lukisan-lukisan Yunani tertua yang ada pasa masa kini berasal dari Zaman Perunggu Akhir. Lukisan-lukisan itu ditemukan di pulau Kreta, yang dihuni oleh bangsa Minos. Orang Minos melukis untuk memberi hiasan dan dekorasi pada dinding istana para raja dan ratu Minos. Ketika dinding istana diplester, orang Minos melukis pada plester yang basah itu, sehingga catnya akan menyerap ke dalam plester ketika plesternya mengering. Ini disebut lukisan fresko. Orang Minos amat tertarik pada alam dan mereka senang mulukis tanaman serta hewan. Selain itu, orang Minos juga suka melukis manusia, misalnya pejabat, kawan, dan budak mereka.",https://id.wikibooks.org/wiki/Yunani_Kuno/Seni/Lukisan/Zaman_Perunggu,58194,CC BY-SA 4.0,human-public-corpus,,,,,false
ai-v2-097,ai,Ben Wallace (politikus),ensiklopedis,wikipedia,"Ben Wallace adalah politikus Britania Raya yang lahir pada 15 Mei 1970 di Farnborough, Inggris. Ia menempuh karier militer sebelum masuk dunia politik, bergabung dengan Resimen Skotlandia dan Brigade Layanan Khusus, serta sempat bertugas di Irlandia Utara, Bosnia, Kosovo, dan Afghanistan. Atas keberaniannya di medan laga, ia dianugerahi Military Cross. Wallace terpilih sebagai anggota parlemen dari daerah pemilihan Wyre and Preston North pada 2005 dan dipercaya memegang berbagai posisi di kabinet bayangan. Puncak kariernya terjadi ketika ia diangkat sebagai Menteri Pertahanan Britania Raya pada 2019, melayani di bawah tiga perdana menteri berturut-turut: Boris Johnson, Liz Truss, dan Rishi Sunak. Selama masa jabatannya, Wallace dikenal sebagai pendukung vokal bantuan militer bagi Ukraina menyusul invasi Rusia pada 2022. Ia mengumumkan pengunduran dirinya dari Kabinet pada Agustus 2023 dan tidak mencalonkan diri kembali dalam pemilihan umum 2024. Wallace meninggalkan parlemen dengan reputasi sebagai salah satu menteri pertahanan yang paling berpengalaman secara militer dalam sejarah modern Inggris.",http://localhost:20128/v1/chat/completions,chatcmpl-a065a584e5c66772,Generated benchmark sample,OpenAI-compatible local API,kimchi/minimax-m3,minimax-m3,ensiklopedis-real-v2,2026-07-19T11:47:55.529322+00:00,false
ai-v2-098,ai,Biji chia,ensiklopedis,wikipedia,"Biji chia adalah biji kecil berwarna kehitaman, keabuan, atau putih yang berasal dari tanaman Salvia hispanica, anggota keluarga Lamiaceae. Tanaman ini tumbuh secara alami di Amerika Tengah dan Selatan, terutama Meksiko, Guatemala, dan Bolivia, serta dibudidayakan secara luas di Australia dan Amerika Latin. Biji chia memiliki diameter sekitar 1–2 milimeter dan mengandung lapisan luar yang mampu menyerap cairan hingga sepuluh kali beratnya, membentuk gel saat direndam dalam air. Kandungan nutrisinya mencakup asam lemak omega-3 (asam alfa-linolenat), serat pangan tinggi, protein nabati, kalsium, magnesium, fosfor, serta antioksidan seperti asam klorogenat dan quercetin. Karena profil nutrisinya, biji chia sering ditambahkan ke smoothie, yogurt, oatmeal, atau dijadikan telur chia sebagai pengganti telur pada diet vegan. Dalam sejarah, biji ini menjadi makanan pokok suku Aztec dan Maya, yang menjadikannya sumber energi bagi prajurit dan pelancong. Saat ini, chia populer sebagai makanan fungsional untuk mendukung kesehatan jantung, pencernaan, dan regulasi gula darah.",http://localhost:20128/v1/chat/completions,chatcmpl-1784461701389,Generated benchmark sample,OpenAI-compatible local API,ollama/minimax-m3,minimax-m3,ensiklopedis-real-v2,2026-07-19T11:48:07.998819+00:00,false
ai-v2-099,ai,Cacia ribbei,ensiklopedis,wikipedia,"Cacia ribbei adalah spesies kumbang tanduk panjang (famili Cerambycidae, ordo Coleoptera) yang pertama kali dideskripsikan oleh Breuning pada 1935 dari Sulawesi, Indonesia. Serangga ini masuk subfamili Lamiinae dan memiliki ciri khas genus Cacia berupa tubuh memanjang dengan balutan warna coklat keabuan yang dihiasi pola-pola pucat akibat bulu halus. Antenanya panjang, biasanya melebihi panjang tubuh, dengan segmen-segmen yang berbeda ukuran. Elytra memperlihatkan pita-pita samar dan bintik-bintik kecil yang membentuk pola khas pada tiap individu. Habitatnya tersebar di hutan tropis dataran rendah hingga menengah, tempat larva berkembang di dalam kayu pohon mati atau pohon yang sedang layu. Sebagai dekomposer kayu, spesies ini turut menyokong siklus nutrisi di ekosistem hutan. Data lapangan mengenai populasi dan sebarannya masih terbatas, sehingga status konservasinya belum banyak dikaji.",http://localhost:20128/v1/chat/completions,126c2a7d6a12471aa800a75dbcd23204,Generated benchmark sample,OpenAI-compatible local API,kimchi/kimi-k2.7,kimi-k2.7,ensiklopedis-real-v2,2026-07-19T11:48:21.547544+00:00,false
ai-v2-100,ai,Daftar Wali Kota Parepare,ensiklopedis,wikipedia,"Daftar Wali Kota Parepare mencatat sejarah kepemimpinan administratif di Kota Parepare, Sulawesi Selatan, sejak dibentuk sebagai daerah otonom pada tahun 1960. Sebagai kepala daerah, Wali Kota Parepare bertanggung jawab memimpin roda pemerintahan dan pembangunan di kota pelabuhan yang strategis ini. Kepemimpinan pertama dipegang oleh H. Andi Mannaungi yang menjabat dari tahun 1960 hingga 1965. Sejak saat itu, Parepare telah dipimpin oleh belasan wali kota, baik definitif maupun penjabat (Pj.). Beberapa nama yang tercatat memberikan kontribusi signifikan dalam modernisasi kota antara lain Basrah Hafid, Sjamsu Alam, dan Taufan Pawe yang menjabat selama dua periode (2013–2023) dengan fokus pada pembangunan infrastruktur dan identitas kota. Daftar ini merefleksikan transisi politik dari masa Orde Lama, Orde Baru, hingga era reformasi dan otonomi daerah. Saat terjadi transisi kepemimpinan, jalannya pemerintahan sementara waktu dikendalikan oleh Penjabat Wali Kota yang ditunjuk oleh Kementerian Dalam Negeri.",http://localhost:20128/v1/chat/completions,chatcmpl-orlcaqn_IfanjuMPv-b0aA,Generated benchmark sample,OpenAI-compatible local API,gemini/gemini-3.5-flash,gemini-3.5-flash,ensiklopedis-real-v2,2026-07-19T11:48:48.025170+00:00,false
ai-v2-101,ai,Damien Hirst,ensiklopedis,wikipedia,"Damien Hirst (lahir 7 Juni 1965) adalah seniman kontemporer asal Inggris yang menjadi figur paling dominan sekaligus kontroversial dalam gerakan *Young British Artists* (YBA) pada tahun 1990-an. Ia dikenal karena eksplorasinya terhadap tema-tema mendalam seperti kematian, kefanaan, dan agama melalui karya-karya yang sering kali memicu perdebatan publik. Karya Hirst yang paling ikonik meliputi seri *Natural History*, di mana ia memamerkan bangkai hewan—seperti hiu, domba, atau sapi—yang diawetkan dalam tangki berisi formaldehida. Salah satu karyanya yang paling terkenal, *The Physical Impossibility of Death in the Mind of Someone Living* (1991), menampilkan seekor hiu macan sepanjang empat meter. Selain instalasi, ia juga dikenal melalui lukisan *spot* (titik warna-warni) yang geometris dan karya *spin paintings*. Sepanjang kariernya, Hirst tidak hanya mendefinisikan estetika seni rupa modern, tetapi juga mengubah pasar seni global melalui pendekatan bisnisnya yang berani, menjadikannya salah satu seniman terkaya dan paling berpengaruh di dunia saat ini.",http://localhost:20128/v1/chat/completions,chatcmpl-qrlcau36N_fAjuMPiKvQmAI,Generated benchmark sample,OpenAI-compatible local API,gemini/gemini-3.1-flash-lite-preview,gemini-3.1-flash-lite,ensiklopedis-real-v2,2026-07-19T11:48:56.721079+00:00,false
ai-v2-102,ai,Diafragma urogenital,ensiklopedis,wikipedia,"Diafragma urogenital adalah struktur anatomi berbentuk segitiga yang terletak di area perineum, tepatnya di bawah simfisis pubis. Lapisan ini terdiri dari kombinasi otot rangka dan fasia yang membentuk bagian anterior dasar panggul. Secara struktural, diafragma ini tersusun atas dua lapisan fasia, yakni fasia superior dan inferior, yang mengapit otot transversus perinei profundus serta sfingter uretra eksternus. Fungsi utamanya adalah memberikan dukungan mekanis bagi organ-organ panggul dan membantu mekanisme penutupan uretra guna menjaga kontinensia urine. Pada pria, diafragma ini ditembus oleh uretra pars membranosa, sementara pada wanita, struktur ini dilewati oleh uretra dan vagina. Keberadaannya sangat krusial dalam memisahkan kantong perineum dalam dari area panggul yang lebih dalam. Meskipun dalam terminologi anatomi modern istilah ""membran perinei"" lebih sering digunakan untuk merujuk pada lapisan inferiornya, konsep diafragma urogenital tetap menjadi referensi penting untuk memahami topografi fungsional dasar panggul manusia dalam konteks klinis maupun prosedur bedah.",http://localhost:20128/v1/chat/completions,chatcmpl-rrlcaoPjLfj3juMP-c_J4QU,Generated benchmark sample,OpenAI-compatible local API,gemini/gemini-3-flash-preview,gemini-3-flash-preview,ensiklopedis-real-v2,2026-07-19T11:49:00.560731+00:00,false
ai-v2-103,ai,Dross,ensiklopedis,wikipedia,"Dross adalah lapisan pengotor padat yang terbentuk di atas permukaan logam cair selama proses peleburan, pemurnian, atau pengecoran. Fenomena ini terjadi akibat reaksi oksidasi ketika logam cair bersentuhan dengan udara, serta akumulasi pengotor non-logam yang naik ke permukaan karena perbedaan massa jenis. Komposisi dross umumnya terdiri dari campuran oksida logam dan sejumlah logam murni yang terperangkap di dalamnya. Dalam industri metalurgi, dross sangat sering dijumpai pada pengolahan logam non-besi dengan titik lebur rendah hingga sedang, seperti aluminium, seng, timah, dan timbal. Meskipun dianggap sebagai limbah atau produk sampingan yang tidak diinginkan karena dapat menurunkan kualitas produk akhir, dross masih memiliki nilai ekonomi. Industri modern biasanya memproses kembali dross melalui metode mekanis atau termal untuk memulihkan sisa logam murni yang berharga. Langkah daur ulang ini penting untuk meningkatkan efisiensi produksi sekaligus meminimalkan dampak lingkungan dari limbah industri peleburan.",http://localhost:20128/v1/chat/completions,chatcmpl-u7lcasylL8_kjuMPwq-n2Qs,Generated benchmark sample,OpenAI-compatible local API,ag/gemini-3.5-flash-low,gemini-default,ensiklopedis-real-v2,2026-07-19T11:49:12.410636+00:00,false
ai-v2-104,ai,Elizabeth Rona,ensiklopedis,wikipedia,"Elizabeth Rona (1890–1981) adalah seorang ahli kimia nuklir terkemuka asal Hungaria-Amerika yang dikenal atas kontribusi perintisnya dalam bidang radiokimia. Ia diakui secara internasional karena berhasil memisahkan dan memurnikan isotop radioaktif, khususnya polonium dan radium, dengan tingkat kemurnian yang belum pernah dicapai sebelumnya. Sepanjang awal kariernya di Eropa, Rona bekerja sama dengan tokoh-tokoh besar seperti Marie Curie di Paris dan Otto Hahn di Berlin, yang semakin mengukuhkan reputasinya sebagai pakar pemisahan isotop. Menjelang Perang Dunia II, ia beremigrasi ke Amerika Serikat dan pengetahuan mendalamnya tentang polonium menjadi sangat krusial bagi Proyek Manhattan, terutama dalam pengembangan inisiator neutron untuk senjata nuklir. Setelah perang berakhir, Rona mengalihkan fokus penelitiannya ke bidang oseanografi. Ia memelopori penggunaan metode penanggalan radioaktif untuk mempelajari dinamika sedimen dasar laut dan sirkulasi air laut. Dedikasi serta inovasi metodologisnya sepanjang hidupnya telah meletakkan dasar yang sangat penting bagi perkembangan ilmu nuklir modern dan geokimia kelautan.",http://localhost:20128/v1/chat/completions,chatcmpl-wrlcavLaIfaL4-EP_KzciAo,Generated benchmark sample,OpenAI-compatible local API,ag/gemini-3.1-pro-low,gemini-3.1-pro-low,ensiklopedis-real-v2,2026-07-19T11:49:19.540499+00:00,false
ai-v2-105,ai,Etika,ensiklopedis,wikipedia,"Etika adalah cabang filsafat yang mempelajari nilai, moral, dan prinsip-prinsip yang mengatur perilaku manusia. Istilah ini berasal dari bahasa Yunani ""ethos"" yang berarti kebiasaan atau watak. Sebagai disiplin normatif, etika berusaha merumuskan pedoman mengenai apa yang dianggap benar dan salah, bukan sekadar mendeskripsikan fakta moral yang berlaku di masyarakat. Secara umum, etika terbagi menjadi tiga cabang utama: metaetika, yang membahas hakikat dan dasar-dasar penilaian moral; etika normatif, yang merumuskan prinsip-prinsip perilaku yang seharusnya dijalankan; serta etika terapan, yang menelaah persoalan konkret seperti etika kedokteran, bisnis, lingkungan, dan teknologi. Berbeda dengan hukum yang bersifat mengikat dan memaksakan sanksi, etika bersifat sukarela dan mengandalkan kesadaran internal individu. Dalam kehidupan sehari-hari, etika menjadi kerangka berpikir untuk menjaga keharmonisan sosial, memperkuat integritas pribadi, dan mencegah konflik kepentingan. Penguasaan etika sangat penting bagi para profesional, pemimpin, dan siapa pun yang ingin bertindak secara bertanggung jawab.",http://localhost:20128/v1/chat/completions,chatcmpl-be58d387203c4540,Generated benchmark sample,OpenAI-compatible local API,kimchi/minimax-m3,minimax-m3,ensiklopedis-real-v2,2026-07-19T11:49:37.810115+00:00,false
ai-v2-106,ai,Hidangan Uzbekistan,ensiklopedis,wikipedia,"Masakan Uzbekistan merupakan warisan kuliner Asia Tengah yang berpusat pada penggunaan daging domba, sapi, atau unta, biji-bijian, serta sayuran musiman seperti wortel, bawang bombai, dan tomat. Hidangan paling ikonik adalah plov, nasi yang dimasak bersama daging, wortel iris, bawang, dan lemak dalam kazan (wajan besi) di atas api kayu. Hidangan ini disajikan pada acara pernikahan, festival Navruz, dan pertemuan keluarga. Lagman menjadi ciri khas lain berupa mie tarik panjang yang disajikan dengan kuah daging serta sayuran seperti paprika dan terong. Manti berupa pangsit kukus berisi daging cincang dan bawang, sering disantap dengan saus tomat atau yogurt. Shashlik, sate daging yang dibumbui garam, jintan, dan ketumbar, dipanggang di atas arang. Roti tradisional Uzbekistan, non, berbentuk bulat pipih dengan cap berpola, menjadi pelengkap wajib setiap hidangan. Salad sederhana bernama achichuk, berupa tomat iris dengan bawang bombai dan rempah, mendampingi sajian utama. Dalam budaya Uzbekistan, makanan tidak hanya berfungsi sebagai sumber gizi, tetapi juga simbol keramahan dan identitas kebangsaan.",http://localhost:20128/v1/chat/completions,chatcmpl-1784461812009,Generated benchmark sample,OpenAI-compatible local API,ollama/minimax-m3,minimax-m3,ensiklopedis-real-v2,2026-07-19T11:49:52.437128+00:00,false
ai-v2-107,ai,"Istana Kekaisaran, Gelnhausen",ensiklopedis,wikipedia,"Istana Kekaisaran Gelnhausen (Kaiserpfalz Gelnhausen) adalah reruntuhan istana kekaisaran Romawi Jerman yang terletak di Gelnhausen, Hessen, Jerman, di tepi Sungai Kinzig. Dibangun sekitar tahun 1170 atas perintah Kaisar Friedrich Barbarossa dari Dinasti Staufen, istana ini menjadi salah satu pusat kediaman dan administrasi kekaisaran yang paling penting pada Abad Pertengahan. Bangunan bergaya Romanesque ini memiliki dinding batu yang tebal, aula besar (palas), sisa-sisa kapel, serta fondasi dan menara pertahanan. Gelnhausen didirikan sebagai kota kekaisaran dan memperoleh hak pasar, sehingga istana sering digunakan untuk mengadakan parlemen kekaisaran serta menerima utusan. Setelah mengalami penurunan fungsi, kompleks ini perlahan menjadi reruntuhan. Kini, Istana Kekaisaran Gelnhausen merupakan situs warisan sejarah yang dilindungi dan menjadi daya tarik wisata, dengan bagian-bagian bangunan yang masih menunjukkan keagungan arsitektur kekaisaran abad kedua belas.",http://localhost:20128/v1/chat/completions,41dd6203682a44189fa3bad04a016a65,Generated benchmark sample,OpenAI-compatible local API,kimchi/kimi-k2.7,kimi-k2.7,ensiklopedis-real-v2,2026-07-19T11:50:12.165171+00:00,false
ai-v2-108,ai,Kejuaraan Eropa U-17 UEFA 2007,ensiklopedis,wikipedia,"Kejuaraan Eropa U-17 UEFA 2007 merupakan edisi ke-25 dari turnamen sepak bola remaja tahunan yang diselenggarakan oleh UEFA. Turnamen ini berlangsung di Belgia pada tanggal 2 hingga 13 Mei 2007. Sebanyak delapan tim nasional berpartisipasi setelah melewati babak kualifikasi yang ketat. Spanyol keluar sebagai juara untuk kelima kalinya setelah mengalahkan Inggris dengan skor 1-0 pada babak final di Stadion Luc Varenne, Tournai. Gol tunggal kemenangan Spanyol dicetak oleh Bojan Krkić. Turnamen ini juga berfungsi sebagai babak kualifikasi zona Eropa untuk Piala Dunia U-17 FIFA 2007 di Korea Selatan. Edisi ini dikenal luas karena melahirkan banyak talenta kelas dunia. Gelandang Jerman, Toni Kroos, dinobatkan sebagai Pemain Emas (Golden Player) berkat penampilan gemilangnya. Selain Kroos, bintang muda lain seperti Eden Hazard dari Belgia dan penjaga gawang Spanyol, David de Gea, juga turut mencuri perhatian global sepanjang turnamen ini.",http://localhost:20128/v1/chat/completions,chatcmpl-ErpcauXxL6PajuMPiPjC2Qk,Generated benchmark sample,OpenAI-compatible local API,gemini/gemini-3.5-flash,gemini-3.5-flash,ensiklopedis-real-v2,2026-07-19T11:50:40.286062+00:00,false
ai-v2-109,ai,Konsonan tekak,ensiklopedis,wikipedia,"Konsonan tekak atau konsonan uvular adalah bunyi konsonan yang dihasilkan dengan menyentuhkan atau mendekatkan bagian belakang lidah (dorsum) ke arah uvula atau anak tekak. Dalam sistem fonetik, artikulasi ini terletak di area paling belakang rongga mulut, tepat sebelum mencapai faring. Secara linguistik, konsonan ini mencakup berbagai jenis bunyi, seperti letupan uvular [q], geseran uvular [χ] dan [ʁ], serta getar uvular [ʀ]. Bunyi-bunyi ini ditemukan dalam berbagai bahasa di dunia dengan distribusi yang unik. Sebagai contoh, bunyi [q] lazim dijumpai dalam bahasa Arab, sementara bunyi [ʁ] atau [ʀ] sering muncul dalam dialek bahasa Prancis atau Jerman sebagai variasi fonem ""r"". Dalam bahasa Indonesia, konsonan tekak tidak termasuk dalam inventaris fonem asli. Namun, bunyi ini sering muncul dalam kata serapan yang berasal dari bahasa Arab, seperti pada kata ""qari"" atau ""qurban"". Meskipun penutur bahasa Indonesia cenderung mengadaptasi bunyi ini menjadi letupan velar [k], pengucapan yang lebih presisi tetap mempertahankan artikulasi uvular tersebut untuk menjaga keaslian pelafalan istilah serapan.",http://localhost:20128/v1/chat/completions,chatcmpl-Hbpcao6LM8GcjuMPqryEkQw,Generated benchmark sample,OpenAI-compatible local API,gemini/gemini-3.1-flash-lite-preview,gemini-3.1-flash-lite,ensiklopedis-real-v2,2026-07-19T11:50:51.616098+00:00,false
ai-v2-110,ai,Korupsi di Lituania,ensiklopedis,wikipedia,"Korupsi di Lituania telah mengalami penurunan signifikan sejak negara ini memisahkan diri dari Uni Soviet dan bergabung dengan Uni Eropa. Saat ini, Lituania dianggap sebagai salah satu negara transisi yang paling berhasil dalam memitigasi praktik suap dan penyalahgunaan kekuasaan. Lembaga utama yang memainkan peran krusial adalah Dinas Investigasi Khusus (STT), yang bertugas melakukan pencegahan serta penuntutan terhadap korupsi di sektor publik. Berdasarkan Indeks Persepsi Korupsi dari Transparency International, Lituania secara konsisten berada di peringkat yang cukup baik, sering kali melampaui rata-rata global. Meski demikian, tantangan struktural masih ditemukan, khususnya dalam sektor kesehatan, pengadaan barang dan jasa pemerintah, serta administrasi di tingkat kota. Hubungan yang terlalu erat antara kelompok bisnis tertentu dan pengambilan kebijakan politik tetap menjadi perhatian utama masyarakat sipil. Untuk mengatasinya, pemerintah Lituania terus mendorong digitalisasi birokrasi dan transparansi anggaran guna mempersempit ruang bagi praktik gratifikasi. Komitmen terhadap standar OECD dan pengawasan ketat dari publik menjadi pilar utama dalam upaya menciptakan tata kelola pemerintahan yang bersih dan akuntabel.",http://localhost:20128/v1/chat/completions,chatcmpl-IbpcarG4O_ShjuMPorfrkAM,Generated benchmark sample,OpenAI-compatible local API,gemini/gemini-3-flash-preview,gemini-3-flash-preview,ensiklopedis-real-v2,2026-07-19T11:50:55.781524+00:00,false
ai-v2-111,ai,Lampu lampu,ensiklopedis,wikipedia,"Lampu-lampu adalah peranti pemancar cahaya buatan yang berfungsi sebagai sumber penerangan utama dalam kehidupan modern. Perkembangan teknologi pencahayaan ini bermula dari pemanfaatan api, lilin, dan lampu minyak, sebelum akhirnya mengalami revolusi setelah penemuan lampu pijar oleh Thomas Alva Edison pada akhir abad ke-19. Kini, jenis lampu-lampu telah bertransformasi secara masif, mulai dari lampu fluoresen (TL) hingga teknologi diode pancaran cahaya (LED) yang jauh lebih hemat energi dan tahan lama. Secara fungsional, lampu-lampu diklasifikasikan berdasarkan kegunaannya, seperti lampu penerangan jalan umum (PJU), lampu dekoratif, lampu sorot, hingga lampu kendaraan. Selain fungsi praktis untuk visibilitas dan keamanan di malam hari, penataan lampu-lampu juga memiliki nilai estetika penting dalam arsitektur dan desain interior. Teknologi mutakhir bahkan memungkinkan integrasi lampu pintar (smart lighting) yang dapat dikendalikan secara nirkabel untuk menciptakan atmosfer ruang yang dinamis sesuai kebutuhan penggunanya.",http://localhost:20128/v1/chat/completions,chatcmpl-NbpcaoKhKvfjjuMPgr_w8As,Generated benchmark sample,OpenAI-compatible local API,ag/gemini-3.5-flash-low,gemini-default,ensiklopedis-real-v2,2026-07-19T11:51:14.636759+00:00,false
ai-v2-112,ai,Loki (Marvel Cinematic Universe),ensiklopedis,wikipedia,"Loki Laufeyson, yang diperankan secara ikonik oleh Tom Hiddleston, adalah salah satu karakter paling kompleks dalam waralaba Marvel Cinematic Universe (MCU). Dikenal sebagai Dewa Kenakalan (*God of Mischief*), ia merupakan pangeran angkat Asgard, adik dari Thor, dan putra kandung Laufey, penguasa ras Frost Giant dari Jotunheim. Awalnya diperkenalkan sebagai antagonis utama dalam *Thor* (2011) dan *The Avengers* (2012), Loki digambarkan sebagai sosok manipulatif yang haus kekuasaan dan mahir menggunakan sihir ilusi. Namun, seiring berjalannya waktu, karakternya berevolusi menjadi seorang anti-hero yang tragis. Hubungan benci-tapi-cinta dengan Thor menjadi salah satu dinamika emosional terkuat di MCU. Meskipun versi aslinya tewas di tangan Thanos dalam *Avengers: Infinity War*, sebuah varian Loki dari garis waktu alternatif berhasil melarikan diri menggunakan Tesseract. Varian ini kemudian menjadi fokus utama dalam serial *Loki* di Disney+. Melalui perjalanan lintas dimensi bersama Time Variance Authority (TVA), Loki menemukan penebusan sejati, bertransformasi dari sosok egois menjadi penjaga *multiverse* yang mengorbankan dirinya demi menyelamatkan seluruh realitas.",http://localhost:20128/v1/chat/completions,chatcmpl-PLpcapmLEpiMqfkP8Kju6AE,Generated benchmark sample,OpenAI-compatible local API,ag/gemini-3.1-pro-low,gemini-3.1-pro-low,ensiklopedis-real-v2,2026-07-19T11:51:21.650445+00:00,false
ai-v2-113,ai,Mochammad Syah Manaf,ensiklopedis,wikipedia,"Maaf, saya tidak memiliki informasi yang dapat diverifikasi mengenai Mochammad Syah Manaf dalam basis pengetahuan saya. Tanpa sumber yang dapat dipercaya, saya tidak dapat menyusun uraian ensiklopedis yang akurat tentang tokoh tersebut, karena berisiko memuat data yang keliru atau mengarang fakta. Jika Anda dapat memberikan konteks tambahan—such as bidang kegiatan, asal daerah, atau periode sejarah yang relevan—saya dapat membantu menyusun uraian berdasarkan informasi tersebut. Alternatively, jika tokoh ini terkait dengan peristiwa atau lembaga tertentu, mohon jelaskan agar saya dapat memberikan penjelasan yang sesuai.",http://localhost:20128/v1/chat/completions,chatcmpl-bca49148c36295b8,Generated benchmark sample,OpenAI-compatible local API,kimchi/minimax-m3,minimax-m3,ensiklopedis-real-v2,2026-07-19T11:51:40.670803+00:00,false
ai-v2-114,ai,Musik Melayu,ensiklopedis,wikipedia,"Musik Melayu adalah tradisi musik yang berkembang di kalangan masyarakat Melayu di Semenanjung Malaya, Sumatra, pesisir Kalimantan, dan kepulauan sekitarnya. Bentuk-bentuknya mencakup zapin, ghazal, dondang sayang, dan orkes Melayu, yang tumbuh dari percampuran unsur Melayu asli dengan pengaruh Arab, India, Tionghoa, dan Jawa. Instrumen tradisionalnya antara lain gambus, rebab, gendang, gong, dan kecapi, sedangkan orkes Melayu modern menambahkan gitar, biola, serta akordeon. Ciri khasnya terletak pada melodi yang ritmis, penggunaan tangga nada diatonis dengan ornamen vokal yang panjang, serta irama yang sering kali mengundang tarian dan pantun. Musik ini biasanya mengiringi acara pernikahan, kenduri, dan pertunjukan rakyat, sekaligus menjadi media ekspresi perasaan dan nilai sosial masyarakat Melayu. Pada abad ke-20, orkes Melayu mengalami transformasi dengan masuknya harmoni Barat dan menghasilkan karya-karya populer yang dikenal luas di Asia Tenggara, seperti lagu ""Jali-Jali"" dan ""Injit-Injit Semut"".",http://localhost:20128/v1/chat/completions,chatcmpl-1784461931171,Generated benchmark sample,OpenAI-compatible local API,ollama/minimax-m3,minimax-m3,ensiklopedis-real-v2,2026-07-19T11:51:48.884977+00:00,false
ai-v2-115,ai,Olahraga menembak,ensiklopedis,wikipedia,"Menembak adalah cabang olahraga yang menguji ketepatan, ketenangan, dan kontrol pernapasan peserta dalam menggunakan senapan atau pistol untuk mengarahkan peluru ke sasaran. Disiplin ini terdiri dari beberapa nomor, seperti menembak sambil berdiri, berlutut, atau telentang, serta menembak cepat dan menembak gerak. Dalam kompetisi internasional, jarak tembak umumnya 10 meter, 25 meter, dan 50 meter, dengan kategori senapan angin, senapan api kecil, dan pistol. Atlet mengenakan perlengkapan khusus, termasuk jaket penahan getaran, celana penahan, dan sepatu tembak, guna menjaga stabilitas tubuh. Nilai ditentukan dari kedekatan peluru dengan pusat sasaran, yang diukur secara elektronik atau manual. Menembak telah menjadi bagian Olimpiade sejak 1896, kecuali pada 1904 dan 1928, dan di Indonesia dikelola oleh Perbakin. Latihan rutin menekankan konsentrasi, manajemen detak jantung, serta pengendalian emosi agar tembakan tetap presisi di bawah tekanan.",http://localhost:20128/v1/chat/completions,04a56000f9fc4920b8cb2e5236cbcf5a,Generated benchmark sample,OpenAI-compatible local API,kimchi/kimi-k2.7,kimi-k2.7,ensiklopedis-real-v2,2026-07-19T11:52:11.330194+00:00,false
ai-v2-116,ai,Pasola,ensiklopedis,wikipedia,"Pasola adalah upacara ritual adat masyarakat Sumba di Nusa Tenggara Timur, khususnya di wilayah Sumba Barat dan Sumba Barat Daya. Ritual ini berupa permainan ketangkasan saling melempar tombak kayu (hola) dari atas kuda yang dipacu kencang oleh dua kelompok ksatria adat yang saling berhadapan. Pasola diselenggarakan sekali setahun, biasanya pada bulan Februari atau Maret, sebagai bagian dari rangkaian upacara Nyale untuk menyambut musim tanam. Kehadiran cacing laut berwarna-warni yang disebut *nyale* menjadi penentu waktu pelaksanaan ritual ini di bawah panduan para *rato* (pendeta adat Marapu). Dalam kepercayaan lokal Marapu, pertumpahan darah yang terjadi selama pertempuran Pasola dianggap suci dan dipercaya dapat menyuburkan tanah serta menjamin kelimpahan hasil panen berikutnya. Meskipun tampak berbahaya dan kerap menimbulkan cedera, Pasola tetap diselenggarakan dalam semangat persaudaraan yang tinggi, menjadikannya salah satu atraksi budaya paling ikonik dan sakral di Indonesia.",http://localhost:20128/v1/chat/completions,chatcmpl-fbpcaslhy9eO4w_eqZWoDg,Generated benchmark sample,OpenAI-compatible local API,gemini/gemini-3.5-flash,gemini-3.5-flash,ensiklopedis-real-v2,2026-07-19T11:52:26.682733+00:00,false
ai-v2-117,ai,Perjanjian Umum tentang Perdagangan Jasa,ensiklopedis,wikipedia,"Perjanjian Umum tentang Perdagangan Jasa (GATS) adalah perjanjian internasional di bawah naungan Organisasi Perdagangan Dunia (WTO) yang mulai berlaku pada tahun 1995. GATS menjadi kerangka kerja multilateral pertama yang mengatur perdagangan jasa secara komprehensif, mencakup sektor-sektor seperti perbankan, telekomunikasi, transportasi, hingga jasa profesional. Tujuan utama perjanjian ini adalah menciptakan sistem perdagangan jasa yang transparan, stabil, dan liberal dengan prinsip perlakuan nasional serta *most-favored-nation* (MFN). Dalam GATS, perdagangan jasa didefinisikan melalui empat moda pasokan: suplai lintas batas, konsumsi di luar negeri, kehadiran komersial, dan kehadiran individu. Meskipun memberikan fleksibilitas bagi negara anggota untuk menentukan tingkat keterbukaan pasar mereka, GATS tetap mewajibkan setiap negara untuk mempublikasikan kebijakan terkait jasa secara terbuka. Dengan demikian, perjanjian ini berfungsi sebagai instrumen vital dalam mendorong integrasi ekonomi global dan memfasilitasi aliran investasi jasa internasional, sekaligus memberikan ruang bagi pemerintah untuk tetap mengatur kebijakan domestik demi kepentingan pembangunan nasional.",http://localhost:20128/v1/chat/completions,chatcmpl-iLpcavBA-PeO4w_5z8nhBQ,Generated benchmark sample,OpenAI-compatible local API,gemini/gemini-3.1-flash-lite-preview,gemini-3.1-flash-lite,ensiklopedis-real-v2,2026-07-19T11:52:37.797337+00:00,false
ai-v2-118,ai,Ramoji Rao,ensiklopedis,wikipedia,"Cherukuri Ramoji Rao (1936–2024) adalah seorang pengusaha media, produser film, dan tokoh industri terkemuka asal India yang mendirikan konglomerat Ramoji Group. Ia dikenal luas sebagai sosok visioner di balik Ramoji Film City di Hyderabad, yang memegang rekor dunia Guinness sebagai kompleks studio film terbesar di dunia. Melalui fasilitas ini, Rao menyediakan infrastruktur kelas dunia yang merevolusi proses produksi film di India. Di bidang pers, ia mendirikan surat kabar harian berbahasa Telugu, *Eenadu*, yang tumbuh menjadi salah satu harian regional paling berpengaruh dan memiliki sirkulasi terbesar di India. Ekspansinya ke media elektronik melalui jaringan ETV Network semakin memperkuat pengaruhnya dalam menyebarkan informasi ke berbagai pelosok daerah. Atas kontribusi besarnya dalam bidang jurnalisme, sastra, dan pendidikan, Pemerintah India menganugerahinya penghargaan Padma Vibhushan pada tahun 2016. Warisan Ramoji Rao tidak hanya terletak pada kesuksesan bisnisnya, tetapi juga pada transformasinya terhadap lanskap media dan budaya populer di India Selatan yang bertahan hingga saat ini.",http://localhost:20128/v1/chat/completions,chatcmpl-jLpcaqAx86eO4w_khcqIBQ,Generated benchmark sample,OpenAI-compatible local API,gemini/gemini-3-flash-preview,gemini-3-flash-preview,ensiklopedis-real-v2,2026-07-19T11:52:41.793492+00:00,false
ai-v2-119,ai,Robert Ezra Park,ensiklopedis,wikipedia,"Robert Ezra Park (1864–1944) adalah seorang sosiolog pionir asal Amerika Serikat yang menjadi salah satu tokoh kunci dalam Mazhab Chicago. Sebelum berkarier di dunia akademis, Park bekerja sebagai jurnalis. Pengalaman ini membentuk pendekatan empirisnya yang khas dalam mempelajari dinamika sosial perkotaan melalui observasi langsung. Ia terkenal karena meletakkan dasar bagi sosiologi perkotaan dan konsep ekologi manusia (*human ecology*). Park memandang kota sebagai laboratorium sosial yang dinamis, tempat berbagai kelompok ras dan budaya berinteraksi, beradaptasi, dan terkadang berkonflik. Bersama Ernest Burgess, ia mengembangkan model zona konsentris untuk menjelaskan struktur spasial kota. Selain sosiologi perkotaan, Park memberikan kontribusi besar pada studi hubungan ras dan perilaku kolektif. Konsepnya mengenai siklus hubungan ras menjelaskan proses asimilasi imigran di Amerika. Warisan intelektualnya terus memengaruhi metodologi penelitian kualitatif dan sosiologi modern hingga saat ini.",http://localhost:20128/v1/chat/completions,chatcmpl-obpcariqIfShjuMPorfrkAM,Generated benchmark sample,OpenAI-compatible local API,ag/gemini-3.5-flash-low,gemini-default,ensiklopedis-real-v2,2026-07-19T11:53:02.714269+00:00,false
ai-v2-120,ai,Royal Riders Indonesia,ensiklopedis,wikipedia,"Royal Riders Indonesia (RoRI) adalah klub otomotif independen yang mewadahi para pemilik dan penggemar sepeda motor Royal Enfield di Indonesia. Didirikan pada 16 Juli 2016 di Jakarta, RoRI telah berkembang pesat menjadi salah satu komunitas motor klasik terbesar di Nusantara. Saat ini, organisasi tersebut memiliki ribuan anggota aktif yang bernaung di bawah berbagai *chapter* dan *sub-chapter* wilayah, membentang dari Sumatra hingga Bali. Keanggotaan RoRI bersifat inklusif untuk seluruh varian Royal Enfield, mulai dari seri Bullet, Classic, Himalayan, hingga motor bermesin ganda (Twin). Mengusung nilai persaudaraan lintas latar belakang, kegiatan utama komunitas ini meliputi tur berkendara reguler (*touring*), kopi darat, dan edukasi keselamatan berlalu lintas (*safety riding*). Lebih dari sekadar klub hobi, RoRI juga dikenal aktif menyelenggarakan bakti sosial kemasyarakatan serta festival perayaan hari jadi berskala nasional. Meski bergerak secara independen, RoRI kerap menjalin kemitraan dengan agen pemegang merek resmi guna memperkuat budaya berkendara yang beretika, aman, serta mempromosikan pariwisata otomotif di Indonesia.",http://localhost:20128/v1/chat/completions,chatcmpl-qbpcaovXBrX5g8UPkIXpoQI,Generated benchmark sample,OpenAI-compatible local API,ag/gemini-3.1-pro-low,gemini-3.1-pro-low,ensiklopedis-real-v2,2026-07-19T11:53:10.407334+00:00,false
ai-v2-121,ai,Ruth Barcan Marcus,ensiklopedis,wikipedia,"Ruth Barcan Marcus (1921–2012) adalah filsuf Amerika Serikat yang dikenal atas kontribusinya dalam logika modal, khususnya pengembangan rumus Barcan yang menghubungkan kuantifikasi dengan operator necessity dan possibility. Lahir dengan nama Ruth Charlotte Barcan di New York, ia menempuh pendidikan di Universitas New York dan Yale. Marcus mengajar di Universitas Northwestern sebelum bergabung dengan Yale pada 1973, menjadi perempuan pertama yang memegang jabatan profesor tetap penuh di departemen filsafat Yale. Karya-karyanya mencakup metafisika, epistemologi, etika, dan filsafat bahasa, termasuk pembahasan tentang nama proper, intensionalitas, serta hubungan antara logika dan ontologi. Ia juga menulis tentang identitas, landasan logis bagi etika, dan kritik terhadap relativisme. Marcus menerima penghargaan Matchette Prize dan diakui sebagai salah satu pemikir paling berpengaruh dalam logika filosofis abad ke-20.",http://localhost:20128/v1/chat/completions,chatcmpl-ac71f10fdf102355,Generated benchmark sample,OpenAI-compatible local API,kimchi/minimax-m3,minimax-m3,ensiklopedis-real-v2,2026-07-19T11:53:33.535116+00:00,false
ai-v2-122,ai,"Sampiran, Talun, Cirebon",ensiklopedis,wikipedia,"Sampiran adalah sebuah desa yang terletak di Kecamatan Talun, Kabupaten Cirebon, Provinsi Jawa Barat, Indonesia. Desa ini berada di dataran rendah pesisir utara Pulau Jawa, sekitar delapan kilometer barat daya pusat Kota Cirebon. Permukiman warga tersusun memanjang di sepanjang jalan utama desa yang membelah wilayahnya, dengan kawasan permukiman yang padat di sisi timur. Mata pencaharian penduduk didominasi oleh pertanian padi sawah, perdagangan kelontong, dan usaha jasa, sementara sebagian warga bekerja di industri rumahan pengolahan makanan ringan. Masjid Jami At-Taqwa dan musala-musala kecil menjadi pusat kegiatan keagamaan Islam yang kental di desa ini. Fasilitas pendidikan meliputi sekolah dasar dan madrasah yang melayani anak-anak di sekitar kecamatan. Bahasa sehari-hari masyarakat adalah dialek Cirebon, sementara tradisi seperti sedekah bumi, ziarah ke makam keramat, dan peringatan Maulid Nabi masih rutin dilakukan. Lahan pertanian di desa ini mengandalkan irigasi sederhana dari sungai kecil di sekitarnya.",http://localhost:20128/v1/chat/completions,chatcmpl-1784462045902,Generated benchmark sample,OpenAI-compatible local API,ollama/minimax-m3,minimax-m3,ensiklopedis-real-v2,2026-07-19T11:53:49.841502+00:00,false
ai-v2-123,ai,Sekolah Stand Up Milenial,ensiklopedis,wikipedia,"Sekolah Stand Up Milenial (SSUM) adalah komunitas dan lembaga edukasi komedi stand-up di Indonesia yang berfokus pada generasi muda, khususnya milenial. Didirikan oleh komika Pandji Pragiwaksono, sekolah ini menawarkan kelas-kelas stand-up comedy mulai dari teknik menulis materi, delivery, hingga penampilan di panggung. Kurikulumnya dirancang agar peserta dapat belajar dari nol, tanpa memandang latar belakang. Program-programnya mencakup workshop intensif, kelas daring, dan mentoring dari komika berpengalaman, sehingga peserta tak hanya menguasai teknik bercanda, tetapi juga membangun karakter panggung dan kepercayaan diri. Selain kelas offline dan online, SSUM rutin menggelar open mic, showcase, dan kompetisi untuk memberi wadah berlatih serta memperkenalkan bakat baru. Kehadirannya di media sosial, seperti YouTube dan Instagram, memperluas jangkauan pembelajaran komedi di berbagai kota. Dengan pendekatan yang terstruktur namun santai, Sekolah Stand Up Milenial berperan dalam melahirkan generasi komika muda dan memperluas ekosistem komedi Indonesia.",http://localhost:20128/v1/chat/completions,4721e3588aed44a4a82604461f777645,Generated benchmark sample,OpenAI-compatible local API,kimchi/kimi-k2.7,kimi-k2.7,ensiklopedis-real-v2,2026-07-19T11:54:06.062612+00:00,false
ai-v2-124,ai,Skisma,ensiklopedis,wikipedia,"Skisma adalah perpecahan atau pemisahan formal dalam suatu organisasi atau kelompok, yang paling sering merujuk pada tubuh keagamaan. Istilah ini sangat lekat dengan sejarah kekristenan, meskipun fenomena serupa juga terjadi dalam agama lain. Berbeda dengan bidah (heresi) yang menolak doktrin dasar, skisma lebih berfokus pada penolakan terhadap otoritas kepemimpinan atau persekutuan yang sah. Peristiwa paling monumental dalam sejarah adalah Skisma Besar tahun 1054, yang secara permanen memisahkan Gereja Kristen menjadi Gereja Katolik Roma di Barat dan Gereja Ortodoks Timur di Timur. Selain itu, sejarah mencatat Skisma Barat (1378–1417) ketika terjadi perebutan takhta kepausan oleh beberapa klaiman sekaligus. Pemicu utama skisma biasanya melibatkan kombinasi perselisihan teologis, perbedaan budaya, dan ketegangan geopolitik. Dampaknya sering kali melahirkan institusi-institusi baru yang masing-masing mengklaim sebagai pewaris sah dari tradisi yang asli, mengubah lanskap sosial-keagamaan secara permanen.",http://localhost:20128/v1/chat/completions,chatcmpl-A7tcaoeBHK2tjuMPgM_PgAU,Generated benchmark sample,OpenAI-compatible local API,gemini/gemini-3.5-flash,gemini-3.5-flash,ensiklopedis-real-v2,2026-07-19T11:54:41.105416+00:00,false
ai-v2-125,ai,Stasiun Arna,ensiklopedis,wikipedia,"Stasiun Arna merupakan sebuah stasiun kereta api yang terletak di Arna, sebuah distrik di kota Bergen, Norwegia. Stasiun ini menjadi titik transit krusial bagi jalur kereta api Bergensbanen yang menghubungkan Bergen dengan Oslo. Sejak dibuka pada tahun 1964, stasiun ini berfungsi sebagai gerbang utama bagi para penumpang yang ingin menghindari perjalanan panjang melalui pegunungan menuju pusat kota Bergen, terutama setelah dioperasikannya Terowongan Ulriken. Secara infrastruktur, Stasiun Arna melayani kereta komuter lokal dan kereta jarak jauh. Lokasinya yang strategis di antara dua terowongan panjang menjadikannya titik vital dalam sistem transportasi kereta api di Norwegia Barat. Fasilitas stasiun telah mengalami berbagai pembaruan untuk meningkatkan kenyamanan penumpang dan efisiensi operasional. Dengan pemandangan alam khas Norwegia yang mengelilingi area stasiun, Stasiun Arna tidak hanya berfungsi sebagai pusat mobilitas penduduk lokal, tetapi juga menjadi titik awal bagi wisatawan yang ingin menikmati perjalanan kereta api dengan pemandangan spektakuler menuju dataran tinggi Hardangervidda dan wilayah pedalaman Norwegia lainnya.",http://localhost:20128/v1/chat/completions,chatcmpl-DrtcasDED--sjuMPzKjggAw,Generated benchmark sample,OpenAI-compatible local API,gemini/gemini-3.1-flash-lite-preview,gemini-3.1-flash-lite,ensiklopedis-real-v2,2026-07-19T11:54:52.054124+00:00,false
ai-v2-126,ai,Terowongan Taman Phoenix,ensiklopedis,wikipedia,"Terowongan Taman Phoenix, atau Phoenix Park Tunnel, adalah infrastruktur perkeretaapian vital yang terletak di Dublin, Irlandia. Terowongan ini memiliki panjang sekitar 692 meter dan membentang di bawah bagian tenggara Taman Phoenix, melewati area dekat Monumen Wellington. Dibangun pada tahun 1877 oleh Great Southern and Western Railway, struktur ini awalnya berfungsi sebagai penghubung strategis untuk angkutan barang antara jalur kereta api di bagian selatan dan utara kota. Selama lebih dari satu abad, terowongan ini jarang digunakan untuk layanan penumpang reguler. Namun, setelah proyek renovasi besar-besaran, terowongan ini resmi dibuka kembali untuk layanan komuter pada November 2016. Langkah tersebut sangat signifikan karena memungkinkan kereta dari jalur pinggiran barat Dublin untuk mengakses Stasiun Connolly dan Grand Canal Dock secara langsung tanpa harus transit di Heuston. Saat ini, Terowongan Taman Phoenix memainkan peran kunci dalam sistem transportasi publik Dublin dengan menyediakan rute transit yang lebih efisien bagi ribuan komuter setiap harinya, menghubungkan wilayah County Kildare dengan pusat bisnis dan area dermaga kota.",http://localhost:20128/v1/chat/completions,chatcmpl-ErtcavyqB5qzjuMP6K7GYQ,Generated benchmark sample,OpenAI-compatible local API,gemini/gemini-3-flash-preview,gemini-3-flash-preview,ensiklopedis-real-v2,2026-07-19T11:54:55.944881+00:00,false
ai-v2-127,ai,Texas Instruments,ensiklopedis,wikipedia,"Texas Instruments Incorporated (TI) adalah perusahaan teknologi multinasional Amerika Serikat yang berkantor pusat di Dallas, Texas. Didirikan pada tahun 1930 sebagai Geophysical Service Incorporated sebelum berganti nama pada tahun 1951, TI dikenal luas sebagai salah satu pelopor industri semikonduktor global. Perusahaan ini merancang dan memproduksi semikonduktor serta berbagai sirkuit terpadu (IC) untuk dipasarkan ke produsen elektronik di seluruh dunia. Salah satu pencapaian paling bersejarah TI terjadi pada tahun 1958 ketika karyawannya, Jack Kilby, menemukan sirkuit terpadu pertama, sebuah inovasi yang merevolusi dunia komputasi modern. Selain chip analog dan prosesor tertanam yang menjadi pilar bisnis utamanya, TI juga sangat populer di kalangan akademisi melalui lini kalkulator grafik dan kalkulator ilmiahnya. Saat ini, Texas Instruments memegang ribuan paten dan terus menjadi pemasok utama komponen elektronik untuk sektor otomotif, industri, dan elektronik konsumen global.",http://localhost:20128/v1/chat/completions,chatcmpl-HrtcavCpA7a84-EPjNqD4AU,Generated benchmark sample,OpenAI-compatible local API,ag/gemini-3.5-flash-low,gemini-default,ensiklopedis-real-v2,2026-07-19T11:55:06.863878+00:00,false
ai-v2-128,ai,Tofalar,ensiklopedis,wikipedia,"Tofalar, yang secara historis dikenal sebagai Karagas, adalah kelompok etnis pribumi minoritas di wilayah Pegunungan Sayan, Oblast Irkutsk, Siberia, Rusia. Wilayah terpencil kediaman mereka kerap disebut Tofalaria. Mereka menuturkan bahasa Tofa, sebuah bahasa dari rumpun Turkik yang kini berstatus sangat terancam punah karena sebagian besar generasi mudanya telah beralih menggunakan bahasa Rusia. Secara tradisional, masyarakat Tofalar menjalani gaya hidup nomaden yang sangat bergantung pada penggembalaan rusa kutub dan perburuan satwa liar di hutan taiga. Rusa kutub tidak hanya menjadi sumber pangan, tetapi juga hewan beban yang vital untuk transportasi di medan pegunungan. Namun, pada era Uni Soviet, kebijakan kolektivisasi memaksa mereka meninggalkan kehidupan nomaden dan menetap di desa-desa permanen seperti Alygdzher. Saat ini, populasi Tofalar diperkirakan hanya berjumlah sekitar 700 hingga 800 jiwa. Di tengah besarnya tantangan asimilasi budaya dan modernisasi, komunitas ini terus berupaya membangkitkan kembali pelestarian tradisi, cerita rakyat, serta praktik syamanisme yang menjadi warisan leluhur mereka.",http://localhost:20128/v1/chat/completions,chatcmpl-JbtcasWZL5qPjuMPoYeDuQw,Generated benchmark sample,OpenAI-compatible local API,ag/gemini-3.1-pro-low,gemini-3.1-pro-low,ensiklopedis-real-v2,2026-07-19T11:55:15.077929+00:00,false
ai-v2-129,ai,Ada Bahagia,instruksional,wikibooks,"Ada Bahagia bisa dimulai dari langkah-langkah sederhana yang dilakukan setiap hari. Pertama, bangunlah dengan niat positif dan tuliskan satu hal kecil yang kamu syukuri, seperti udara pagi atau suara burung di luar jendela. Kedua, perhatikan momen-momen yang biasanya terlewat—rasakan tekstur makanan, dengarkan tawa anak-anak, atau hirup aroma tanah setelah hujan. Ketiga, hubungkan diri dengan orang lain secara tulus, entah melalui pesan singkat, telepon singkat, atau obrolan ringan di depan rumah. Keempat, gerakkan tubuh selama lima belas menit; berjalan kaki, berkebun, atau sekadar membersihkan halaman sudah cukup. Kelima, lakukan satu kebaikan spontan untuk orang lain tanpa mengharapkan balasan, misalnya membawakan tetangga makanan atau membantu mengangkat barang. Keenam, sebelum tidur, tuliskan tiga momen terbaik hari ini. Kebahagiaan sering kali tersembunyi dalam hal-hal biasa, dan dengan latihan rutin, ia akan terasa semakin dekat dan nyata dalam keseharianmu.",http://localhost:20128/v1/chat/completions,chatcmpl-96ed33dc435c652b,Generated benchmark sample,OpenAI-compatible local API,kimchi/minimax-m3,minimax-m3,instruksional-real-v2,2026-07-19T11:55:34.215865+00:00,false
ai-v2-130,ai,Afrika Kuno/Arsitektur/Awal,instruksional,wikibooks,"Panduan praktis mengenal arsitektur awal Afrika: Mulailah dari konteks geografi. Bangunan kuno di benua ini lahir dari material lokal - batu pasir di Nubia, lumpur Nil, granit di dataran tinggi Etiopia. Setiap kawasan mengembangkan ciri khasnya sendiri. Telusuri tradisi megalitik tertua. Lingkaran batu Nabta Playa di Sahara, dibangun sekitar 5000 SM, menjadi bukti awal kemampuan astronomi dan teknik batu kering. Perhatikan bagaimana batu-batu itu disejajarkan dengan titik balik matahari musim panas. Lihat evolusi dari bata lumpur ke batu monumental. Di Mesir pradinasti, makam awalnya hanya berupa tumpukan pasir, lalu berkembang menjadi mastaba Saqqara dengan struktur bertingkat. Amati kompleks piramida Giza. Piramida Khufu, Khafre, dan Menkaure dari Kerajaan Lama menunjukkan presisi pemotongan batu dan orientasi kosmis yang matang untuk zamannya. Pelajari tradisi Nubia kuno. Kubur peti batu kebudayaan A-Group memperlihatkan fondasi teknik yang kemudian memengaruhi arsitektur piramida Meroe. Akhiri dengan membaca arsitektur sebagai narasi. Tiap struktur adalah ekspresi keyakinan, hierarki sosial, dan jalur dagang antarperadaban kuno.",http://localhost:20128/v1/chat/completions,chatcmpl-1784462183775,Generated benchmark sample,OpenAI-compatible local API,ollama/minimax-m3,minimax-m3,instruksional-real-v2,2026-07-19T11:55:48.984113+00:00,false
ai-v2-131,ai,"Aku Ingin Menjadi yang Terbaik Untukmu, Bukan yang Tercantik Bagimu/Aku Ingin Menjadi yang Terbaik Untukmu, Bukan yang Tercantik Bagimu",instruksional,wikibooks,"Mulai dari mengenali dirimu sendiri. Catat kebiasaan kecil yang sering mengganggu komunikasi, seperti memotong pembicaraan atau menunda minta maaf. Lalu, latih diri untuk mendengarkan sepenuh hati saat dia bercerita, tanpa buru-buru memberi solusi. Perhatikan hal konkret: ingat jadwalnya, dukung saat lelah, dan hadir saat dibutuhkan meski hanya lewat pesan singkat. Jangan hanya fokus pada penampilan luar, tapi rawat juga sikap, kesabaran, dan cara berpikir. Bangun kepercayaan dengan konsisten. Jika berjanji, tepati. Jika salah, akui. Teruslah belajar, baik soal keterampilan maupun pengendalian emosi. Terakhir, tanyakan langsung apa yang membuatnya merasa dicintai dan nyaman. Setiap orang memiliki definisi “terbaik” yang berbeda. Dengan terus menyesuaikan diri tanpa kehilangan jati diri, kamu akan menjadi versi terbaik untuknya.",http://localhost:20128/v1/chat/completions,32bfaaea4519444897f677cfb3633c1f,Generated benchmark sample,OpenAI-compatible local API,kimchi/kimi-k2.7,kimi-k2.7,instruksional-real-v2,2026-07-19T11:56:23.940630+00:00,false
ai-v2-132,ai,Alkitab bahasa Betawi/Tukang Khotbah 9,instruksional,wikibooks,"Mendalami kitab ""Tukang Khotbah 9"" (Pengkhotbah 9) dalam bahasa Betawi memberikan perspektif yang segar dan akrab tentang kefanaan hidup. Berikut langkah praktis untuk menggunakannya: Pertama, akses teksnya melalui aplikasi Alkitab digital atau situs SABDA yang menyediakan Alkitab dialek Betawi. Cari bagian ""Tukang Khotbah 9"". Kedua, bacalah dengan bersuara. Dialek Betawi sangat kental dengan tradisi lisan. Saat Anda membaca ayat seperti ajakan untuk menikmati makanan dengan gembira, intonasi khas Betawi akan membuat pesannya terasa lebih hangat, jujur, dan membumi. Ketiga, catat istilah unik. Kata-kata seperti *kaga*, *nyang*, atau *bikin* memberikan kedekatan emosional yang berbeda dibanding bahasa formal. Terakhir, gunakan sebagai bahan diskusi kelompok atau saat teduh keluarga. Refleksi tentang nasib manusia yang serupa di bab ini terasa lebih menyentuh saat dibagikan dengan gaya bahasa sehari-hari yang ceplas-ceplos namun sarat makna.",http://localhost:20128/v1/chat/completions,chatcmpl-c7tcapqJJOvSjuMP-I-saQ,Generated benchmark sample,OpenAI-compatible local API,gemini/gemini-3.5-flash,gemini-3.5-flash,instruksional-real-v2,2026-07-19T11:56:33.196586+00:00,false
ai-v2-133,ai,Asia Tengah Pra-1500/Sejarah/Tibet,instruksional,wikibooks,"Menjelajahi sejarah Asia Tengah dan Tibet sebelum tahun 1500 seperti menyusuri labirin peradaban yang saling bersilangan. Langkah pertama, mulailah dengan memahami peran Jalur Sutra sebagai urat nadi pertukaran budaya dan agama. Fokuslah pada bagaimana pengaruh Buddhisme merambat dari India melalui lembah-lembah terjal menuju dataran tinggi Tibet, yang kemudian membentuk identitas unik Kekaisaran Tibet di bawah Raja Songtsen Gampo. Selanjutnya, pelajari dinamika kekuatan di stepa Asia Tengah. Perhatikan bagaimana bangsa nomaden seperti Göktürk dan kemudian Kekaisaran Mongol mengubah peta politik dunia secara drastis. Jangan lewatkan peran penting kota-kota oasis seperti Samarkand dan Dunhuang sebagai pusat intelektual yang menyimpan manuskrip kuno. Untuk memahami periode ini, cobalah membedah interaksi antara kekuatan besar Tiongkok, Persia, dan suku-suku lokal. Dengan menghubungkan titik-titik perdagangan, penyebaran agama, dan ekspansi militer, Anda akan melihat bahwa kawasan ini bukanlah wilayah terisolasi, melainkan jantung yang memompa denyut sejarah dunia selama berabad-abad. Fokus pada keterkaitan ini akan membuat narasi sejarah yang kompleks menjadi jauh lebih hidup dan mudah dipahami.",http://localhost:20128/v1/chat/completions,chatcmpl-fbtcauqvHI2Dg8UP1oy4uQE,Generated benchmark sample,OpenAI-compatible local API,gemini/gemini-3.1-flash-lite-preview,gemini-3.1-flash-lite,instruksional-real-v2,2026-07-19T11:56:43.259855+00:00,false
ai-v2-134,ai,Aturan Mengurus Narapidana di Hindia Belanda/Bab 1,instruksional,wikibooks,"Mengelola penjara di era Hindia Belanda menuntut ketegasan sesuai *Gevangenisreglement*. Langkah pertama saat narapidana tiba adalah verifikasi surat penahanan resmi. Pastikan dokumen tersebut sah sebelum mencatat identitas lengkap mereka ke dalam buku register atau *stamboek*. Setelah itu, lakukan penggeledahan badan secara menyeluruh untuk menyita barang-barang terlarang, uang, maupun senjata tajam demi keamanan fasilitas. Prosedur selanjutnya adalah pemisahan berdasarkan klasifikasi sosial dan ras, yang menjadi ciri khas tata laksana kolonial. Narapidana Eropa harus dipisahkan dari golongan Bumiputera dan Timur Asing untuk menjaga hierarki sosial serta ketertiban. Jangan lupa menjadwalkan pemeriksaan kesehatan oleh dokter pemerintah guna memastikan narapidana layak menjalani masa hukuman tanpa membawa wabah penyakit. Terakhir, berikan pakaian seragam penjara dan jelaskan aturan disiplin dasar yang berlaku di dalam sel. Setiap petugas wajib menjaga kewibawaan pemerintah kolonial dengan tidak memberikan kelonggaran yang tidak perlu. Kepatuhan pada prosedur Bab 1 ini adalah fondasi utama dalam menjaga keamanan rumah tahanan agar tetap kondusif.",http://localhost:20128/v1/chat/completions,chatcmpl-gbtcat_RJZqzjuMP6K7GYQ,Generated benchmark sample,OpenAI-compatible local API,gemini/gemini-3-flash-preview,gemini-3-flash-preview,instruksional-real-v2,2026-07-19T11:56:47.454141+00:00,false
ai-v2-135,ai,Buku Parenting yang Recommended,instruksional,wikibooks,"Menemukan buku *parenting* yang tepat bisa mengubah cara kita mengasuh. Langkah pertama, sesuaikan dengan kebutuhan anak. Untuk melatih komunikasi balita, buku *""How to Talk So Kids Will Listen""* karya Adele Faber sangat direkomendasikan karena praktis. Jika ingin memahami emosi anak secara ilmiah, bacalah *""The Whole-Brain Child""* karya Daniel J. Siegel yang fokus pada perkembangan otak. Langkah kedua, catat poin penting. Saat membaca, siapkan jurnal kecil. Tulis satu atau dua tips yang paling relevan dengan tantangan Anda saat ini, misalnya cara mengatasi tantrum. Langkah terakhir, langsung praktikkan. Jangan mencoba menerapkan seluruh isi buku sekaligus. Pilih satu teknik saja, lalu uji coba selama dua minggu secara konsisten. Ingat, pengasuhan bukan tentang menjadi sempurna, melainkan membangun koneksi. Dengan fokus pada panduan yang tepat, Anda akan lebih tenang menghadapi dinamika tumbuh kembang anak.",http://localhost:20128/v1/chat/completions,chatcmpl-kbtcasmAFODAg8UPldmu8Qc,Generated benchmark sample,OpenAI-compatible local API,ag/gemini-3.5-flash-low,gemini-default,instruksional-real-v2,2026-07-19T11:57:02.617409+00:00,false
ai-v2-136,ai,Buku Saku Farmakoterapi/Osteoartritis,instruksional,wikibooks,"Menggunakan Buku Saku Farmakoterapi untuk menangani osteoartritis (OA) sebenarnya sangat praktis jika Anda memahami alur klinisnya. Pertama, selalu mulai dengan menilai tingkat nyeri dan kondisi penyerta pasien secara menyeluruh. Apakah ada riwayat gangguan lambung, ginjal, atau kardiovaskular? Ini sangat penting sebelum Anda memilih jenis obat. Langkah kedua, jadikan parasetamol atau NSAID topikal (seperti gel natrium diklofenak) sebagai lini pertama, terutama untuk pasien lansia dengan keluhan nyeri ringan hingga sedang. Jika nyeri belum teratasi, langkah ketiga adalah beralih ke penggunaan NSAID oral. Untuk pasien dengan risiko gastrointestinal tinggi, pilih inhibitor COX-2 seperti celecoxib, atau kombinasikan NSAID non-selektif dengan pelindung lambung seperti omeprazole. Keempat, jika terapi oral tidak memberikan respons memadai saat terjadi eksaserbasi akut, pertimbangkan opsi injeksi kortikosteroid intra-artikular. Terakhir, jangan hanya terpaku pada resep obat semata. Selalu edukasi pasien bahwa terapi farmakologis wajib berjalan beriringan dengan modifikasi gaya hidup, seperti penurunan berat badan dan fisioterapi ringan, agar sendi tidak semakin terbebani.",http://localhost:20128/v1/chat/completions,chatcmpl-l7tcap3MFOqzjuMPn6LkoAI,Generated benchmark sample,OpenAI-compatible local API,ag/gemini-3.1-pro-low,gemini-3.1-pro-low,instruksional-real-v2,2026-07-19T11:57:08.874349+00:00,false
ai-v2-137,ai,Eropa di Tiongkok/Bab 18,instruksional,wikibooks,"Menemukan Eropa di kota-kota Tiongkok ternyata tidak sulit jika tahu ke mana harus melangkah. Mulailah dari kawasan konsulat di Beijing, seperti Sanlitun yang dipenuhi kafe dan butik dengan nuansa benua biru. Di Shanghai, berjalanlah sepanjang Bund di sore hari untuk melihat gedung-gedung bergaya neoklasik Eropa, lalu mampir ke area Former French Concession yang tenang dengan jalan berbatu dan pepohonan rindang. Untuk mencicipi kuliner otentik, carilah toko roti dan deli milik ekspatriat di sekitar distrik Jing'an atau Xintiandi—sourdough, croissant, dan keju impor mudah ditemukan di sana. Jika ingin berbelanja produk Eropa, kunjungi department store besar seperti Taikoo Li atau IAPM yang menyediakan butik fashion internasional dengan label-label terkenal. Terakhir, manfaatkan pusat kebudayaan seperti Delegasi Uni Eropa atau Goethe-Institut untuk acara gratis, mulai dari pemutaran film hingga diskusi sastra yang terbuka untuk umum.",http://localhost:20128/v1/chat/completions,chatcmpl-9aea6f801d841206,Generated benchmark sample,OpenAI-compatible local API,kimchi/minimax-m3,minimax-m3,instruksional-real-v2,2026-07-19T11:57:38.093377+00:00,false
ai-v2-138,ai,India Kuno/Agama/Hindu/Wisnu,instruksional,wikibooks,"Dalam tradisi Hindu kuno, Wisnu dikenal sebagai pemelihara jagat yang turun ke dunia melalui avatar-avatar seperti Rama dan Khrisna. Untuk memahami sosoknya secara praktis, ikuti langkah berikut. Pertama, kenali atribut dasarnya: cakra sebagai simbol kekuatan kosmis, sangka sebagai lambang pengetahuan, serta warna kulit biru yang menandakan luasnya cakrawala. Kedua, pahami siklus avatar. Setiap kali dharma terancam, Wisnu turun untuk memulihkan keseimbangan, seperti Khrisna yang menasihati Arjuna di medan Kurukshetra. Ketiga, pelajari wiracarita Ramayana. Kisah Rama, Sinta, dan Rahwana mengajarkan tentang kesetiaan, pengorbanan, serta kemenangan kebaikan atas kejahatan. Keempat, amalkan nilai-nilainya dalam kehidupan sehari-hari, misalnya menjaga keharmonisan keluarga seperti Rama, bersikap rendah hati seperti Khrisna, dan menegakkan keadilan di lingkungan sekitar. Kelima, perdalam pemahaman melalui teks Bhagawadgita dan wiracarita lainnya agar penghayatan terhadap ajaran Wisnu tidak berhenti pada tataran simbol, melainkan menjadi pedoman hidup nyata.",http://localhost:20128/v1/chat/completions,chatcmpl-1784462279396,Generated benchmark sample,OpenAI-compatible local API,ollama/minimax-m3,minimax-m3,instruksional-real-v2,2026-07-19T11:57:50.527841+00:00,false
ai-v2-139,ai,JANDA MISKIN,instruksional,wikibooks,"Panduan Praktis Menolong Janda Miskin Langkah pertama, datangi dengan sopan dan dengarkan keluhannya tanpa menghakimi. Catat kebutuhan mendesak, seperti makanan, obat, atau biaya sekolah anak. Kedua, bantu urus dokumen penting: KTP, KK, akta kematian suami, dan surat keterangan tidak mampu. Dokumen ini kunci untuk mengakses bantuan sosial. Ketiga, arahkan ke program yang tepat, misalnya PKH, BPJS Kesehatan gratis, atau bantuan modal usaha dari Dinas Sosial. Keempat, dukung kemandirian ekonomi dengan mengajari keterampilan sederhana, seperti menjual makanan, menjahit, atau beternak, sesuai kemampuannya. Kelima, jalin komunikasi rutin dengan tetangga dan RT/RW agar bantuan berkelanjutan. Terakhir, libatkan anak-anaknya dalam pendidikan dan kegiatan positif. Jangan janji berlebihan; transparansi membangun kepercayaan. Bantuan yang konsisten, terencana, dan menghormati harga dirinya akan jauh lebih berarti daripada bantuan sekadar uang.",http://localhost:20128/v1/chat/completions,e755b2edda5c41e282b1b5cf9eb5df7f,Generated benchmark sample,OpenAI-compatible local API,kimchi/kimi-k2.7,kimi-k2.7,instruksional-real-v2,2026-07-19T11:57:59.561082+00:00,false
ai-v2-140,ai,Kelahiran Kembali Turki/Bab 17,instruksional,wikibooks,"Memahami Bab 17 dari ""Kelahiran Kembali Turki"" membutuhkan pendekatan yang sistematis karena bab ini mengupas tuntas puncak reformasi struktural Mustafa Kemal Atatürk. Langkah pertama, fokuslah pada transisi hukum. Catat bagaimana hukum syariah digantikan oleh hukum perdata Swiss secara radikal untuk menciptakan sistem sekuler yang baru. Selanjutnya, analisis dampak sosial dari adopsi alfabet Latin yang dibahas di pertengahan bab. Langkah praktisnya adalah memetakan bagaimana perubahan aksara ini mempercepat peningkatan tingkat melek huruf secara nasional dalam waktu singkat. Jangan lewatkan bagian oposisi politik; buatlah diagram alur yang menunjukkan bagaimana Atatürk menetralisir faksi konservatif untuk mengamankan jalannya reformasi. Terakhir, refleksikan relevansi bab ini dengan manajemen perubahan modern. Bab 17 bukan sekadar catatan sejarah, melainkan cetak biru tentang bagaimana kepemimpinan yang tegas dapat merombak identitas suatu bangsa. Gunakan poin-poin analisis ini sebagai bahan diskusi atau esai kritis Anda berikutnya.",http://localhost:20128/v1/chat/completions,chatcmpl-3rtcau3BBJqzjuMP6K7GYQ,Generated benchmark sample,OpenAI-compatible local API,gemini/gemini-3.5-flash,gemini-3.5-flash,instruksional-real-v2,2026-07-19T11:58:19.601065+00:00,false
ai-v2-141,ai,"Kumpulan Dongeng-Dongeng Unik/Adat Bangsawan di Negara Istanbul, Cara Menerapkan Hukuman",instruksional,wikibooks,"Menelusuri warisan sastra Istanbul bukan hanya soal sejarah, tetapi tentang memahami etiket bangsawan yang kompleks. Dalam kumpulan dongeng klasik kota ini, hukuman sering kali digambarkan sebagai instrumen untuk menjaga harmoni sosial, bukan sekadar pelampiasan amarah. Jika Anda ingin menerapkan filosofi ini, mulailah dengan pendekatan yang tenang. Pertama, sampaikan teguran secara empat mata dalam suasana formal; bagi kaum ningrat Istanbul, menjaga martabat di depan publik adalah prioritas utama. Kedua, hindari hukuman fisik yang kasar. Gunakanlah sanksi berupa pembatasan hak istimewa atau tugas administratif yang menuntut ketelitian. Prinsip utamanya adalah ""hukuman yang mendidik"". Setiap tindakan harus mencerminkan kebijakan seorang pemimpin yang bijak, bukan penguasa yang impulsif. Dengan memberikan ruang untuk refleksi diri, subjek yang bersalah justru akan lebih menghargai hierarki dan adat yang berlaku. Ingat, tujuan akhir dari setiap disiplin di lingkungan ini adalah pemulihan kehormatan, bukan penghancuran karakter. Praktikkan dengan konsistensi yang lembut namun tegas, maka tata krama akan tetap terjaga dengan baik.",http://localhost:20128/v1/chat/completions,chatcmpl-6LtcaoeyFoHHjuMPx5HKkAU,Generated benchmark sample,OpenAI-compatible local API,gemini/gemini-3.1-flash-lite-preview,gemini-3.1-flash-lite,instruksional-real-v2,2026-07-19T11:58:30.153409+00:00,false
ai-v2-142,ai,Melangkah Maju,instruksional,wikibooks,"Melangkah maju bukan berarti melupakan segalanya dalam semalam, melainkan keberanian untuk mengambil satu langkah kecil hari ini. Pertama, terimalah kenyataan yang ada tanpa menghakimi diri sendiri. Berhenti bertanya ""mengapa ini terjadi"" dan mulailah bertanya ""apa yang bisa saya lakukan sekarang"". Kedua, fokuslah pada perubahan rutinitas sederhana. Jika biasanya Anda terpuruk di dalam kamar, cobalah berjalan kaki sepuluh menit di bawah sinar matahari pagi. Udara segar membantu menjernihkan pikiran yang buntu. Ketiga, kurangi beban ekspektasi. Anda tidak perlu langsung sukses besar atau sembuh total; cukup selesaikan satu tugas kecil setiap harinya, seperti merapikan tempat tidur atau mencatat rencana esok hari. Terakhir, kelilingi diri dengan lingkungan yang mendukung. Jauhi pemicu stres yang hanya menarik Anda kembali ke masa lalu. Ingatlah bahwa kemajuan sering kali tidak terlihat secara instan, namun setiap langkah kecil yang konsisten akan membawa Anda ke tempat yang lebih baik. Percayalah pada prosesnya dan berikan waktu bagi diri Anda untuk bertumbuh kembali.",http://localhost:20128/v1/chat/completions,chatcmpl-B7xcaq2ECe-sjuMP9I3hqAU,Generated benchmark sample,OpenAI-compatible local API,gemini/gemini-3-flash-preview,gemini-3-flash-preview,instruksional-real-v2,2026-07-19T11:58:34.360337+00:00,false
ai-v2-143,ai,Mesir Kuno/Pengetahuan,instruksional,wikibooks,"Menyelami lembaran sejarah dan kebijaksanaan Mesir Kuno tidak sesulit yang dibayangkan jika Anda tahu dari mana harus memulai. Pertama, mulailah dengan menguraikan dasar hieroglif. Jangan langsung menghafal ribuan simbol; fokuslah pada *phonograms* (simbol suara) yang mewakili alfabet modern. Ini adalah kunci utama untuk membaca mantra-mantra pelindung di dinding makam. Kedua, pelajari konsep *Ma'at*—prinsip kebenaran, keadilan, dan keseimbangan kosmis. Memahami *Ma'at* akan membantu Anda mengerti mengapa masyarakat Mesir Kuno sangat terobsesi dengan hukum moral dan ritual mumifikasi demi kehidupan setelah kematian. Terakhir, amati bagaimana mereka menghubungkan astronomi dengan kehidupan praktis. Pelajari rasi bintang Sirius, yang kemunculannya menandai banjir tahunan Sungai Nil. Pengetahuan ini menunjukkan bahwa sains mereka selalu terikat erat dengan kelangsungan hidup. Melalui tiga langkah terstruktur ini, misteri peradaban Sungai Nil akan mulai terbuka secara logis bagi Anda.",http://localhost:20128/v1/chat/completions,chatcmpl-GbxcasuEDfXnjuMPkp6m0AU,Generated benchmark sample,OpenAI-compatible local API,ag/gemini-3.5-flash-low,gemini-default,instruksional-real-v2,2026-07-19T11:59:18.550117+00:00,false
ai-v2-144,ai,Mitologi Kelt/Dewa Galia/Smertrios,instruksional,wikibooks,"Mengenal Smertrios, salah satu dewa penting dalam panteon Galia kuno, membuka jendela menarik ke dalam mitologi Kelt. Jika Anda ingin menelusuri jejak dewa ini, ikuti panduan praktis berikut. Pertama, kenali identitas utamanya. Smertrios dipuja sebagai dewa perang dan pelindung oleh masyarakat Galia. Saat Romawi berkuasa, ia sering disinkretiskan dengan pahlawan mitologi Romawi, sehingga lebih luas dikenal dengan nama Hercules Smertrios. Kedua, perhatikan simbolisme ikoniknya. Namanya memiliki arti ""Sang Penyedia"" atau ""Pelindung"". Dalam berbagai ukiran kuno, ia selalu digambarkan sebagai sosok pria berotot yang memegang gada besar, bersiap menyerang seekor ular atau naga. Adegan ini melambangkan kemenangan keteraturan atas kekacauan. Ketiga, telusuri bukti sejarahnya. Jika Anda berkunjung ke Paris, carilah *Pilier des Nautes* (Pilar Tukang Perahu) di Musée de Cluny. Monumen abad pertama inilah yang menyimpan relief Smertrios paling terkenal yang masih bertahan hingga kini. Dengan memahami ketiga aspek ini—akar sinkretisme, simbol keberanian, dan artefak fisiknya—Anda dapat menangkap esensi Smertrios secara utuh sebagai bagian hidup dari sejarah Eropa kuno.",http://localhost:20128/v1/chat/completions,chatcmpl-Hrxcaqe2OZurjuMP7qO8iAU,Generated benchmark sample,OpenAI-compatible local API,ag/gemini-3.1-pro-low,gemini-3.1-pro-low,instruksional-real-v2,2026-07-19T11:59:24.325101+00:00,false
ai-v2-145,ai,Mitologi Yunani/12 Tugas Herakles/Tugas Kelima,instruksional,wikibooks,"Membersihkan Kandang Raja Augeas dalam Satu Hari Tugas kelima Herakles adalah membersihkan kandang sapi Raja Augeas yang sudah menumpuk kotoran selama bertahun-tahun. Berikut langkah praktis dari strategi Herakles: 1. Kenali masalahnya sejak awal. Herakles sadar bahwa membersihkan secara manual mustahil tuntas dalam sehari karena ribuan sapi menghuni kandang itu. 2. Amati lingkungan sekitar. Herakles tidak langsung bekerja, melainkan menelusuri medan dan menemukan dua sungai besar yang mengalir dekat lokasi. 3. Manfaatkan sumber daya alam. Ia membendung sungai Alpheus dan Peneus, lalu membuat saluran agar airnya masuk ke dalam kandang. 4. Biarkan arus bekerja. Air deras langsung menyapu kotoran ke luar, menyelesaikan pekerjaan dalam hitungan jam tanpa kelelahan fisik. 5. Tetapkan imbalan yang jelas. Herakles meminta sepersepuluh ternak sebagai bayaran, meski Raja Augeas akhirnya mengingkari janji tersebut. Pelajaran utamanya sederhana: hadapi masalah mustahil dengan akal budi, bukan sekadar otot. Kadang solusi terbaik justru ada di sekitar kita.",http://localhost:20128/v1/chat/completions,chatcmpl-b3350fe51ac5e656,Generated benchmark sample,OpenAI-compatible local API,kimchi/minimax-m3,minimax-m3,instruksional-real-v2,2026-07-19T11:59:43.842073+00:00,false
ai-v2-146,ai,Mitologi Yunani/Perang Troya/Pengorbanan di Aulis,instruksional,wikibooks,"Panduan Memahami Pengorbanan di Aulis Untuk menelusuri kisah Pengorbanan di Aulis, mulailah dari konteks awalnya: armada Yunani terjebak di pelabuhan Aulis karena angin berhenti bertiup. Menurut nubuat Calchas, dewi Artemis sedang murka setelah Agamemnon membunuh rusa sakral di hutannya. Langkah kedua, pahami dilema sang raja: satu-satunya cara mengembalikan angin adalah mempersembahkan putri sulungnya, Iphigenia, di atas altar. Agamemnon mengirim surat palsu kepada Clytemnestra, menjebak Iphigenia dengan alasan akan dinikahkan dengan Achilles. Langkah ketiga, ikuti adegan klimaks ketika Iphigenia menyadari kebenaran. Dalam tragedi Euripides, ia memilih menerima takdirnya demi kemuliaan bersama Yunani. Terakhir, waspadai dua varian akhir cerita. Versi mitis menyebut Artemis menggantikan Iphigenia dengan seekor rusa dan mengangkatnya menjadi pendeta di tanah Tauris. Versi lain menggambarkan korban benar-benar terjadi, meninggalkan dendam yang menuntun Clytemnestra membunuh Agamemnon sepulang dari Troya.",http://localhost:20128/v1/chat/completions,chatcmpl-1784462411292,Generated benchmark sample,OpenAI-compatible local API,ollama/minimax-m3,minimax-m3,instruksional-real-v2,2026-07-19T11:59:56.772345+00:00,false
ai-v2-147,ai,Panduan Game/GBA/S,instruksional,wikibooks,"Mulai dengan memilih game dan platform yang ingin dibahas, seperti Game Boy Advance atau konsol serupa. Mainkan game beberapa kali sampai Anda benar-benar memahami alur cerita, mekanik permainan, lokasi kunci, serta rahasia yang tersembunyi. Selama bermain, catat setiap langkah penting, item langka, lokasi save point, dan musuh atau boss yang sering membuat pemain stuck. Susun panduan secara kronologis dari awal hingga akhir, gunakan subjudul untuk setiap stage, area, atau chapter. Tambahkan deskripsi visual, screenshot, atau peta sederhana agar pembaca mudah mengikuti. Periksa kembali fakta, level karakter, nama item, dan urutan misi agar tidak ada kesalahan. Terakhir, uji keterbacaan panduan dengan meminta teman atau anggota komunitas membaca sebelum dipublikasikan. Dengan langkah ini, panduan game Anda akan lebih jelas, akurat, dan bermanfaat.",http://localhost:20128/v1/chat/completions,b4cad49ef7b84127aad6bbab03565234,Generated benchmark sample,OpenAI-compatible local API,kimchi/kimi-k2.7,kimi-k2.7,instruksional-real-v2,2026-07-19T12:00:11.454143+00:00,false
ai-v2-148,ai,Parallel world 2013/tba 1,instruksional,wikibooks,"Menikmati petualangan dalam *Parallel World 2013/tba 1* membutuhkan persiapan yang tepat agar jalannya permainan lancar tanpa kendala teknis. Langkah pertama, pastikan Anda mengunduh emulator yang kompatibel, seperti SNES9x versi terbaru, karena modifikasi ini sangat sensitif terhadap akurasi emulasi. Selanjutnya, dapatkan berkas ROM asli yang bersih sebagai basis. Gunakan alat penambal seperti Lunar IPS untuk menyatukan berkas *patch* .ips dari *Parallel World 2013* ke ROM tersebut. Proses ini krusial; pastikan tidak ada pesan eror saat penambalan selesai. Sebelum mulai bermain, masuk ke menu pengaturan emulator. Atur pemetaan tombol kontrol senyaman mungkin dan aktifkan fitur *save state*. Mengingat tingkat kesulitan *Parallel World* yang terkenal sangat tinggi dan penuh teka-teki rumit, fitur simpan cepat ini akan menjadi penyelamat Anda. Terakhir, mulailah menjelajah dengan sabar. Perhatikan setiap detail lingkungan karena petunjuk sering kali tersembunyi di tempat yang tidak terduga. Selamat bertualang di dunia paralel!",http://localhost:20128/v1/chat/completions,chatcmpl-XbxcatqRLaWzjuMPovL0oQU,Generated benchmark sample,OpenAI-compatible local API,gemini/gemini-3.5-flash,gemini-3.5-flash,instruksional-real-v2,2026-07-19T12:00:27.241332+00:00,false
ai-v2-149,ai,Pemrograman Clojure/Pengantar,instruksional,wikibooks,"Clojure adalah bahasa pemrograman fungsional yang berjalan di atas Java Virtual Machine (JVM), menjadikannya pilihan tangguh untuk sistem yang kompleks. Keunggulan utamanya terletak pada sintaks Lisp yang berbasis kurung dan konsep *immutability* yang membuat kode lebih mudah diprediksi. Untuk memulainya, langkah pertama adalah menginstal *Leiningen*, alat manajemen proyek standar di komunitas Clojure. Setelah terpasang, cukup jalankan perintah `lein new app proyek-pertama` di terminal untuk membuat kerangka aplikasi. Anda bisa langsung masuk ke mode interaktif dengan mengetik `lein repl`. Di sinilah keajaiban terjadi; Anda bisa mengetik kode dan melihat hasilnya seketika tanpa perlu kompilasi ulang yang memakan waktu. Fokuslah memahami struktur data dasar seperti *list*, *vector*, *map*, dan *set*. Jangan terburu-buru, mulailah dengan menulis fungsi sederhana menggunakan operator `defn`. Karena Clojure mengutamakan ekspresi, biasakan diri Anda berpikir dalam transformasi data alih-alih perubahan *state*. Dengan ekosistem yang kaya dan dukungan *interop* Java yang mulus, Clojure menawarkan cara berpikir baru yang akan mempertajam logika pemrograman Anda secara signifikan. Selamat bereksplorasi!",http://localhost:20128/v1/chat/completions,chatcmpl-Z7xcao_uIsGcjuMP67PU-Q4,Generated benchmark sample,OpenAI-compatible local API,gemini/gemini-3.1-flash-lite-preview,gemini-3.1-flash-lite,instruksional-real-v2,2026-07-19T12:00:37.401375+00:00,false
ai-v2-150,ai,Permainan,instruksional,wikibooks,"Bermain Ludo bukan sekadar soal keberuntungan dadu, melainkan tentang strategi penempatan bidak yang cerdik. Langkah pertama, fokuslah mengeluarkan semua bidak dari kandang sesegera mungkin. Jangan hanya mengandalkan satu bidak yang melaju jauh sendirian, karena ini sangat berisiko dipukul lawan dan dipaksa kembali ke titik awal. Selanjutnya, manfaatkan ""titik aman"" berwarna di sepanjang lintasan secara maksimal. Jika ada bidak lawan yang mengintai di belakangmu, lebih baik bertahan sejenak di zona aman daripada memaksakan maju tanpa perhitungan. Strategi menyerang juga penting; posisikan bidakmu beberapa langkah di belakang lawan untuk menciptakan peluang ""memukul"" mereka keluar dari papan saat dadu menguntungkanmu. Terakhir, prioritaskan bidak yang sudah mendekati garis finish. Hitunglah sisa langkah dengan cermat agar kamu tidak membuang angka dadu yang besar secara percuma. Dengan kombinasi kesabaran dan taktik menyerang yang tepat, kemenangan di papan Ludo bukan lagi sekadar impian, melainkan hasil dari perhitungan yang matang.",http://localhost:20128/v1/chat/completions,chatcmpl-brxcauyFHP6sjuMPy6fWqAg,Generated benchmark sample,OpenAI-compatible local API,gemini/gemini-3-flash-preview,gemini-3-flash-preview,instruksional-real-v2,2026-07-19T12:00:41.516123+00:00,false
ai-v2-151,ai,Permainan Tradisional Sunda/Slep Dur,instruksional,wikibooks,"Permainan tradisional Sunda *Slep Dur* sangat seru dimainkan bersama teman-teman. Langkah pertamanya, pilihlah dua orang untuk menjadi ""gerbang"". Mereka berdiri berhadapan sambil saling berpegangan tangan di atas kepala. Sisa pemain lainnya berbaris memanjang ke belakang, memegang pundak teman di depannya untuk membentuk barisan ular. Setelah siap, barisan ular mulai berjalan meliuk-liuk melewati kolong gerbang sambil menyanyikan lagu khas *Slep Dur*. Saat lagu berakhir pada lirik terakhir, kedua penjaga gerbang harus segera menurunkan tangan mereka untuk menangkap satu pemain yang sedang melintas di bawahnya. Pemain yang tertangkap kemudian harus memilih salah satu penjaga secara rahasia, biasanya diwakili dengan pilihan nama seperti ""bulan"" atau ""bintang"". Setelah semua pemain tertangkap dan terbagi menjadi dua kelompok di belakang masing-masing penjaga, permainan diakhiri dengan adu tarik tambang antar kedua tim. Siapa yang bertahan tanpa terjatuh adalah pemenangnya.",http://localhost:20128/v1/chat/completions,chatcmpl-kLxcauPkEuDAg8UPldmu8Qc,Generated benchmark sample,OpenAI-compatible local API,ag/gemini-3.5-flash-low,gemini-default,instruksional-real-v2,2026-07-19T12:01:17.283460+00:00,false
ai-v2-152,ai,Permainan/Berkelompok/Galah Asin,instruksional,wikibooks,"Bermain Galah Asin, atau yang sering kita sebut Gobak Sodor, membutuhkan kecepatan dan kerja sama tim yang solid. Untuk memulainya, siapkan area datar dan gambarlah lapangan persegi panjang menggunakan kapur. Bagi lapangan tersebut menjadi enam kotak dengan garis melintang dan satu garis membujur di tengah. Selanjutnya, kumpulkan teman-teman dan bagi menjadi dua kelompok berisi tiga hingga lima orang, yakni tim penjaga dan tim penyerang. Aturannya cukup sederhana namun menantang. Tim penjaga harus berdiri di atas garis; mereka bertugas menghadang lawan dan hanya diizinkan bergerak mengikuti jalur garis tersebut. Satu orang biasanya ditugaskan menjaga garis vertikal tengah agar bisa bergerak bebas dari depan ke belakang. Sementara itu, tim penyerang harus mengatur strategi untuk menyusup. Tujuannya adalah berlari melewati semua baris penjaga dari petak terdepan hingga ke paling belakang, lalu kembali lagi ke garis awal dengan selamat. Jika ada satu saja anggota penyerang yang tersentuh tangan penjaga, permainan langsung berhenti dan posisi kedua tim ditukar. Kuncinya ada pada kelincahan mengecoh lawan!",http://localhost:20128/v1/chat/completions,chatcmpl-lrxcaoXPMJr_juMPoOKFiQU,Generated benchmark sample,OpenAI-compatible local API,ag/gemini-3.1-pro-low,gemini-3.1-pro-low,instruksional-real-v2,2026-07-19T12:01:24.251537+00:00,false
ai-v2-153,ai,Raja Panatih dan Kuau Putih,instruksional,wikibooks,"The user wants a practical guide in Indonesian about ""Raja Panatih dan Kuau Putih"" (likely a traditional Indonesian folktale or local legend about a king named Raja Panatih and a white peacock/kuau). The guide should be 120-170 words, flowing naturally, practical style, specific, without mentioning AI, and only the main text. Let me think about what ""Raja Panatih dan Kuau Putih"" refers to. This sounds like it could be a local legend from Indonesia, possibly from a specific region. Raja Panatih might be a king figure, and Kuau Putih means ""White Peacock."" I'll create a practical guide about this legend, perhaps about understanding or experiencing this story. Wait, I need to be careful. I'm not entirely sure about the specific details of ""Raja Panatih dan Kuau Putih"" - is it a real legend? Let me think... This could be from a specific Indonesian region. Actually, I should be careful not to fabricate details about a specific cultural story I'm not certain about. However, the user is asking for a ""panduan praktis"" (practical guide) about this topic. Perhaps it's about: -",http://localhost:20128/v1/chat/completions,chatcmpl-a97b55b1249d9351,Generated benchmark sample,OpenAI-compatible local API,kimchi/minimax-m3,minimax-m3,instruksional-real-v2,2026-07-19T12:01:48.388923+00:00,false
ai-v2-154,ai,Raksasa-Raksasi,instruksional,wikibooks,"Panduan Praktis Mengenal Raksasa dan Raksasi dalam Cerita Nusantara Raksasa dan Raksasi adalah sosok berbadan besar dari mitologi Hindu yang sudah ratusan tahun融入 ke dalam cerita rakyat kita. Cara mengenalnya cukup mudah kalau mau循序漸進 belajar. Langkah pertama, pahami dulu sumbernya. Kebanyakan kisah raksasa berasal dari Ramayana dan Mahabharata. Cukup hafal nama seperti Rahwana, Kumbakarna, dan Sarpakenaka sebagai pintu masuk. Kedua, perhatikan ciri khasnya. Raksasa umumnya berkulit gelap, bertaring, berambut gimbal, dan bertubuh menjulang. Versi perempuan atau Raksasi kadang digambarkan cantik untuk menipu musuhnya. Ketiga, datang langsung ke tempat bersejarahnya. Candi Prambanan menyimpan relief peperangan Rama melawan Rahwana, sementara Goa Lawah di Bali erat dengan legenda raksasa penjaga. Keempat, jangan keliru membedakan. Raksasa berbeda dari buta, jin, atau memedi meskipun sama-sama makhluk halus. Kelima, teruskan cerita ini ke anak, tetangga, atau lewat media sosial agar kisah mereka tidak hilang ditelan waktu.",http://localhost:20128/v1/chat/completions,chatcmpl-1784462558640,Generated benchmark sample,OpenAI-compatible local API,ollama/minimax-m3,minimax-m3,instruksional-real-v2,2026-07-19T12:02:21.108006+00:00,false
ai-v2-155,ai,Sejarah Kekaisaran/Kushan,instruksional,wikibooks,"Panduan praktis mempelajari Sejarah Kekaisaran Kushan: Pertama, kenali akar suku Yuezhi dari Asia Tengah yang berpindah ke Baktria sekitar abad ke-2 SM setelah tekanan dari bangsa Xiongnu. Kedua, pelajari pendirian kekaisaran oleh Kujula Kadphises pada abad ke-1 M, yang menyatukan berbagai wilayah di Afghanistan, Pakistan, dan India utara. Ketiga, pahami masa kejayaan di bawah Kaisar Kanishka I pada abad ke-2 M, ketika Kushan menguasai Jalur Sutra, memperkuat perdagangan, dan menjadi pusat penyebaran agama Buddha serta aliran Mahayana. Keempat, teliti bukti arkeologis seperti koin emas dengan tulisan Yunani dan Prakrit, patung Gandhara, dan reruntuhan kota Kapisa. Kelima, analisis faktor kemunduran, mulai dari tekanan Kekaisaran Sassaniyah hingga serangan bangsa Hun pada abad ke-3 M. Keenam, refleksikan warisan Kushan sebagai jembatan budaya antara India, Persia, Tiongkok, dan Yunani-Romawi. Dengan langkah-langkah ini, Anda dapat memahami bagaimana Kekaisaran Kushan membentuk peradaban Asia Tengah.",http://localhost:20128/v1/chat/completions,763be0a7824d4c2fb915d92c3504b76f,Generated benchmark sample,OpenAI-compatible local API,kimchi/kimi-k2.7,kimi-k2.7,instruksional-real-v2,2026-07-19T12:02:38.799328+00:00,false
ai-v2-156,ai,Warnasari/Cerita kedua,instruksional,wikibooks,"Menulis ""Cerita Kedua"" dalam antologi *Warnasari* membutuhkan kepekaan khusus agar momentum pembaca tidak padam setelah cerita pembuka yang memukau. Langkah pertama, ciptakan kontras emosi. Jika cerita pertama berakhir dengan ketegangan tinggi, mulailah cerita kedua dengan tempo yang lebih tenang namun penuh misteri untuk memberi ruang bernapas bagi pembaca. Selanjutnya, jahitlah benang merah yang halus. Walau plot dan karakternya berbeda, pastikan ada resonansi tema—seperti pencarian identitas atau konflik moral—yang mengikat kedua cerita secara tersirat. Ini menjaga keutuhan jiwa antologi Anda. Terakhir, langsung pikat pembaca di paragraf awal. Perkenalkan tokoh utama lewat tindakan nyata yang memicu rasa ingin tahu, bukan lewat deskripsi panjang yang membosankan. Dengan menjaga transisi ritme ini, bagian kedua *Warnasari* Anda akan menjadi jembatan emosional yang kuat, mengalirkan rasa penasaran pembaca menuju cerita-cerita berikutnya tanpa hambatan.",http://localhost:20128/v1/chat/completions,chatcmpl-_rxcaqL8IdGDg8UPtODyuAE,Generated benchmark sample,OpenAI-compatible local API,gemini/gemini-3.5-flash,gemini-3.5-flash,instruksional-real-v2,2026-07-19T12:03:08.147258+00:00,false
ai-v2-157,ai,Wawacan Wulang Tani/Pupuh Pangkur,instruksional,wikibooks,"Mempelajari Wawacan Wulang Tani, khususnya melalui Pupuh Pangkur, adalah cara yang indah untuk menyelami kearifan lokal masyarakat Sunda tentang pertanian. Langkah pertama, mulailah dengan memahami watak Pupuh Pangkur yang tegas dan bersemangat. Bayangkan Anda sedang memberikan nasihat bijak kepada seorang petani muda. Selanjutnya, perhatikan aturan *guru wilangan* dan *guru lagu* yang ketat. Dalam setiap baris, pastikan jumlah suku katanya tepat dan vokal akhirnya sesuai dengan pola 8-a, 11-i, 8-u, 7-a, 12-u, 8-a, dan 8-i. Jangan terburu-buru; bacalah dengan irama yang mantap agar pesan tentang kesabaran mengolah tanah dan syukur atas hasil panen tersampaikan dengan khidmat. Saat melantunkannya, fokuslah pada penjiwaan liriknya. Wulang Tani bukan sekadar lagu, melainkan panduan hidup agar kita senantiasa menghargai alam. Cobalah berlatih di tempat yang tenang, rasakan setiap baitnya, dan biarkan filosofi agraris tersebut meresap ke dalam sanubari. Dengan konsistensi, Anda akan mampu membawakan tembang ini dengan penuh makna dan keanggunan khas budaya Sunda.",http://localhost:20128/v1/chat/completions,chatcmpl-B71caqyPPOqzjuMPn6LkoAI,Generated benchmark sample,OpenAI-compatible local API,gemini/gemini-3.1-flash-lite-preview,gemini-3.1-flash-lite,instruksional-real-v2,2026-07-19T12:03:17.796448+00:00,false
ai-v2-158,ai,Yunani Kuno/Ekonomi,instruksional,wikibooks,"Memahami ekonomi Yunani Kuno sebenarnya cukup sederhana jika kita melihatnya dari sudut pandang warga polis. Pertama, fokuslah pada sektor pertanian sebagai fondasi utama. Bayangkan Anda memiliki kebun zaitun atau anggur; inilah komoditas emas mereka. Karena tanah Yunani yang berbatu, biji-bijian sering kali harus diimpor, sehingga perdagangan maritim menjadi langkah krusial berikutnya. Selanjutnya, manfaatkan keberadaan pelabuhan seperti Piraeus. Di sini, sistem barter mulai bergeser ke penggunaan koin perak, atau drachma, yang memudahkan transaksi lintas wilayah. Jangan lupa peran pasar pusat atau agora. Di sana, pajak dikumpulkan untuk mendanai angkatan laut dan pembangunan kuil-kuil megah secara kolektif. Terakhir, perhatikan bagaimana tenaga kerja budak menopang sektor pertambangan perak di Laurion. Tanpa pasokan logam ini, ekonomi Athena tidak akan sekuat itu. Dengan menguasai rute laut dan menjaga kualitas koin, ekonomi Yunani Kuno berhasil mendominasi Mediterania selama berabad-abad, menciptakan standar yang kelak ditiru oleh peradaban Barat modern.",http://localhost:20128/v1/chat/completions,chatcmpl-DL1carOuGeyqjuMP9ufycA,Generated benchmark sample,OpenAI-compatible local API,gemini/gemini-3-flash-preview,gemini-3-flash-preview,instruksional-real-v2,2026-07-19T12:03:22.169851+00:00,false
ai-v2-159,ai,Yunani Kuno/Sastra,instruksional,wikibooks,"Menyelami sastra Yunani Kuno tidaklah serumit yang dibayangkan. Mulailah petualangan Anda dengan membaca karya epik Homeros, *Iliad* dan *Odyssey*. Kisah kepahlawanan ini adalah fondasi terbaik untuk memahami mitologi dan sistem nilai moral mereka. Setelah terbiasa dengan gaya epik, beralihlah ke naskah drama tragedi Athena. Bacalah karya Sophokles seperti *Oedipus Sang Raja*. Di sini, Anda akan belajar tentang takdir dan konflik manusia yang mendalam. Bacalah dialognya dengan lantang untuk merasakan ketegangan panggungnya. Selanjutnya, lengkapi pemahaman Anda dengan membaca dialog filsafat Plato, seperti *Apologia*. Ini membantu Anda memahami konteks sosial dan politik masyarakat Athena kala itu. Terakhir, pilihlah terjemahan bahasa Indonesia modern yang setia pada teks asli namun luwes, atau mulailah dengan buku penceritaan kembali (*retelling*) yang populer agar tidak jenuh. Dengan langkah bertahap ini, dunia dewa-dewi dan pemikir kuno akan terasa dekat dan relevan dengan kehidupan modern.",http://localhost:20128/v1/chat/completions,chatcmpl-Lb1capyYCvCajuMPkvDPqAg,Generated benchmark sample,OpenAI-compatible local API,ag/gemini-3.5-flash-low,gemini-default,instruksional-real-v2,2026-07-19T12:03:53.962655+00:00,false
ai-v2-160,ai,Yunani Kuno/Seni/Lukisan/Zaman Perunggu,instruksional,wikibooks,"Menciptakan kembali pesona lukisan Zaman Perunggu Yunani Kuno, seperti fresko dari peradaban Minoa dan Mikena, membutuhkan pendekatan yang khas. Berikut adalah panduan praktis untuk menangkap esensi seni kuno tersebut dalam karya Anda. Pertama, siapkan palet warna bumi yang otentik. Gunakan pigmen alami seperti merah oker, kuning tanah, putih kapur, hitam arang, dan sentuhan biru Mesir. Hindari gradasi warna yang rumit; seniman masa itu lebih menyukai blok warna yang solid dan berani. Kedua, pilih subjek yang merayakan kehidupan. Alih-alih potret kaku, gambarlah elemen alam yang dinamis. Lumba-lumba yang melompat, tentakel gurita yang melingkar, atau sosok manusia yang sedang melakukan akrobatik banteng adalah pilihan klasik. Ketiga, terapkan teknik siluet dan garis tegas. Saat menggambar manusia atau hewan, gunakan sudut pandang profil menyamping untuk wajah, namun dengan mata yang menatap lurus ke depan. Berikan garis tepi yang gelap dan tegas untuk memisahkan objek dari latar belakang yang biasanya dibiarkan polos. Dengan mengikuti langkah-langkah ini, sapuan kuas Anda akan menghidupkan kembali keindahan seni Aegea kuno.",http://localhost:20128/v1/chat/completions,chatcmpl-Mr1caoyFK_j3juMP-s_J4QU,Generated benchmark sample,OpenAI-compatible local API,ag/gemini-3.1-pro-low,gemini-3.1-pro-low,instruksional-real-v2,2026-07-19T12:04:00.060827+00:00,false
ai-v2-161,ai,Al-Qur'an/Al-Mursalat,dokumen_sastra,wikisource,"Di ufuk barat, angin kering meniup debu dari ladang yang baru saja dibakar. Duduk di tepi sumur tua, kakek menatap langit yang perlahan memerah. Ia teringat kisah-kisah ayahnya tentang angin yang pernah membinasakan kaum yang congkak, tentang suara yang datang tanpa peringatan, membelah bumi dan mengoyak langit. ""Setiap yang bernyawa akan merasakan,"" bisiknya pada diri sendiri, mengulang janji yang tak pernah luntur. Di kejauhan, cucu-cucunya berlarian di antara batang padi yang menguning, tertawa lepas tanpa beban. Mereka belum pernah mendengar tentang hari ketika gunung-gunung dihancurkan dan lautan dipanaskan. Kakek mengepalkan tangannya. Ia tidak takut pada kematian, melainkan pada waktu yang terbuang sia-sia. Ketika adzan maghrib berkumandang dari menara masjid kecil di desanya, ia berdiri perlahan, meninggalkan bayangan panjangnya di atas tanah liat. Ia ingin menjadi saksi, bukan sekadar penonton yang diam.",http://localhost:20128/v1/chat/completions,chatcmpl-bda81afc6f8a33bb,Generated benchmark sample,OpenAI-compatible local API,kimchi/minimax-m3,minimax-m3,dokumen_sastra-real-v2,2026-07-19T12:04:21.202527+00:00,false
ai-v2-162,ai,Al-Qur'an/Al-Qasas,dokumen_sastra,wikisource,"Di tepian sungai yang mengalir tenang, seorang pemuda melangkah tanpa tujuan. Ia menggenggam tongkat sederhana, pemberian terakhir ibunya sebelum ia meninggalkan tanah kelahiran. Di punggungnya tergantung kantong kulit berisi sedikit makanan dan harapan yang rapuh. Angin padang pasir membasuh wajahnya yang kelelahan. Ia teringat pesan ibunda: ""Berjalanlah, dan biarkan langkahmu menemukan makna yang sesungguhnya."" Kata-kata itu menemaninya melewati bukit-bukit tandus dan malam-malam dingin yang panjang. Di sebuah perkampungan asing, ia bertemu sekelompok orang yang bergumul mencari air. Tanpa ragu, ia menghunus tongkatnya ke tanah, dan tiba-tiba memancarlah sumber kehidupan jernih dari celah batu. Wajah-wajah yang semula muram kini merekah, menyebutnya utusan yang dinanti. Pemuda itu menyadari, setiap perjalanan tanpa arah sesungguhnya adalah cara takdir mengarahkan langkahnya. Dengan keyakinan yang baru tumbuh, ia kembali melangkah ke padang luas.",http://localhost:20128/v1/chat/completions,chatcmpl-1784462703210,Generated benchmark sample,OpenAI-compatible local API,ollama/minimax-m3,minimax-m3,dokumen_sastra-real-v2,2026-07-19T12:04:41.678574+00:00,false
ai-v2-163,ai,Al-Qur'an/Fussilat,dokumen_sastra,wikisource,"Subuh membuka kelopaknya perlahan di ufuk timur, mewarnai awal-awal mendung dengan jingga pucat. Seorang lelaki tua duduk di serambi kayu, jari-jarinya menyentuh halaman kertas yang usang. Ia tidak membaca dengan tergesa; ia menunggu setiap kalimat turun seperti embun, menyejukkan tanah hati yang gersang. Di luar, burung-burung mulai bersahut, gunung berdiri tegak seperti saksi bisu, dan langit berubah dari hitam pekat menjadi biru muda yang terang. Baginya, setiap ayat adalah cermin: memperlihatkan jejak kebesaran di balik malam yang berganti siang, di balik bintang yang tidak pernah tersesat. Ia pernah sombong, pernah menutup telinga. Namun kini, di usia senja, ia belajar bahwa kebenaran tidak perlu dipaksa masuk—ia datang dengan lembut pada mereka yang mau mendengar. Angin pagi meniup daun-daun. Lelaki itu tersenyum, lalu melanjutkan bacaannya dengan suara perlahan.",http://localhost:20128/v1/chat/completions,f0f313d88aa941dba787fc72ab0c5923,Generated benchmark sample,OpenAI-compatible local API,kimchi/kimi-k2.7,kimi-k2.7,dokumen_sastra-real-v2,2026-07-19T12:05:03.379956+00:00,false
ai-v2-164,ai,Al-Qur'an/Maryam,dokumen_sastra,wikisource,"Sunyi merayap di sela dinding mihrab yang dingin. Maryam bersimpuh, melipat jemarinya dalam kepasrahan yang syahdu. Di luar, angin gurun berbisik rendah, membawa aroma tanah kering yang menanti hujan. Ia tahu, jalan di depannya tidak akan mudah. Beban yang ia kandung bukanlah kehendak manusia, melainkan tiupan ruh suci yang agung. Ketika prasangka dunia bersiap menghakiminya, ia memilih diam dalam kepatuhan. Di bawah teduh pohon kurma yang tua, rasa sakit bersalin mulai menyapa. Namun, ketakutan tak pernah merubuhkan tiang imannya. Maryam memejamkan mata, membiarkan air mata ketundukan mengalir. Saat jemarinya menggoyang batang pohon yang kering, mukjizat luruh bersama jatuhnya buah-buah manis. Di sana, di tengah kesendirian, mengalir anak sungai kecil di bawah kakinya, membasuh lelah dan menghapus segala duka yang menggelayut di kalbunya.",http://localhost:20128/v1/chat/completions,chatcmpl-jr1cauDeJc_kjuMPwq-n2Qs,Generated benchmark sample,OpenAI-compatible local API,gemini/gemini-3.5-flash,gemini-3.5-flash,dokumen_sastra-real-v2,2026-07-19T12:05:32.088009+00:00,false
ai-v2-165,ai,Azab dan Sengsara/Bab 1,dokumen_sastra,wikisource,"Senja itu, langit di atas kampung memerah bak bara yang enggan padam. Aminah duduk terpekur di ambang pintu, jemarinya yang kasar mengusap kain sarung yang mulai menipis. Di kejauhan, deru sungai terdengar melengking, seolah meratapi nasib yang kian terjepit oleh adat dan kemiskinan. Ia teringat kata-kata ibunya tempo hari—sebuah nasihat yang terasa seperti belenggu besi di leher. Harapan untuk mengecap pendidikan atau sekadar memandang dunia di luar pagar bambu itu kini terasa mustahil. Ayahnya telah membuat keputusan; sebuah perjodohan yang tidak pernah ia kehendaki demi menjaga martabat keluarga yang sebenarnya sudah lama rapuh. Aminah menatap tangannya yang gemetar. Ia bukanlah burung dalam sangkar emas, melainkan tawanan dari tradisi yang enggan berubah. Meski hatinya menjerit ingin melawan, ia hanya mampu menelan pahitnya kenyataan. Malam merayap pelan, membawa sunyi yang menyayat, sementara masa depannya perlahan terkubur di bawah bayang-bayang rumah panggung yang reot. Ia hanyalah sebutir debu yang pasrah diinjak takdir yang kejam.",http://localhost:20128/v1/chat/completions,chatcmpl-mr1cat3iDN-Ag8UPspiDiAU,Generated benchmark sample,OpenAI-compatible local API,gemini/gemini-3.1-flash-lite-preview,gemini-3.1-flash-lite,dokumen_sastra-real-v2,2026-07-19T12:05:43.999471+00:00,false
ai-v2-166,ai,Fatwa Majelis Ulama Indonesia Nomor U-287 Tahun 2001,dokumen_sastra,wikisource,"Aminah menatap buku nikah tetangganya dengan pandangan nanar. Di tangannya, hanya ada selembar kertas segel kusam yang ditandatangani saksi kampung bertahun-tahun lalu. Dulu, ia percaya bahwa janji di depan penghulu siri sudah cukup untuk mengikat cinta. Namun, saat putra kecilnya mulai bertanya mengapa namanya tak bisa tercantum dalam akta kelahiran yang sah, Aminah tersadar akan lubang besar dalam hidupnya. Tanpa pencatatan resmi di kantor urusan agama, keberadaannya sebagai istri seolah menguap di hadapan hukum negara. Ia tak menuntut harta, hanya ingin perlindungan bagi masa depan buah hatinya yang kini terombang-ambing tanpa identitas legal. Setiap langkah menuju sekolah menjadi beban, karena birokrasi menuntut bukti yang tak pernah ia miliki. Penyesalan itu datang terlambat, saat ia menyadari bahwa ketertiban administrasi bukan sekadar formalitas, melainkan benteng terakhir untuk menjaga martabat perempuan dan hak-hak anak yang tak berdosa dari ketidakpastian nasib yang menyakitkan.",http://localhost:20128/v1/chat/completions,chatcmpl-nr1cat2SMZr_juMPoOKFiQU,Generated benchmark sample,OpenAI-compatible local API,gemini/gemini-3-flash-preview,gemini-3-flash-preview,dokumen_sastra-real-v2,2026-07-19T12:05:48.560509+00:00,false
ai-v2-167,ai,"Keadilan, bukan Kemakmuran",dokumen_sastra,wikisource,"Kota Binjai Makmur terkenal dengan menara berlapis emas dan lumbung padi yang selalu meluap. Namun, di balik dinding marmer itu, jeritan Pak Karta tak pernah terdengar. Tanah warisan keluarganya dirampas oleh sang saudagar untuk memperluas pabrik tenun. Hari itu, di balai desa yang megah, seorang hakim baru duduk dengan tenang. Sang saudagar tersenyum pongah, yakin kantong emasnya akan kembali membungkam hukum. Namun, sang hakim menolak upeti yang disodorkan secara halus. Ia membaca lembar demi lembar bukti kepemilikan tanah milik Pak Karta yang kusam. Keputusan dijatuhkan: tanah harus segera dikembalikan dan sang saudagar dijatuhi hukuman. Warga yang hadir terkesiap. Di kota yang terbiasa memuja kekayaan ini, mereka akhirnya paham bahwa perut yang kenyang tidak ada artinya jika hak-hak mereka diinjak-injak. Kemakmuran hanyalah fatamorgana tanpa adanya timbangan hukum yang adil.",http://localhost:20128/v1/chat/completions,chatcmpl-sb1cavCSFffjjuMPgr_w8As,Generated benchmark sample,OpenAI-compatible local API,ag/gemini-3.5-flash-low,gemini-default,dokumen_sastra-real-v2,2026-07-19T12:06:06.747467+00:00,false
ai-v2-168,ai,Konstitusi Jepang,dokumen_sastra,wikisource,"Di bawah langit musim semi yang disapu kelopak sakura, Kakek menatap cucunya yang sedang mengejar kupu-kupu. Ia mengingat masa lalu ketika langit tidak sebiru ini; ketika asap dan gemuruh merampas tawa dari bibir anak-anak. Namun, dari abu keputusasaan itu, sebuah janji baru dipahat. Bukan dengan ujung pedang, melainkan dengan tinta dan harapan. ""Kita telah mengubur senjata kita di kedalaman sejarah,"" gumamnya lirih, seolah berbicara pada angin yang berhembus dari timur. Kita telah bersumpah untuk membuang perang selamanya, memilih jalan damai di atas segalanya. Tak ada lagi serdadu yang harus dikirim ke medan laga, tak ada lagi darah yang tumpah demi ambisi para penguasa. Kini, kedaulatan sejati berdenyut di tangan rakyat jelata—pada tawa bocah itu, pada tangan petani yang menyemai padi, pada hak setiap manusia merdeka untuk mencari kebahagiaannya sendiri. Sebuah pilar tak kasatmata kini berdiri kukuh, melindungi martabat tanpa penindasan. Kakek pun tersenyum lega, tahu cucunya akan terus hidup di tanah tempat nyawa dirawat, bukan dikorbankan.",http://localhost:20128/v1/chat/completions,chatcmpl-ub1cav-tJZnMqfkPgLbAgAk,Generated benchmark sample,OpenAI-compatible local API,ag/gemini-3.1-pro-low,gemini-3.1-pro-low,dokumen_sastra-real-v2,2026-07-19T12:06:15.169310+00:00,false
ai-v2-169,ai,Melihat ke Muka,dokumen_sastra,wikisource,"Pagi itu aku berdiri di depan pintu rumah Mbak Yuni, membawa amplop cokelat yang sudah kusimpan tiga bulan lamanya. Angin menyentuh pelipisku, membawa bau tanah basah dari kebun belakang yang baru disiram. Aku mengetuk tiga kali, pelan tapi pasti, seperti yang selalu kulakukan sejak kecil. Pintu terbuka perlahan. Wajahnya muncul, lebih tua dari yang kuingat terakhir kali. Garis-garis halus di sudut matanya bertambah dalam, dan rambutnya yang dulu hitam pekat kini diselingi uban. Dia tidak langsung bicara, hanya menatapku lama, seperti sedang membaca sesuatu yang tak tertulis di dahiku. ""Masuk,"" katanya akhirnya, suaranya serak seperti habis menangis. Aku melangkah masuk, melepas sepatu di ambang pintu. Ruangan itu masih sama: foto hitam-putih keluarga di dinding, kursi kayu yang sudah retak di sudut, bau kemenyan yang samar meresap ke segalanya. Aku duduk di depannya, menatap wajahnya tanpa mengalihkan pandangan. Ada sesuatu yang harus kusampaikan, dan aku tidak ingin lagi menundanya sampai besok.",http://localhost:20128/v1/chat/completions,chatcmpl-b17f20058f4a970f,Generated benchmark sample,OpenAI-compatible local API,kimchi/minimax-m3,minimax-m3,dokumen_sastra-real-v2,2026-07-19T12:06:38.129191+00:00,false
ai-v2-170,ai,Osamu Seirei Nomor 10 Tahoen 2603,dokumen_sastra,wikisource,"Di antara menara kaca yang berderet di langit tahun 2603, sebuah cahaya biru pucat melayang di atas reruntuhan Pasar Lama. Penduduk menyebutnya Osamu, seirei nomor sepuluh, roh yang terjebak di antara sirkuit tua dan kabel yang berkarat. Dulu, ia adalah teknisi yang menulis kode untuk menghidupkan kota; kini, ia menjadi penjaga kenangan yang hilang. Setiap malam, ketika kabut tipis menyelimuti jalan, Osamu menuntun anak‑anak yang tersesat di labirin data, meniadakan ancaman virus yang berusaha menghapus sejarah mereka. Di sebuah gang sempit, seorang gadis kecil menemukan sebuah fragmen logam bertuliskan “10”, dan saat ia menyentuhnya, cahaya Osamu menyala, memberi harapan bahwa bahkan di dunia yang hampir musnah, keajaiban masih dapat ditemukan. Dengan langkah pelan, ia mengikuti jejak cahaya menuju masa depan yang belum tertulis.",http://localhost:20128/v1/chat/completions,chatcmpl-1784462832117,Generated benchmark sample,OpenAI-compatible local API,ollama/minimax-m3,minimax-m3,dokumen_sastra-real-v2,2026-07-19T12:06:57.389576+00:00,false
ai-v2-171,ai,Osamu Seirei Nomor 26 Tahoen 2605,dokumen_sastra,wikisource,"We need answer in Indonesian, only main text, 120-170 words, inspired by theme Osamu Seirei Nomor 26 Tahoen 2605 (likely Indonesian regulation? ""Osamu Seirei"" maybe Japanese? Wait ""Osamu Seirei Nomor 26 Tahoen 2605"". Could be ""Osamu"" maybe ""Osamu"" as in Imperial Ordinance? Actually ""Seirei"" 勅令? In Indonesian history, Japanese occupation ""Osamu Seirei"" maybe ""Osamu Seirei Nomor 26 Tahoen 2605"" concerning labor? Need recall. During Japanese occupation, ""Osamu Seirei"" (Imperial Rescript/Ordinance) No. 26 of 2605 (1945) perhaps regarding formation of BPUPKI? Wait. Tahoen 2605 corresponds to 1945 CE (Japanese imperial calendar). ""Osamu Seirei"" maybe ""Osamu Seirei"" = ""Imperial Ordinance""? Let's recall: Japanese occupation of Indonesia used Japanese era year 2605 = 1945. There was ""Osamu Seirei No. 26"" about ""Jawa Hokokai""? Hmm. Actually ""Osamu Seirei"" maybe ""Osamu Seirei"" is a person's name? ""Osamu Seirei"" maybe ""Seirei"" means spirit. But user asks ""tema Osamu Seirei Nomor 26 Tahoen 2605"" perhaps a historical document. Could be about independence: On 7 September 1944, Japanese PM Koiso promised independence. Then ""Osamu Seirei No. 26 Tahoen 2605"" maybe established ""Panitia Persiapan Kemerdekaan Indonesia"" (PPKI) on 7",http://localhost:20128/v1/chat/completions,fe88e7d4ed254ee5a9ac7e82f96ad4c4,Generated benchmark sample,OpenAI-compatible local API,kimchi/kimi-k2.7,kimi-k2.7,dokumen_sastra-real-v2,2026-07-19T12:07:12.276663+00:00,false
ai-v2-172,ai,Pandangan dan Langkah Partai Rakyat,dokumen_sastra,wikisource,"Fajar menyingsing di atas atap seng pasar tradisional. Di sana, Pak Basri melipat lengan kemeja lusuhnya, menatap kerumunan yang mulai memadati pelataran. Baginya, politik bukan tentang podium megah, melainkan tentang harga pupuk yang terjangkau dan jaminan kesehatan bagi anak-anak buruh tani. Pandangan ini sederhana namun tajam, lahir dari keringat yang menetes di tanah kering. Hari ini, ia tidak berjalan sendiri. Di sampingnya, puluhan pemuda desa merapatkan barisan, membawa harapan yang selama ini terabaikan. Langkah mereka mantap, menyusuri gang-gang sempit untuk mendengar langsung keluh kesah warga. Ini bukan sekadar kampanye, melainkan sebuah gerakan akar rumput yang digerakkan oleh rasa senasib. Setiap ketukan pintu adalah janji untuk perubahan nyata. Bersama Partai Rakyat, mereka tidak lagi menunggu keajaiban turun dari langit, melainkan menjemput keadilan dengan kaki sendiri, setapak demi setapak, menuju masa depan yang lebih adil dan bermartabat bagi semua.",http://localhost:20128/v1/chat/completions,chatcmpl-IL5catOsEcGcjuMP67PU-Q4,Generated benchmark sample,OpenAI-compatible local API,gemini/gemini-3.5-flash,gemini-3.5-flash,dokumen_sastra-real-v2,2026-07-19T12:07:57.616103+00:00,false
ai-v2-173,ai,Peraturan Daerah Kabupaten Ketapang Nomor 4 Tahun 2010,dokumen_sastra,wikisource,"Kabut tipis masih menyelimuti tepian Sungai Pawan saat Pak Amat memacu sampannya menuju pasar. Di tangannya, ia menggenggam erat sebuah gulungan dokumen yang menjadi landasan bagi keberlangsungan hidup komunitasnya. Baginya, menjaga kelestarian ekosistem bukan sekadar kewajiban administratif, melainkan bentuk syukur atas tanah yang telah menghidupi leluhurnya. Ia teringat betapa pentingnya pengelolaan sumber daya alam yang bijak di tanah Ketapang ini. Setiap gerak-geriknya kini lebih terarah, menyadari bahwa hutan dan lahan bukanlah sekadar komoditas, melainkan warisan yang harus dijaga dari kerusakan. Dengan mematuhi aturan penataan ruang dan perlindungan lingkungan yang berlaku, ia merasa tenang. Ia tahu bahwa dengan menjaga keseimbangan alam hari ini, cucu-cucunya kelak tidak akan kehilangan rumah mereka. Saat matahari mulai meninggi, Pak Amat tersenyum kecil; ia sedang menanam masa depan di setiap jengkal tanah yang ia kelola dengan penuh tanggung jawab, memastikan bahwa harmoni antara manusia dan alam di bumi Ale-Ale tetap terjaga untuk selamanya.",http://localhost:20128/v1/chat/completions,chatcmpl-Kb5catbMCMLEjuMP7KygqQg,Generated benchmark sample,OpenAI-compatible local API,gemini/gemini-3.1-flash-lite-preview,gemini-3.1-flash-lite,dokumen_sastra-real-v2,2026-07-19T12:08:06.936197+00:00,false
ai-v2-174,ai,Peraturan Mahkamah Agung Republik Indonesia Nomor 2 Tahun 2003,dokumen_sastra,wikisource,"Di sudut ruang mediasi yang tenang, Pak Burhan dan adiknya duduk berseberangan dengan sorot mata yang kaku. Antara mereka, seorang mediator menatap dengan bijak, mencoba merajut kembali benang persaudaraan yang nyaris putus akibat sengketa tanah warisan. Berdasarkan tata cara yang disepakati, sebelum palu hakim diketuk lebih keras di ruang sidang utama, mereka diwajibkan menempuh jalan damai di ruangan kecil ini. Udara dingin dari mesin pendingin seolah tidak mampu meredam hawa panas di hati masing-masing, namun perlahan, kata-kata yang tadinya tajam mulai melunak. Mediator itu tidak berperan sebagai penentu siapa yang benar atau salah, melainkan sebagai jembatan yang menawarkan solusi tanpa ada pihak yang merasa dikalahkan. Setelah diskusi panjang yang melelahkan, kesepakatan akhirnya tertuang dalam selembar ak",http://localhost:20128/v1/chat/completions,chatcmpl-Lb5caq66Nr_VqfkP4PvjgAE,Generated benchmark sample,OpenAI-compatible local API,gemini/gemini-3-flash-preview,gemini-3-flash-preview,dokumen_sastra-real-v2,2026-07-19T12:08:11.706642+00:00,false
ai-v2-175,ai,Peraturan Pemerintah Republik Indonesia Nomor 17 Tahun 1984,dokumen_sastra,wikisource,"Cangkul Pak Hardi membentur sesuatu yang keras di kedalaman dua meter saat ia menggali sumur di belakang rumahnya. Setelah tanah disisihkan, tampak sebuah guci perunggu berukir naga yang diselimuti karat hijau. Tetangganya berbisik, menyarankan agar guci itu dijual diam-diam kepada kolektor kota dengan harga selangit. Namun, Hardi teringat penyuluhan dari pamong desa tentang kewajiban melaporkan temuan purbakala kepada negara. Keesokan harinya, ia membungkus guci itu dengan kain lusuh lalu membawanya ke kantor dinas kebudayaan kabupaten. Petugas menyambutnya dengan hangat, mencatat koordinat penemuan, dan mengamankan benda bersejarah tersebut. Beberapa minggu kemudian, sebuah piagam penghargaan dan uang kompensasi resmi diserahkan kepadanya di balai desa. Hardi tersenyum bangga. Baginya, ini bukan sekadar tentang uang imbalan yang ia terima, melainkan tentang menjaga potongan sejarah bangsa agar tetap hidup dan dapat dipelajari oleh anak cucunya kelak.",http://localhost:20128/v1/chat/completions,chatcmpl-QL5cavD_Md_3juMPv7-1oAE,Generated benchmark sample,OpenAI-compatible local API,ag/gemini-3.5-flash-low,gemini-default,dokumen_sastra-real-v2,2026-07-19T12:08:30.307738+00:00,false
ai-v2-176,ai,Perbedaan Asas Sosial-Demokrat dan Komunis,dokumen_sastra,wikisource,"Di ruang serikat pekerja yang berbau asap kretek, dua sahabat menatap cetak biru pabrik dengan pandangan yang tak lagi sejalan. Anwar mengetuk meja kayu, suaranya tenang namun tegas. ""Kita bawa tuntutan ini ke parlemen, Bima. Lewat pemilu dan undang-undang, kita paksa mereka menaikkan upah dan menjamin hak kita. Perubahan butuh waktu, tapi tanpa darah."" Bima mendengus, mengepalkan tangannya hingga buku-buku jarinya memutih. ""Parlemen hanya panggung sandiwara kaum borjuis, War! Kau pikir mereka akan menyerahkan kunci brankas dengan sukarela?"" Mata Bima menyala, memantulkan api revolusi yang tak kenal kompromi. ""Sistem ini sudah busuk dari akarnya. Kita tidak memohon di meja perundingan, kita rebut pabrik ini. Hancurkan mesinnya, gulingkan pemiliknya, dan kita bangun tatanan baru dari abunya!"" Anwar menatap sahabatnya dengan nanar. Di ruangan sempit itu, jurang antara reformasi yang sabar dan revolusi yang membakar menganga lebar. Keduanya menginginkan keadilan bagi para buruh, namun satu memilih jalan merawat pohon yang sakit, sementara yang lain bersikeras menebangnya hingga ke akar.",http://localhost:20128/v1/chat/completions,chatcmpl-SL5cavrWGJnMqfkPgLbAgAk,Generated benchmark sample,OpenAI-compatible local API,ag/gemini-3.1-pro-low,gemini-3.1-pro-low,dokumen_sastra-real-v2,2026-07-19T12:08:37.652020+00:00,false
ai-v2-177,ai,Pidato Politik Liem Koen Hian: Darah Tionghoa,dokumen_sastra,wikisource,"Di sebuah pelabuhan kecil di Sumatra, seorang pemuda Tionghoa berdiri di atas dek kapal yang baru saja merapat. Angin pagi membawa bau asin laut dan asap dapur dari warung-warung tetangga. Di telinganya masih terngiang pidato siang tadi—tentang mereka yang memperjuangkan tanah ini, bukan sekadar berdasarkan warna kulit, melainkan atas dasar kemanusiaan. Darah yang mengalir di nadinya adalah darah Tionghoa, tetapi tanah yang diinjak setiap hari adalah tanah Indonesia. Ia memikirkan nasib keluarganya yang sudah lama berdagang di sini, generasi yang lahir dan mati di pesisir ini. Kata-kata sang orator tadi menggema lantang di pasar: bahwa kebangsaan tidak ditentukan oleh leluhur yang jauh, melainkan oleh hati yang memilih tinggal dan berjuang. Pemuda itu mengepalkan tangannya, merasakan denyut nadinya yang bercampur dengan debur ombak. Di kejauhan, sebuah bendera merah putih berkibar, seolah menjawab tekadnya.",http://localhost:20128/v1/chat/completions,chatcmpl-a451509dd038354f,Generated benchmark sample,OpenAI-compatible local API,kimchi/minimax-m3,minimax-m3,dokumen_sastra-real-v2,2026-07-19T12:08:56.782773+00:00,false
ai-v2-178,ai,Pidato Susilo Bambang Yudhoyono 27 Januari 2006,dokumen_sastra,wikisource,"Aroma lumpur panas masih menempel di dinding-dinding rumah yang retak, merembes ke pakaian dan rambut para penduduk. Di tepi tanggul seadanya, Bu Lastri menggendong bayinya, matanya menatap genangan yang semakin luas setiap hari, menerpa jalan utama dan sawah yang baru ditanami. Sejak pagi, para tetangga bergotong-royong mengangkat perabotan yang masih bisa diselamatkan, sementara anak-anak berlarian membawa air bersih dari sumur yang tersisa, langkah kecil mereka menembus genangan setinggi betis. Seorang bapak berdiri di atas tanggul, suaranya bergetar, ""Kita tidak boleh menyerah. Bantuan akan datang, kita harus bertahan."" Di kejauhan, iring-iringan truk pengangkut bantuan perlahan mendekati kampung, membawa makanan, obat, selimut, dan janji bahwa mereka tidak dilupakan. Seorang nenek duduk di depan tenda darurat, merapikan kain lusuh, sementara cucunya menggambar rumah di atas tanah dengan ranting. Malam turun dengan dingin, tetapi obor kecil di tangan-tangan warga tetap menyala, menerangi wajah-wajah yang letih namun belum padam harapannya. Di atas bukit kecil, beberapa pria muda berjaga, memastikan tidak ada yang terluka, sambil menunggu fajar yang akan datang dengan tekad baru.",http://localhost:20128/v1/chat/completions,chatcmpl-1784462979276,Generated benchmark sample,OpenAI-compatible local API,ollama/minimax-m3,minimax-m3,dokumen_sastra-real-v2,2026-07-19T12:09:15.183689+00:00,false
ai-v2-179,ai,Pidato Susilo Bambang Yudhoyono 30 Januari 2006,dokumen_sastra,wikisource,"Pagi itu, langit di atas desa terlihat kelabu, tetapi warga sudah bergerak. Pak Tarno memeriksa kolam ikan yang baru dibangun dari dana desa, sementara anak muda membawa hasil kebun ke koperasi. Di seberang jalan, Ibu Siti mengajari empat perempuan cara mengemas keripik singkong agar layak supermarket. Tidak ada yang berdiri sendiri; setiap tangan saling mengisi. Mereka tahu, kemiskinan bukan takdir, melainkan soal kerja keras, kerja cerdas, dan kerja ikhlas yang dikerjakan bersama. Ketika truk koperasi melaju membawa barang ke kota, debu jalan desa berterbangan, tapi senyum tipis muncul di wajah banyak orang. Perubahan memang tidak instan, namun langkah kecil yang dilakukan setiap hari—dengan gotong royong, tanpa pamrih—perlahan mengubah mimpi sederhana menjadi rumah yang lebih layak, sekolah yang lebih dekat, dan masa depan yang sedikit lebih terang.",http://localhost:20128/v1/chat/completions,182fbfb86a5645768b23a6428c2b7ccb,Generated benchmark sample,OpenAI-compatible local API,kimchi/kimi-k2.7,kimi-k2.7,dokumen_sastra-real-v2,2026-07-19T12:38:13.130545+00:00,false
ai-v2-180,ai,Reglemen Acara Perdata/Buku Pertama/Bab I/Bagian 2,dokumen_sastra,wikisource,"Matahari baru saja melewati puncaknya ketika gerimis tipis mulai membasahi aspal. Hartono, seorang jurusita paruh baya, merapatkan ritsleting jaketnya sembari menggenggam erat sebuah amplop cokelat tebal. Di dalamnya tersimpan selembar relas panggilan sidang, sebuah amanat hukum yang harus segera ia sampaikan. Langkah kakinya terhenti di depan sebuah pagar kayu yang terkunci rapat. Setelah mengetuk beberapa kali tanpa jawaban, Hartono menghela napas. Sesuai prosedur yang tertanam di kepalanya, ia tidak boleh menyerah begitu saja. Ia segera memutar balik sepeda motornya menuju kantor kelurahan setempat. Di sana, ia menemui sekretaris desa, menjelaskan maksud kedatangannya, dan menyerahkan salinan surat itu agar dicatat secara resmi. Dengan membubuhkan tanda tangan dan stempel basah pada berita acara, kewajibannya hari itu selesai. Bagi Hartono, lembaran kertas itu bukan sekadar formalitas, melainkan jembatan keadilan yang harus tegak berdiri, sekecil apa pun rintangan di jalannya.",http://localhost:20128/v1/chat/completions,chatcmpl-TcVcatuCOPShjuMPorfrkAM,Generated benchmark sample,OpenAI-compatible local API,gemini/gemini-3.5-flash,gemini-3.5-flash,dokumen_sastra-real-v2,2026-07-19T12:38:34.775274+00:00,false
ai-v2-181,ai,Reglemen Acara Perdata/Buku Pertama/Bab II/Bagian 11,dokumen_sastra,wikisource,"Di ruang sidang yang pengap, Pak Darmo duduk gelisah di kursi kayu yang keras. Ia menatap tajam ke arah hakim yang sedang meneliti tumpukan berkas di hadapannya. Hari ini adalah penentuan bagi gugatannya. Sang hakim, dengan suara tenang namun berwibawa, mulai membacakan catatan mengenai ketidakhadiran pihak lawan. Sesuai dengan prosedur yang berlaku, hakim menegaskan bahwa pemanggilan telah dilakukan secara sah dan patut. Namun, kursi di sisi seberang tetap kosong melompong, seolah menantang kesabaran hukum. Pak Darmo menarik napas panjang, merasakan beban di pundaknya sedikit terangkat. Ia tahu bahwa ketidakhadiran tanpa alasan yang dapat diterima ini memberikan celah bagi hakim untuk mengambil keputusan tanpa harus menunggu pihak yang mangkir. Suasana hening sejenak, hanya deru kipas angin tua yang memecah kesunyian. Ia menyadari bahwa keadilan tidak selalu datang dari perdebatan sengit, melainkan terkadang dari ketegasan aturan yang memaksa setiap orang untuk bertanggung jawab atas kehadiran mereka di hadapan hukum.",http://localhost:20128/v1/chat/completions,chatcmpl-V8Vcav-JIr_VqfkP4PvjgAE,Generated benchmark sample,OpenAI-compatible local API,gemini/gemini-3.1-flash-lite-preview,gemini-3.1-flash-lite,dokumen_sastra-real-v2,2026-07-19T12:38:45.354965+00:00,false
ai-v2-182,ai,Reglemen Acara Perdata/Buku Pertama/Bab II/Bagian 7,dokumen_sastra,wikisource,"Sinar matahari menerobos jendela tinggi ruang sidang, menyinari debu yang menari di atas meja kayu jati. Pak Tua Rustam berdiri dengan tangan gemetar saat panitera menyodorkan kitab suci. Di hadapan majelis hakim, ia bersumpah untuk hanya mengatakan kebenaran, sebuah beban berat yang seolah menekan pundaknya yang bungkuk. Ia bukan kerabat dekat penggugat, bukan pula pihak yang mencari untung, melainkan sekadar mata yang melihat sengketa batas tanah itu terjadi berpuluh tahun silam. Ketua majelis mulai melontarkan pertanyaan dengan nada tenang namun menyelidik. Rustam menjawab perlahan, mengingat kembali setiap patok kayu dan aliran parit yang kini diperdebatkan. Setiap katanya dicatat dengan saksama, menjadi kepingan fakta yang akan menentukan nasib sebidang tanah warisan. Di ruangan yang hening itu, kesaksiannya bukan sekadar cerita, melainkan alat bukti yang sah di mata hukum. Ia tahu, kejujurannya hari ini adalah penentu keadilan bagi mereka yang bertikai, meski hatinya didera kegelisahan akan hari tua yang tersisa.",http://localhost:20128/v1/chat/completions,chatcmpl-XMVcapSMC-CBg8UP5YD0oQE,Generated benchmark sample,OpenAI-compatible local API,gemini/gemini-3-flash-preview,gemini-3-flash-preview,dokumen_sastra-real-v2,2026-07-19T12:38:50.003267+00:00,false
ai-v2-183,ai,Rencana Ekonomi Berjuang/Bab3,dokumen_sastra,wikisource,"Di bawah bayang-bayang blokade yang kian mencekik, sore itu Pak Karso mengumpulkan para pamong desa di balai bambu. Lembaran kertas buram berisi salinan bab ketiga Rencana Ekonomi Berjuang terbentang di meja kayu. Tugas mereka berat: mengubah lahan-lahan kering lereng gunung menjadi lumbung pangan mandiri. Tidak ada lagi pasokan pupuk dari kota besar, pun harapan akan arus distribusi yang mustahil menembus barikade musuh. Dengan sisa tenaga, mereka menyusun strategi rotasi tanam padi gogo dan ketela pohon. Setiap jengkal tanah pekarangan harus menghasilkan kalori. Perempuan-perempuan desa mulai menggerakkan dapur umum, mengolah bahan pangan lokal agar tidak ada perut yang kosong saat gerilya berlanjut. Ini bukan lagi sekadar instruksi tertulis dari ibukota darurat, melainkan urat nadi pertahanan hidup. Di tengah keterbatasan, mereka menolak menyerah pada kelaparan, merajut kemandirian dari tanah berlumpur demi tegaknya kedaulatan republik yang sedang dipertaruhkan di garis depan.",http://localhost:20128/v1/chat/completions,chatcmpl-cMVcavOUMIuqjuMP5vSToQg,Generated benchmark sample,OpenAI-compatible local API,ag/gemini-3.5-flash-low,gemini-default,dokumen_sastra-real-v2,2026-07-19T12:39:09.742835+00:00,false
ai-v2-184,ai,Situasi Politik Luar dan Dalam Negeri,dokumen_sastra,wikisource,"Di warung kopi sudut pasar, asap kretek mengepul berbaur dengan aroma robusta murahan. Pak Harun mengelap meja kayu yang lengket, sementara televisi tabung di atas kulkas menyiarkan berita yang tak pernah berubah: perang di benua seberang dan harga gandum dunia yang meroket. ""Gara-gara rudal di Eropa, harga mi instan di sini ikut naik,"" gerutu Maman, melipat koran pagi yang memuat wajah para calon pemimpin daerah. Di halaman depan, senyum politisi lokal tampak terlalu lebar, menjanjikan kesejahteraan di tengah spanduk-spanduk kampanye yang mulai robek diterpa angin musim hujan. Dunia di luar sana sedang memanas oleh embargo dan perebutan batas negara, namun di sini, pertempuran sesungguhnya adalah memastikan dapur tetap mengepul. Pak Harun hanya tersenyum tipis. Baginya, diplomasi tingkat tinggi atau koalisi partai di ibu kota terasa sama jauhnya. Selama para elite sibuk bertukar ancaman di mimbar internasional dan berebut kursi di parlemen, rakyat kecil seperti mereka hanya bisa menyeduh kopi, menelan pahitnya kenyataan, dan berharap esok hari harga beras tidak kembali mencekik leher.",http://localhost:20128/v1/chat/completions,chatcmpl-esVcat_TA_ShjuMPorfrkAM,Generated benchmark sample,OpenAI-compatible local API,ag/gemini-3.1-pro-low,gemini-3.1-pro-low,dokumen_sastra-real-v2,2026-07-19T12:39:19.307004+00:00,false
ai-v2-185,ai,Undang-Undang Republik Indonesia Nomor 18 Tahun 2000,dokumen_sastra,wikisource,"Pagi itu Pak Hartono berdiri di depan pintu gerbang pabrik tekstil, map berisi draf perjanjian kerja bersama terlipat di saku belakang celananya. Ia baru saja keluar dari rapat panjang semalam yang membahas kenaikan tunjangan makan dan kepastian jam lembur. Sebagai ketua serikat pekerja, ia tahu setiap poin yang ia bawa bukan sekadar angka di atas kertas, melainkan napas tiga ratus karyawan yang menunggu kepastian. Di ruang kerjanya, Bu Lestari, manajer personalia, sudah menunggu dengan cangkir kopi. Mereka bukan musuh, hanya dua pihak yang duduk di sisi berbeda meja yang sama. Pembicaraan mereka kadang alot, kadang melunak, tapi selalu kembali pada satu tujuan: bagaimana agar roda pabrik tetap berputar tanpa mengorbankan martabat siapa pun. Hartono membuka mapnya perlahan. Di halaman pertama tertulis poin tentang cuti hamil yang lebih panjang, di halaman kedua tentang mekanisme penyelesaian keluhan. Ia menarik napas, lalu mengetuk pintu ruang Bu Lestari.",http://localhost:20128/v1/chat/completions,chatcmpl-856f65cb9f41a58b,Generated benchmark sample,OpenAI-compatible local API,kimchi/minimax-m3,minimax-m3,dokumen_sastra-real-v2,2026-07-19T12:39:38.930567+00:00,false
ai-v2-186,ai,Undang-Undang Republik Indonesia Nomor 20 Tahun 1997,dokumen_sastra,wikisource,"Di pelabuhan kecil di pesisir timur, Pak Rohman menandatangani buku catatan sebelum kapalnya boleh merapat. Tarifnya tidak besar—hanya angka yang tertulis di balik meja kayu yang catnya sudah mengelupas—tetapi setiap kali ia membayar, ia tahu uang itu tidak akan berhenti di tangan siapa pun. Petugas pelabuhan mencatat, menghitung, lalu menyetorkannya ke kas daerah; dari sana, angka-angka itu bergerak lebih jauh, melewati kantor perbendaharaan, hingga menjadi bagian dari pendapatan negara yang bukan dari pajak. Di rumah yang beratap seng, ia menyimpan tumpukan kuitansi kecil di dalam kaleng biskuit bekas. Putranya yang baru lulus sekolah menengah pernah bertanya untuk apa semua pungutan itu. Pak Rohman tidak menjawab dengan pidato. Ia hanya menunjukkan kaleng itu, lalu berkata bahwa menjaga mercusuar, merawat alur pelayaran, bahkan memperbaiki dermaga yang mulai rapuh, semuanya membutuhkan biaya. Negara, katanya pelan, juga harus bernapas dari sesuatu selain wajib pajak warganya.",http://localhost:20128/v1/chat/completions,chatcmpl-1784464812897,Generated benchmark sample,OpenAI-compatible local API,ollama/minimax-m3,minimax-m3,dokumen_sastra-real-v2,2026-07-19T12:39:54.980256+00:00,false
ai-v2-187,ai,Undang-Undang Republik Indonesia Nomor 25 Tahun 2003,dokumen_sastra,wikisource,"Setiap awal tahun, penduduk Dusun Krajan berkumpul di balai desa. Di bawah cahaya lampu petromaks, mereka tidak hanya mengeluh, tetapi menuliskan harapan pada selembar kertas plano: jalan setapak ke kebun karet, irigasi yang tak lagi berlumpur saat musim hujan, dan ruang baca kecil untuk anak-anak. Kepala dusun mencatat satu per satu, lalu membawanya ke musyawarah perencanaan di kecamatan. Di sana, usulan desa bertemu dengan data kabupaten, provinsi, hingga prioritas nasional. Tidak semua bisa dibangun dalam satu tahun anggaran, tetapi setiap suara menjadi bagian dari peta jalan pembangunan. Anak muda menawarkan survei digital, para petani menyampaikan ritme tanam, dan ibu-ibu mengingatkan posyandu. Mereka percaya, pembangunan bukan sekadar proyek yang datang dan pergi, melainkan perencanaan bersama yang menjembatani impian kecil di pelosok dengan arah besar bangsa.",http://localhost:20128/v1/chat/completions,cec04387e07d43f3908a2f86596c1e21,Generated benchmark sample,OpenAI-compatible local API,kimchi/kimi-k2.7,kimi-k2.7,dokumen_sastra-real-v2,2026-07-19T12:40:13.069488+00:00,false
ai-v2-188,ai,Undang-Undang Republik Indonesia Nomor 29 Tahun 1999,dokumen_sastra,wikisource,"Mentari senja menyepuh dinding-dinding gang sempit di pinggiran kota, tempat di mana perbedaan warna kulit dan lekuk wajah melebur dalam tawa yang sama. Di teras rumah petak itu, Amran yang berkulit gelap dan bermata bulat duduk bersila bersama Haris yang bermata sipit. Mereka sibuk merajut jaring nelayan, sesekali menyeka keringat yang menetes. Di masa lalu, bayang-bayang curiga dan sekat prasangka rasial kerap membuat jarak di antara mereka. Namun kini, kesadaran baru telah tumbuh subur. Mereka paham bahwa setiap manusia memikul martabat yang setara, bebas dari belenggu diskriminasi etnis yang merusak jiwa. Anak-anak mereka berlarian bebas di lapangan tanah liat, saling mengoper bola tanpa peduli dari mana leluhur mereka berasal. Di bawah langit yang sama, keadilan dan kesetaraan bukan lagi sekadar impian mulia, melainkan napas kehidupan sehari-hari yang mereka jaga bersama dengan penuh rasa hormat.",http://localhost:20128/v1/chat/completions,chatcmpl-ysVcasG3Dt-Ag8UPspiDiAU,Generated benchmark sample,OpenAI-compatible local API,gemini/gemini-3.5-flash,gemini-3.5-flash,dokumen_sastra-real-v2,2026-07-19T12:40:39.517691+00:00,false
ai-v2-189,ai,Undang-Undang Republik Indonesia Nomor 30 Tahun 2007,dokumen_sastra,wikisource,"Di pelosok desa yang tersembunyi di balik perbukitan, Pak Slamet masih setia menunggui mesin penggiling padi tua miliknya. Dulu, ia harus mengandalkan solar yang harganya kerap melambung dan pasokannya tak menentu. Namun, segalanya berubah sejak akses energi terbarukan masuk ke dusun mereka. Kini, panel surya yang terpasang di atap gudang menyerap cahaya matahari dengan lahap, mengubahnya menjadi aliran listrik yang menggerakkan mesin tanpa suara bising yang menyiksa. Inilah wujud kemandirian yang selama ini didamba. Bukan lagi soal bergantung pada bahan bakar fosil yang lambat laun akan habis, melainkan tentang memanfaatkan anugerah alam yang tak pernah lelah bersinar. Pak Slamet tersenyum melihat tetangganya mulai memasang pemanas air tenaga surya di rumah-rumah mereka. Kebijakan yang dulunya terasa jauh di atas kertas, kini menjelma menjadi kenyataan yang meringankan beban ekonomi warga. Energi bukan lagi komoditas mewah, melainkan napas yang berkelanjutan bagi kehidupan mereka yang jauh dari hiruk-pikuk kota. Hidup terasa lebih ringan, dan masa depan tampak lebih benderang di bawah naungan sinar matahari yang kian berdaya guna.",http://localhost:20128/v1/chat/completions,chatcmpl-1cVcauCMLOrL4-EPnP6ccA,Generated benchmark sample,OpenAI-compatible local API,gemini/gemini-3.1-flash-lite-preview,gemini-3.1-flash-lite,dokumen_sastra-real-v2,2026-07-19T12:40:51.540814+00:00,false
ai-v2-190,ai,Undang-Undang Republik Indonesia Nomor 6 Tahun 1954,dokumen_sastra,wikisource,"Di sebuah balai desa yang masih berbau kayu jati, Pak Surya menatap lekat selembar poster kusam yang baru saja dipasang. Di sana, sang Garuda membentangkan sayap dengan gagah, sebuah simbol yang kini bukan lagi sekadar gambar, melainkan identitas resmi yang diakui hukum negara. Ia teringat masa-masa sulit saat kemerdekaan masih terasa rapuh, namun kini, melalui ketetapan hukum yang baru, burung emas itu berdiri tegak dengan perisai di dadanya. Lima sila terukir sebagai jantung kehidupan bangsa, sementara cengkeraman kuat pada pita bertuliskan semboyan persatuan menjadi pengingat akan keragaman yang harus dijaga. Bagi Pak Surya, ini bukan sekadar urusan birokrasi atau lembaran kertas negara. Ini adalah janji bahwa kedaulatan Indonesia telah memiliki wajah yang tetap. Setiap helai bulu pada sayap dan ekornya seolah membisikkan semangat perjuangan yang tak boleh padam, menyatukan ribuan pulau dalam satu naungan sayap yang melindungi masa depan seluruh rakyatnya.",http://localhost:20128/v1/chat/completions,chatcmpl-2cVcauDIN6WzjuMPovL0oQU,Generated benchmark sample,OpenAI-compatible local API,gemini/gemini-3-flash-preview,gemini-3-flash-preview,dokumen_sastra-real-v2,2026-07-19T12:40:55.756658+00:00,false
ai-v2-191,ai,Undang-Undang Republik Indonesia Nomor 8 Tahun 1981/Bab XVI/Bagian Kesatu,dokumen_sastra,wikisource,"Langkah kaki Baskara terhenti di depan pagar besi yang sedikit berkarat. Di tangannya, selembar amplop resmi dengan kop kejaksaan terasa begitu berat, melebihi bobot kertas biasa. Sebagai juru panggil, ia tahu betul arti surat ini. Ini bukan sekadar undangan, melainkan perintah undang-undang yang tak boleh diabaikan. Ia mengetuk pintu. Seorang pria paruh baya membukanya dengan wajah cemas. Baskara menyerahkan surat panggilan sidang tersebut, menjelaskan dengan nada tenang namun tegas tentang hari, tanggal, dan jam kehadiran yang telah ditentukan. Pria itu menandatangani tanda terima dengan jemari yang sedikit bergetar. Bagi Baskara, setiap lembar yang ia antarkan adalah pembuka gerbang keadilan. Di dalam kertas itu tertulis kewajiban mutlak untuk menghadap meja hijau, memastikan bahwa jalannya peradilan tidak terhambat oleh ketidakhadiran. Setelah memastikan semua prosedur administrasi terpenuhi, Baskara berpamitan, meninggalkan keheningan yang kini menyelimuti teras rumah itu bersama bayang-bayang persidangan yang kian mendekat.",http://localhost:20128/v1/chat/completions,chatcmpl-8MVcapHFHpnajuMPodb6aA,Generated benchmark sample,OpenAI-compatible local API,ag/gemini-3.5-flash-low,gemini-default,dokumen_sastra-real-v2,2026-07-19T12:41:17.466596+00:00,false
ai-v2-192,ai,Upaya Pemerintah dalam Pencegahan dan Penanganan Krisis/Bab V,dokumen_sastra,wikisource,"Di ruang kendali utama, layar-layar besar berkedip menampilkan grafik fluktuasi ekonomi dan peta titik rawan bencana. Aryo, ketua komite mitigasi, menatap tajam indikator merah yang mulai menyala di sudut monitor. Ini bukan lagi sekadar simulasi. Sesuai protokol darurat yang telah disusun bertahun-tahun, ia menekan tombol interkom. ""Aktifkan sistem peringatan dini, sekarang,"" suaranya menggema tegas, memecah kesunyian malam. Dalam hitungan menit, mesin birokrasi yang biasanya kaku kini bergerak serentak. Dana cadangan darurat langsung dialokasikan tanpa hambatan administratif. Di lapangan, tim reaksi cepat mulai mengevakuasi warga pesisir, sementara kementerian terkait merilis kebijakan stabilisasi harga bahan pokok demi mencegah kepanikan massal. Aryo tahu, pencegahan krisis bukan sekadar tumpukan dokumen kebijakan di laci meja pejabat, melainkan denyut nadi keselamatan rakyat. Krisis mungkin datang tanpa permisi, menghantam dari berbagai arah, tetapi pemerintah tidak lagi berdiri dengan tangan kosong. Sinergi antarlembaga dan kesiapsiagaan ini adalah tameng yang telah lama mereka tempa untuk melindungi masa depan negeri.",http://localhost:20128/v1/chat/completions,chatcmpl-98Vcau7hDrTGjuMP8oGWcA,Generated benchmark sample,OpenAI-compatible local API,ag/gemini-3.1-pro-low,gemini-3.1-pro-low,dokumen_sastra-real-v2,2026-07-19T12:41:24.558605+00:00,false
