id,label,topic,genre,corpus,text,source,revision,license,generator,requested_model,model,prompt_id,generated_at,fallback
human-v2-001,human,Al-Qur'an/Al-Mursalat,dokumen_sastra,wikisource,"Dengan menyebut nama Allah Yang Maha Pemurah lagi Maha Penyayang KEADAAN MANUSIA DI HARI KEPUTUSAN Ayat 1-50 Segala ancaman Allah SWT pasti terjadi Ayat 1-27 1Demi malaikat-malaikat yang diutus untuk membawa kebaikan, 2dan (malaikat-malaikat) yang terbang dengan kencangnya, 3dan (malaikat-malaikat) yang menyebarkan (rahmat Tuhannya) dengan seluas-luasnya, 4dan (malaikat-malaikat) yang membedakan (antara yang hak dan yang batil) dengan sejelas-jelasnya, 5dan (malaikat-malaikat) yang menyampaikan wahyu, 6untuk menolak alasan-alasan atau memberi peringatan, 7sesungguhnya apa yang dijanjikan kepadamu itu pasti terjadi. 8Maka apabila bintang-bintang telah dihapuskan, 9dan apabila langit telah dibelah, 10dan apabila gunung-gunung telah dihancurkan menjadi debu, 11dan apabila rasul-rasul telah ditetapkan waktu (mereka). 12(Niscaya dikatakan kepada mereka), ""Sampai hari apakah ditangguhkan (mengazab orang-orang kafir itu)?"" 13Sampai hari keputusan. 14Dan tahukah kamu apakah hari keputusan itu? 15Kecelakaan yang besarlah pada hari itu bagi orang-orang yang mendustakan. 16Bukankah kami telah membinasakan orang-orang yang dahulu? 17Lalu Kami iringkan (azab Kami terhadap) mereka dengan (mengazab) orang-orang yang datang kemudian. 18Demikianlah Kami berbuat terhadap orang-orang yang berdosa. 19Kecelakaan besarlah pada hari itu bagi orang-orang yang mendustakan. 20Bukankah Kami menciptakan kamu dari air yang hina?, 21Kemudian Kami letakkan",https://id.wikisource.org/wiki/Al-Qur%27an/Al-Mursalat,6439,CC BY-SA 4.0,human-public-corpus,,,,,false
human-v2-002,human,Al-Qur'an/Al-Qasas,dokumen_sastra,wikisource,"Dengan menyebut nama Allah Yang Maha Pemurah lagi Maha Penyayang KISAH MUSA AS DAN FIR'AUN SEBAGAI BUKTI KEBENARAN AL-QUR'AN Ayat 1-57 Kekejaman Fir'aun dan pertolongan Allah kepada Bani Isra'il kaum yang tertindas Ayat 1-6 1Ta Sin Mim. 2Ini adalah ayat-ayat Kitab (al-Qur'an) yang nyata (dari Allah). 3Kami membacakan kepadamu sebagian dari kisah Musa dan Fir'aun dengan benar untuk orang-orang yang beriman. 4Sesungguhnya Fir'aun telah berbuat sewenang-wenang di muka bumi dan menjadikan penduduknya berpecah belah, dengan menindas segolongan dari mereka, menyembelih anak laki-laki mereka dan membiarkan hidup anak-anak perempuan mereka. Sesungguhnya Fir'aun termasuk orang-orang yang berbuat kerusakan. 5Dan Kami hendak memberi Qarunia kepada orang-orang yang tertindas di bumi (Mesir) itu dan hendak menjadikan mereka pemimpin dan menjadikan mereka orang-orang yang mewarisi (bumi), 6dan akan Kami teguhkan kedudukan mereka di muka bumi dan akan Kami perlihatkan kepada Fir'aun dan Haman beserta tentaranya apa yang selalu mereka khawatirkan dari mereka itu Musa AS dicampakkan ke dalam sungai Nil untuk menyelamatkan kaumnya dari kekejaman Fir'aun Ayat 7-13 7Dan Kami ilhamkan kepada ibu Musa, ""Susuilah dia, dan apabila kamu khawatir terhadapnya maka jatuhkanlah dia ke",https://id.wikisource.org/wiki/Al-Qur%27an/Al-Qasas,6356,CC BY-SA 4.0,human-public-corpus,,,,,false
human-v2-003,human,Al-Qur'an/Fussilat,dokumen_sastra,wikisource,"Dengan menyebut nama Allah Yang Maha Pemurah lagi Maha Penyayang NABI ADALAH MANUSIA BIASA YANG DIBERI WAHYU YANG MENGAJAK KEPADA KEBENARAN Ayat 1-8 1Ha Mim. 2Diturunkan dari Tuhan Yang Maha Pemurah lagi Maha Penyayang. 3Kitab yang dijelaskan ayat-ayatnya, yakni bacaan dalam bahasa Arab, untuk kaum yang mengetahui, 4yang membawa berita gembira dan yang membawa peringatan, tetapi kebanyakan mereka berpaling (daripadanya), maka mereka tidak (mau) mendengarkan. 5Mereka berkata, ""Hati kami berada dalam tutupan (yang menutupi) apa yang kamu seru kami kepadanya dan di telinga kami ada sumbatan dan antara kami dan kamu ada dinding, maka bekerjalah kamu, sesungguhnya kami bekerja (pula)."" 6Katakanlah, ""Bahwasanya aku hanyalah seorang manusia seperti kamu, diwahyukan kepadaku bahwasanya Tuhan kamu adalah Tuhan Yang Maha Esa, maka tetaplah pada jalan yang lurus menuju kepada-Nya dan mohonlah ampun kepada-Nya. Dan kecelakaan yang besarlah bagi orang-orang yang mempersekutukan (Nya), 7(yaitu) orang-orang yang tidak menunaikan zakat dan mereka kafir akan adanya (kehidupan) akhirat. 8Sesungguhnya orang-orang yang beriman dan mengerjakan amal yang saleh mereka mendapat pahala yang tiada putus-putusnya."" ALLAH SWT MENCIPTAKAN LANGIT DAN BUMI DALAM BEBERAPA PERIODE Ayat 9-12 9Katakanlah, ""Sesungguhnya",https://id.wikisource.org/wiki/Al-Qur%27an/Fussilat,6393,CC BY-SA 4.0,human-public-corpus,,,,,false
human-v2-004,human,Al-Qur'an/Maryam,dokumen_sastra,wikisource,"Dengan menyebut nama Allah Yang Maha Pemurah lagi Maha Penyayang KISAH NABI ZAKARIA AS DAN NABI YAHYA AS Ayat 1-15 Sebab Zakaria berdoa memohon keturunan Ayat 1-6 1Kaf Ha Ya 'Ain Sad. 2(Yang dibacakan ini adalah) penjelasan tentang rahmat Tuhan kamu kepada hamba-Nya, Zakaria, 3yaitu tatkala ia berdoa kepada Tuhannya dengan suara yang lembut. 4Ia berkata, ""Ya Tuhanku, sesungguhnya tulangku telah lemah dan kepalaku telah ditumbuhi uban, dan aku belum pernah kecewa dalam berdoa kepada Engkau, ya Tuhanku. 5Dan sesungguhnya aku khawatir terhadap mawaliku sepeninggalku, sedang istriku adalah seorang yang mandul, maka anugerahilah aku dari sisi Engkau seorang putra, 6yang akan mewarisi aku dan mewarisi sebahagian keluarga Ya'qub; dan jadikanlah ia, ya Tuhanku, seorang yang diridhai."" Terkabulnya doa Zakaria sebagai bukti kekuasaan Allah SWT Ayat 7-11 7Hai Zakaria, sesungguhnya Kami memberi kabar gembira kepadamu akan (beroleh) seorang anak yang namanya Yahya, yang sebelumnya Kami belum pernah menciptakan orang yang serupa dengan dia. 8Zakaria berkata, ""Ya Tuhanku, bagaimana akan ada anak bagiku, padahal istriku adalah seorang yang mandul dan aku (sendiri) sesungguhnya sudah mencapai umur yang sangat tua."" 9Tuhan berfirman, ""Demikianlah.""",https://id.wikisource.org/wiki/Al-Qur%27an/Maryam,52472,CC BY-SA 4.0,human-public-corpus,,,,,false
human-v2-005,human,Azab dan Sengsara/Bab 1,dokumen_sastra,wikisource,"Hari yang panas itu berangsur-angsur menjadi dingin, karena matahari, raja siang itu, akan masuk ke dalam peraduannya, ke balik Gunung Sibualbuali, yang menjadi watas dataran tinggi Sipirok yang bagus itu. Langit di sebelah barat pun merah kuning rupanya, dan sinar matahari yang turun itu nampaklah di atas puncak kayu yang tinggi-tinggi, indah rupanya, sebagai disepuh dengan emas juwita. Angin gunung yang lemah-lembut itu pun berembuslah, sedap dan nyaman rasanya bagi orang-orang kampung yang sedang di perjalanan kembali dari kebun kopi, yang terletak di lereng gunung dan bukit-bukit yang subur itu. Maka angin itu pun bertambahlah sedikit kerasnya, sehingga daun dan cabang-cabang kayu itu bergoyang-goyang perlahan-lahan sebagai menunjukkan kegirangannya, karena cahaya yang panas itu sudah bertukar dengan hawa yang sejuk dan nyaman rasanya. Batang padi yang tumbuh di sawah yang luas itu pun dibuai-buaikan angin, sebagai ombak yang berpalu-paluan di atas laut yang lebar; sawah yang seluas itu pun tiadalah ubahnya dengan lautan, sedang daun padi itu sebagai air yang hijau rupanya. Burung-burung pun beterbanganlah dari sana-sini, seraya berkumpul- kumpul di atas cabang beringin-beringin yang berdaun rimbun; masing-masing menyanyi memuji Tuhan",https://id.wikisource.org/wiki/Azab_dan_Sengsara/Bab_1,26589,CC BY-SA 4.0,human-public-corpus,,,,,false
human-v2-006,human,Fatwa Majelis Ulama Indonesia Nomor U-287 Tahun 2001,dokumen_sastra,wikisource,"NOMOR : U-287 TAHUN 2001 Bismillahirohmanirohimi Komisi Fatwa Majelis Ulama Indonesia, setelah : MENIMBANG : 1. Bahwa pornografi dan pornoaksi serta hal-hal lain yang sejenis akhir-akhir ini semakin merebak tanpa batas dan tersiar secara luas di tengah-tengah masyarakat, baik melalui media cetak dan elektronik, media komunikasi moderen, maupun dalam bentuk perbuatan nyata; 2. bahwa dalam pandangan ajaran Islam dan akal sehat, pornografi dan pornoaksi menimbulkan banyak dampak negatif bagi umat Islam khususnya, dan bangsa Indonesia pada umumnya, terutama generasi muda, baik terhadap perilaku, moral (akhlak), serta tatanan keluarga dan masyarakat beradab. 3. bahwa membiarkan pornografi dan pornoaksi serta hal-hal lain yang sejenis terus berkembang akan berakibat pada kehancuran bangsa dan karena itu, perlu segera dilakukan upaya-upaya penghentiannya. 4. bahwa oleh karena itu, Komisi Fatwa memandang perlu segera menetapkan fatwa tentang pornografi dan pornoaksi serta hal-hal lain terkait lainnya, untuk dijadikan pedoman. MENGINGAT : 1. Firman Allah SWT : ""Dan jangalah mendekati zina; sesungguhnya zina adalah syuatu perbuatan yang keji dan jalan yang buruk "" (QS. al-Isra' [16]: 32). 2. Firman Allah SWT (QS. an Nur [24]: 30-31) ; ""Katakankanlah kepada",https://id.wikisource.org/wiki/Fatwa_Majelis_Ulama_Indonesia_Nomor_U-287_Tahun_2001,25836,CC BY-SA 4.0,human-public-corpus,,,,,false
human-v2-007,human,"Keadilan, bukan Kemakmuran",dokumen_sastra,wikisource,"Majalah Tempo, 03 September 1977. IDE-IDE perlu diasah, dan tak cuma sekali. Lihatlah pengertian tentang ""keadilan sosial"". Beberapa puluh tahun kita selalu berbicara tentang hal ini. Kini bahkan ia diberi arah yang lebih jelas, dengan istilah ""perataan pendapatan"". Dan daya tariknya bukan main. Agaknya tidak ada seorang cendekiawan pun di Indonesia kini yang tidak berbicara untuk itu, dan tak ada seorang pejabat tinggi pemerintah pun yang terang-terangan bersedia menolaknya. Namun tidakkah di balik keramaian suara intelektual yang terdengar itu sebenarnya masih terasa kemiskinan intelektual? Ide-ide terlontar dengan sinar yang panas terang, tapi mungkin belum cukup terasah. Sudahkah kaum cendekiawan kita merasa jelas benar dengan konsep ""perataan pendapatan""? Adakah telah terjadi proses penajaman dan pencerahan dalam riwayat gagasan itu? Adakah ide itu bukan sekadar pengulangan dari hal yang kabur? Nampaknya kita masih memerlukan seorang Socrates yang pandai bertanya. Tradisi kuat dalam pemikiran sosial-politik di Indonesia—dengan atau tanpa kita baca Indonesia Political Thinking yang dihimpun oleh Lance Castle dan Herbert Feith—diwarnai oleh cita-cita tentang ""keadilan"". Mungkin benar bila seorang rekan pernah berkata bahwa dalam sejarah kita rakyat hanya mendambakan ""Ratu Adil"", dan","https://id.wikisource.org/wiki/Keadilan,_bukan_Kemakmuran",38150,CC BY-SA 4.0,human-public-corpus,,,,,false
human-v2-008,human,Konstitusi Jepang,dokumen_sastra,wikisource,"Kami, rakyat Jepang, yang bertindak melalui wakil-wakil kami yang dipilih secara resmi di Majelis Nasional, menetapkan bahwa kami akan mengamankan bagi diri kami sendiri dan keturunan kami hasil-hasil kerja sama damai dengan semua bangsa dan berkat-berkat kebebasan di seluruh negeri ini, dan memutuskan bahwa kami tidak akan pernah lagi dikunjungi dengan kengerian perang melalui tindakan pemerintah, menyatakan bahwa kekuasaan kedaulatan berada di tangan rakyat dan dengan tegas menetapkan Konstitusi ini. Pemerintah adalah kepercayaan suci rakyat, yang kewenangannya berasal dari rakyat, yang kekuasaannya dijalankan oleh para wakil rakyat, dan yang manfaatnya dinikmati oleh rakyat. Ini adalah prinsip universal umat manusia yang menjadi dasar Konstitusi ini. Kami menolak dan mencabut semua konstitusi, undang-undang, peraturan, dan reskrip yang bertentangan dengan ini. Kami, rakyat Jepang, mendambakan perdamaian sepanjang masa dan sangat menyadari cita-cita luhur yang mengatur hubungan antarmanusia, dan kami telah bertekad untuk menjaga keamanan dan eksistensi kami, dengan percaya pada keadilan dan keyakinan masyarakat yang cinta damai di dunia. Kami ingin menempati tempat terhormat dalam masyarakat internasional yang berjuang untuk menjaga perdamaian, dan menyingkirkan tirani dan perbudakan, penindasan dan intoleransi sepanjang masa dari",https://id.wikisource.org/wiki/Konstitusi_Jepang,243809,CC BY-SA 4.0,human-public-corpus,,,,,false
human-v2-009,human,Melihat ke Muka,dokumen_sastra,wikisource,"Rencana yang pertama dalam Persatuan Indonesia ini mempunyai sifat rencana ""pembuka"". Pembuka untuk segenap perbuatan, daya-upaya dan usaha, yang oleh Persatuan Indonesia akan disajikan di hadapan duli kita punya Ibu, yakni kita punya Tanah-Air, – sebagai suatu ""pendahuluan"" daripada segenap perbuatan dan fi'il yang akan ia sajikan di dalam kita punya perjoangan ke arah kemerdekaan Tanah-Air dan Bangsa. Bagaimanakah sifatnya kita punya perjoangan itu? Kita punya perjoangan pada hakekatnya ialah perjoangan Rokh; ia ialah perjoangan Semangat; ia ialah perjoangan Geest. Ia ialah suatu perjoangan yang dalam awalnya lebih dulu harus menaruh alas-alas dan sendi-sendinya tiap-tiap perbuatan dan usaha yang harus kita lakukan untuk mencapai kemerdekaan itu; alas-alas yang berupa Rokh-Merdeka dan Semangat-Merdeka, yang harus dan musti kita bangun-bangunkan, harus dan musti kita hidup-hidupkan dan kita bangkit-bangkitkan, bila­mana kita ingin akan berhasilnya perbuatan dan fi'il tahadi. Sebab selama Rokh dan Semangat ini belum bangun dan hidup dan bangkit, – selama Rokh dan Semangat yang berada di dalam hati-sanubari kita masih mati, selama Rokh itu masih Rokh perbudakan, – selama itu akan sia-sialah perbuatan dan usaha kita, ya, selama itu tak d",https://id.wikisource.org/wiki/Melihat_ke_Muka,44008,CC BY-SA 4.0,human-public-corpus,,,,,false
human-v2-010,human,Osamu Seirei Nomor 10 Tahoen 2603,dokumen_sastra,wikisource,"Osamu Seirei No. 10 Tentang mengoebah Osamu Seirei No. 6, tahoen 2603, tentang mengawasi oeroesan wesel didaerah Selatan jang didoedoeki Balatentera. Dalam pasal 1, Osamu Seirei No. 6, tahoen 2603, kata-kata „Burma dan Borneo-Oetara“ dioebah mendjadi „Burma, Borneo-Oetara dan Filipina“. Atoeran tambahan. Oendang-oendang ini moelai berlakoe pada hari dioemoemkan. Djakarta, tanggal 1, boelan 4, tahoen Syoowa 18 (2603) . Panglima Besar Balatentera Dai Nippon. Peringatan: 1) Berhoeboeng dengan peroebahan diatas itoe, maka dalam pasal 1 itoe djoega kata-kata „keempat daerah“ dioebah mendjadi „daerah-daerah“. 2) Kepala Osamu Seirei No. 6, tahoen 2603, jaitoe „Tentang mengawasi oeroesan wesel“ sebetoelnja haroes „Tentang mengawasi oeroesan wesel didaerah Selatan jang didoedoeki Balatentera“.",https://id.wikisource.org/wiki/Osamu_Seirei_Nomor_10_Tahoen_2603,302273,CC BY-SA 4.0,human-public-corpus,,,,,false
human-v2-011,human,Osamu Seirei Nomor 26 Tahoen 2605,dokumen_sastra,wikisource,"Osamu Seirei No. 26. Tentang hal-hal istimewa berhoeboeng dengan peratoeran tjoekai-tembakau. Pasal 1. Dalam pendjoealan etjeran barang tembakau jang ditetapkan oleh Zaimubutyoo, maka barang tembakau dalam boengkoesan „etjeran“ jang boleh didjoeal dengan tjara „ketengan“, ialah hanja barang tembakau jang ditetapkan oleh Zaimubutyoo. Pasal 2. Syuu Tabako Seizoogyo Kumiai jang ditetapkan oleh Zaimubutyoo (termasoek djoega Kooti- dan Tokubetu Si Tabako Seizoogyo Kumiai) boleh mewakili „Таbako Seizoosya“ (Pembikinan barang tembakau) jang djadi anggota Kumiai itoe dalam hal-hal jang dibawah ini, jaitoe jang haroes dilakoekan anggota itoe berhoeboeng dengan tjoekai-tembakau. Membajar tjoekai-tembakau; Memadjoekan permohonan oentock membeli pita tjoekai-tembakau atau menerima pita itoe. Atoeran tambahan. Oendang-oendang ini moelai berlakoe pada hari dioemoemkan. Djakarta, tanggal 12, boelan 6, tahoen Syoowa 20 (2605). Saikoo Sikikan",https://id.wikisource.org/wiki/Osamu_Seirei_Nomor_26_Tahoen_2605,302575,CC BY-SA 4.0,human-public-corpus,,,,,false
human-v2-012,human,Pandangan dan Langkah Partai Rakyat,dokumen_sastra,wikisource,"“Buruk baiknya partai, cerdas bodohnya partai, rajin malasnya tergantung pada sifat para anggotanya pula! Kepintaran, keyakinan dan ketabahan seluruhnya anggota partai pula”. “Hendaknya partai menjaga persatuan dengan menjaga kerukukan para anggotanya, ialah dengan jalan berterang-terangan, percaya-mempercayai, maaf-memaafkan, dan bantu-membantu satu sama lain.” Surat kepada Partai Rakyat Saudara Ki Bakri, Pak Has, Pak Was, Isa, Akoy (Adam), Rul, Mortir (ibu) dll. Kawan seperjuangan! Merdeka! Dengan sangat gembira saya mendengar kabar, bahwa Partai Rakyat (P.R.) akan membuka kongresnya yang pertama pada tanggal 10-11-12 Agustus. Permintaan buat membikin satu sambutan dan buat menentukan langkah di hari depan, saya coba penuhi dengan tulisan berkepala Pandangan dan Langkah Partai Rakyat. Tulisan itu saya kirim bersama ini. Harap saudara-saudara sekalian menerima dengan baik. Tulisan yang terdiri dari 23 halaman, terpaksa saya tulis dengan tergopoh-gopoh. Sebab kami menyangka-nyangka sewaktu-waktu bisa hinggap di tempat kami bertapa burung merpati, yang sanggup merpati itu singgah supaya jangan terbang dengan kaki atau sayap hampa. Untunglah pula Saudara Sukarni, yang dapat menurunkannya dengan cepat dan beres. Tulisan-tulisan yang tergesa-gesa itu mungkin sekali banyak mengandung kekurangan, karena sudah lama berpisah, kami kurang bisa",https://id.wikisource.org/wiki/Pandangan_dan_Langkah_Partai_Rakyat,246036,CC BY-SA 4.0,human-public-corpus,,,,,false
human-v2-013,human,Peraturan Daerah Kabupaten Ketapang Nomor 4 Tahun 2010,dokumen_sastra,wikisource,"PERATURAN DAERAH KABUPATEN KETAPANG NOMOR 4 TAHUN 2010 TENTANG PEMBENTUKAN PRODUK HUKUM DESA DENGAN RAHMAT TUHAN YANG MAHA ESA BUPATI KETAPANG Menimbang a. bahwa sebagai landasan hukum dalam penyelenggaraan pemerintahan dan pembangunan, peraturan perundang-undangan pada tingkat desa harus disusun dengan baik dan benar sesuai dengan kaidah hukum dan teknik penyusunan peraturan perundang-undangan, sehingga dapat memberikan kemanfaatan, keadilan, dan kepastian hukum; b. bahwa dalam rangka menciptakan tertib pembentukan peraturan perundang-undangan di desa yang sesuai dengan Undang-Undang Nomor 10 Tahun 2004 tentang Pembentukan Peraturan Perundang-undangan dan Peraturan Menteri Dalam Negeri Nomor 29 Tahun 2006 tentang Pedoman Pembentukan dan Mekanisme Penyusunan Peraturan Desa, maka Peraturan Daerah Nomor 14 Tahun 2000 tentang Peraturan Desa perlu diganti untuk disesuaikan kembali; c. bahwa berdasarkan pertimbangan sebagaimana dimaksud dalam huruf a dan huruf b, perlu membentuk Peraturan Daerah tentang Pembentukan Produk Hukum Desa. Mengingat : 1. Undang-Undang Nomor 27 Tahun 1959 tentang Penetapan Undang-Undang Nomor 3 Tahun 1953 tentang Pembentukan Daerah Tingkat II di Kalimantan (Lembaran Negara Republik Indonesia Tahun 1953 Nomor 9, Tambahan Lembaran Negara Republik Indonesia Nomor 352) sebagai Undang-Undang (Lembaran Negara Republik Indonesia Tahun",https://id.wikisource.org/wiki/Peraturan_Daerah_Kabupaten_Ketapang_Nomor_4_Tahun_2010,43896,CC BY-SA 4.0,human-public-corpus,,,,,false
human-v2-014,human,Peraturan Mahkamah Agung Republik Indonesia Nomor 2 Tahun 2003,dokumen_sastra,wikisource,"PERATURAN MAHKAMAH AGUNG REPUBLIK INDONESIA Nomor : 02 Tahun 2003 TENTANG PROSEDUR MEDIASI DI PENGADILAN MAHKAMAH AGUNG REPUBLIK INDONESIA Menimbang a. bahwa pengintegrasian mediasi ke dalam proses beracara di pengadilan dapat menjadi salah satu instrumen efektif mengatasi kemungkinan penumpukan perkara di pengadilan. b. bahwa mediasi merupakan salah satu proses lebih cepat dan murah, serta dapat mernberikan akses kepada para pihak yang bersengketa untuk memperoleh keadilan atau penyelesaian yang memuaskan atas sengketa yang dihadapi; c. bahwa institusionalisasi proses mediasi ke dalam sistem peradilan dapat memperkuat dan memaksimalkan fungsi lembaga pengadilan dalam penyelesaian sengketa disamping proses pengadilan yang bersifat memutus (ajudikatif); d. bahwa Surat Edaran No. 1 tahun 2002 tentang Pemberdayaan Pengadilan Tingkat Pertama Menerapkan Lembaga Damai (Eks Pasal 130 HIR/154 RBg) belum lengkap, sehingga perlu disempurnakan; e. bahwa hukum acara yang berlaku, baik Pasal 130 HIR maupun Pasal 154 RBg, rnendorong para pihak untuk menempuh proses perdamaian yang dapat diintensifkan dengan cara mengintegrasikan proses mediasi ke dalam prosedur berperkara di pengadilan tingkat pertama; f. bahwa sambil menunggu peraturan perundang-undangan dan memperhatikan wewenang Mahkamah Agung dalam mengatur acara peradilan yang belum cukup",https://id.wikisource.org/wiki/Peraturan_Mahkamah_Agung_Republik_Indonesia_Nomor_2_Tahun_2003,25905,CC BY-SA 4.0,human-public-corpus,,,,,false
human-v2-015,human,Peraturan Pemerintah Republik Indonesia Nomor 17 Tahun 1984,dokumen_sastra,wikisource,"PERATURAN PEMERINTAH REPUBLIK INDONESIA NOMOR 17 TAHUN 1984 TENTANG PENAMBAHAN PENYERTAAN MODAL NEGARA REPUBLIK INDONESIA KE DALAM MODAL SAHAM PERUSAHAAN PERSEROAN (PERSERO) PT. INDUSTRI SANDANG II PRESIDEN REPUBLIK INDONESIA, Menimbang: a. bahwa berdasarkan Keputusan Presiden Nomor 14 Tahun 1983, enam unit pabrik Perusahaan Daerah Sandang Jawa Tengah yang terdiri dari unit Pabrik Pemintalan Cilacap, unit Pabrik Pemintalan Jantra Semarang, unit Pabrik Tekstil Terpadu Texin Tegal, unit Pabrik Tenun Infitex Ceper, unit Pabrik Tenun Muriatex Kudus, dan unit Pabrik Penyamakan Kulit Mertoyu dan Magelang, yang berkantor pusat di Semarang, berikut tanah dan bangunan di atasnya serta seluruh kekayaan lain yang dimilikinya telah ditarik kembali oleh Pemerintah Pusat dari Pemerintah Daerah Tingkat I Jawa Tengah; b. bahwa untuk meningkatkan dan mengembangkan kembali kemampuan keenam unit Pabrik Perusahaan Daerah Sandang Jawa Tengah tersebut, dipandang perlu menggabungkan keenam unit pabrik beserta seluruh kekayaannya dengan kegiatan usaha Perusahaan Perseroan (PERSERO) PT. Industri Sandang II, sebagai penambahan penyertaan modal Negara Republik Indonesia ke dalam modal saham Perusahaan Perseroan (PERSERO) PT. Industri Sandang II; c. bahwa penambahan penyertaan modal Negara Republik Indonesia ke dalam Modal Saham Perusahaan",https://id.wikisource.org/wiki/Peraturan_Pemerintah_Republik_Indonesia_Nomor_17_Tahun_1984,28959,CC BY-SA 4.0,human-public-corpus,,,,,false
human-v2-016,human,Perbedaan Asas Sosial-Demokrat dan Komunis,dokumen_sastra,wikisource,"Sebagaimana sudah kita tulis di Fikiran Ra’jat nomor percontohan tentang sebab-sebabnya kemelaratan yang diderita oleh kaum Buruh ialah stelsel kapitalisme itu, maka di nomor ini kita akan terangkan bahwa di antara beberapa cara untuk melenyapkan stelsel kapitalisme atau kapital itu terutama dua cara yang perlu kita ketahui. Kedua faham dan cara yang mempunyai pengikut berjuta-juta kaum buruh ialah faham kaum sosial-demokrat dan fahamnya kaum komunis. Banyak aliran-aliran lain yang juga berdasarkan ilmu sosialisme, aliran-aliran yang menentang kapitalisme dan imperialisme. Tetapi oleh karena lain-lain aliran sosialistis itu tidak begitu besar artinya di dalam perjuangan kaum buruh untuk menuntut perbaikan nasibnya, maka kita hanya mengupas sosial-demokrat dan komunis saja, kedua faham yang di dunia politik Indonesia umumnya tidak asing lagi. Kedua faham atau isme ini di dalam hakikatnya tidak mengandung perbedaan satu sama lain, oleh karena kedua isme ini berdiri di atas faham sosialisme atau lebih tegas lagi: berdiri di atas faham Marxisme. Kedua faham adalah mengaku menjadi pengikut Marx. Sebagaimana kapitalisme sendiri adalah sebuah faham yang mempunyai beberapa aliran, aliran-aliran mana mempunyai isme-isme sendiri yang semuanya itu bersendar di atas faham",https://id.wikisource.org/wiki/Perbedaan_Asas_Sosial-Demokrat_dan_Komunis,26572,CC BY-SA 4.0,human-public-corpus,,,,,false
human-v2-017,human,Pidato Politik Liem Koen Hian: Darah Tionghoa,dokumen_sastra,wikisource,"Tatkala tiga taon doeloe kita oetaraken haloean Indonesier boeat Tionghoa peranakan, kita telah dapet matjem² bantahan, djoega dan kebanjakan dari orang² jang sebetoelnja tida berhak boeat toeroet batjaraken itoe hal, dari sebab mereka terlaloe tida poenja pengetahoean boeat boleh toeroet bitjaraken soal² itoe. Terlaloe banjak alesan² bodoh dan menoendjoeken tida adanja pengetahoean, telah dimadjoeken oleh mereka, jang maoenja dianggep sebage pendekar dan pembela dari bangsa Tionghoa di Indonesia jang lagi maoe di bikin tjilaka. Oepamanja antara laen² ada orang jang bilang, kaloe peranakan djadi Indonesier, mareka aken moesti anoet djoega igama Islam. Terpisah dari pertanjaan apa tida lebih baek peranakan peloek igama Islam sebaliknja dari pada seperti sekarang tida poenja igama sama sekali atawa tida karoean igamanja. Terpisah dari itoe pertanjaan, haroeslah dibilang, sekarang boekan lagi waktoenja boeat satoe negri paksa rahajatnja, sekalipoen ambtenaar² tida lagi dipaksa peloek igama jang disoeka oleh negri atawa pemerentah. Sekarang di mana-mana negri pemerentah tinggal neutral dalem oeroesan igama, mengertinja tida toeroet menjataken lebih soeka sama igama jang ini dari pada jang laen. Tapi lebih penting dari pada sekalian pertimbangan laen, adalah halnja di",https://id.wikisource.org/wiki/Pidato_Politik_Liem_Koen_Hian:_Darah_Tionghoa,26601,CC BY-SA 4.0,human-public-corpus,,,,,false
human-v2-018,human,Pidato Susilo Bambang Yudhoyono 27 Januari 2006,dokumen_sastra,wikisource,"Transkripsi Sambutan Presiden Republik Indonesia Pada Acara Peresmian Pabrik Perakitan Yamaha Motor Indonesia Kerawang Jawa Barat, 27 Januari 2006 Bismillahirrahmanirrahim, Assalamu’alaikum warahmatullahi wabarakatuh, Selamat pagi, Salam sejahtera untuk kita semua, Yang saya hormati, Menteri Perindustrian Republik Indonesia, Saudara Fahmi Idris, Yang saya hormati, Duta Besar Jepang untuk Indonesia Mr. Yutaka Imura, Yang saya hormati, Saudara Gubernur Jawa Barat, Bupati Kerawang dan para Pimpinan dan Pejabat Daerah, baik dari unsur eksekutif, legislatif, dan yudikatif, maupun TNI dan Polri, The honorable President of Yamaha Motor Company, Mr. Hasegawa, The President Director of Yamaha Motor Manufacturing West Java, Mr. Takahasi, Para Pengusaha, Keluarga Besar, the Big Family of Yamaha Motor Company, Hadirin sekalian yang saya hormati, Saya akan menyampaikan sambutan saya, pada prinsipnya dalam bahasa Indonesia. Tapi, di sana, sini saya akan menggunakan bahasa Inggris, untuk para tamu kita, baik dari Jepang maupun tamu asing lainnya. Allow me to speak in bahasa Indonesia, but for the benefit of our guest, the big family of Yamaha, and other expatriate, I will also speak in English, to clarify and blast with what I’m saying to",https://id.wikisource.org/wiki/Pidato_Susilo_Bambang_Yudhoyono_27_Januari_2006,26578,CC BY-SA 4.0,human-public-corpus,,,,,false
human-v2-019,human,Pidato Susilo Bambang Yudhoyono 30 Januari 2006,dokumen_sastra,wikisource,"Sambutan Presiden Republik Indonesia Pada Peringatan 1 Muharam 1427 H/1 Suro 1939 Jawa Di Taman Mini Indonesia Indah, Jakarta Tanggal 30 Januari 2006 Bismillahirahmannirrahim Assalaamu’alaikum warahmatullaahi wabarakaatuh Yang saya hormati para pimpinan Lembaga-Lembaga Negara, Saudara Menteri Agama dan para Menteri Kabinet Indonesia Bersatu, Yang mulia para Duta Besar Negara-negara sahabat, Saudara Gubernur DKI Jakarta, Saudara Pimpinan Taman Mini Indonesia Indah, Yang saya cintai dan saya muliakan para Ulama, para Kyai, para Da’i, Saudara-saudara, Hadirin hadirot yang dimuliakan Allah Subhaanahu wa Ta’ala. Marilah kita memanjatkan puji dan syukur ke hadirat Allah Subhaanahu wa Ta’ala yang telah memberikan rahmat dan karunianya kepada kita sekalian, semoga Allah Subhaanahu wa Ta’ala senantiasa memberikan bimbingan petunjuk dan perlindunganNya. Shalawat dan Salam kita marilah kita sama-sama haturkan kepada junjungan kita Nabi Besar Muhammad shallallahu ‘alaihi wasallam beserta para keluarga, sahabat, dan pengikut-pengikut beliau sampai akhir zaman. Pada kesempatan yang membahagiakan ini, saya ingin mengajak saudara-saudara sekalian untuk memahami dan memaknai hijrah sebagai teladan bagi kita dalam membangun kehidupan bangsa Indonesia menuju masa depan yang lebih baik, peringatan tahun baru 1427 hijriah pada malam ini saya anggap",https://id.wikisource.org/wiki/Pidato_Susilo_Bambang_Yudhoyono_30_Januari_2006,26579,CC BY-SA 4.0,human-public-corpus,,,,,false
human-v2-020,human,Reglemen Acara Perdata/Buku Pertama/Bab I/Bagian 2,dokumen_sastra,wikisource,"Pasal 22. Sidang-sidang pengadilan diadakan secara terbuka menurut ketentuanketentuan dalam pasal 29 RO (Susunan Kehakiman dan Kebijaksanaan Mengadili). Ketentuan-ketentuan dalam Bab XII Peraturan Hukum Acara Pidana untuk R.v.J. di Jawa dan sebagainya berlaku dalam hal ini. (Rv. 283, 837, 841; Sv. 254 dst.; IR. 373; RB9. 701.) Pasal 23. (s.d.u. dg. S. 1908-522.) Pengacara penggugat mencatatkan dalam daftar sidang giliran (rol) paling lambat satu hari sebelum hari sidang yang ditentukan dalam gugatan atau yang diajukan menurut pasal 107. Jika dalam perkara-perkara yang pemberitahuan gugatannya dilakukan dalam waktu pendek sehingga ia tidak akan dapat memenuhi ketentuan ini, maka ia secepat mungkin mendaftarkan perkara tersebut. Semua perkara, termasuk perkara-perkara mengenai perniagaan, dicatat dalam rol (daftar giliran sidang) menurut waktu mencatatnya dengan menyebut nama pihak-pihak serta pengacara-pengacaranya. (Rv. 111, 943.) Pasal 24. Pada hari yang telah ditentukan jurusita memanggil para pihak yang berperkara menurut urutan yang tercantum dalam daftar giliran sidang. panitera untuk tiap-tiap persidangan menyerahkan suatu kutipan daftar sidang giliran yang berisi perkara-perkara yang akan diperiksa kepada juru sita. Kutipan-kutipan semacam itu juga diserahkan kepada ketua raad van justitie sehari sebelum hari",https://id.wikisource.org/wiki/Reglemen_Acara_Perdata/Buku_Pertama/Bab_I/Bagian_2,16493,CC BY-SA 4.0,human-public-corpus,,,,,false
human-v2-021,human,Reglemen Acara Perdata/Buku Pertama/Bab II/Bagian 11,dokumen_sastra,wikisource,"Bagian 11. Gugatan Balik (Rekonpensi). Pasal 244. Tergugat berhak untuk mengajukan gugatan balik (rekonpensi) dalam semua perkara, kecuali : 10. bila penggugat asli (konpensi) bertindak dalam suatu kedudukan tugas, sedangkan gugatan balik itu mengenai pribadi penggugat atau sebaliknya; (KUHPerd. 383, 452, 1655 dst.) 20. bila hakim yang memeriksa perkara gugatan asal tiddk berwenang untuk mengadili gugatan balik dalam hubungan dengan pokok perkaranya; (ISR. 136; Rv. 99, 130, 132 dst., 310.) 30. dalam perkara-perkara tentang hak menguasai (bezit), jika gugatan balik mengenai hak milik atas benda yang bersangkutan sendiri (petitoir); (Rv. 103 dst.) 40. dalam perkara perselisihan mengenai pelaksanaan suatu putusan (Rv. 183,442.) Jikalau dalam tingkat pertama tidak diajukan gugatan balik, maka hal itu tidak dapat diajukan dalam tingkat banding. (KUHPerd. 1425 dst.; WV. 134, 344, 349.) Pasal 245. Gugatan balik harus segera diajukan bersama dengan jawaban terhadap penggugat. (Rv. 243.) Pasal 246. Perkara-perkara gugatan asal dan gugatan baliknya diselesaikan dan diputus bersama-sama dalam satu surat keputusan kecuali jika hakim berpendapat bahwa yang satu dapat diselesaikan lebih dulu dari yang lain tetapi dengan ketentuan, bahwa gugatan asal atau gugatan balik yang",https://id.wikisource.org/wiki/Reglemen_Acara_Perdata/Buku_Pertama/Bab_II/Bagian_11,16506,CC BY-SA 4.0,human-public-corpus,,,,,false
human-v2-022,human,Reglemen Acara Perdata/Buku Pertama/Bab II/Bagian 7,dokumen_sastra,wikisource,"Bagian 7. Pemeriksaan Di Tempat Dan Penyaksiannya. Pasal 211. Jika hakim atas permintaan para pihak atau karena jabatan memandang perlu, maka dengan surat putusan dapat diperintahkan agar seorang atau lebih para anggota yang duduk dalam majelis, disertai oleh panitera, datang di tempat yang harus diperiksa untuk menilai keadaan setempat dan membuat akta pendapatnya, baik dilakukan sendiri maupun dengan dibantu oleh ahli-ahli. (s.d.u. dgS. 1908-522.) Dengan cara dan maksud yang sama dapat diperintahkan dengan suatu putusan, penyaksian benda-benda bergerak yang tidak dapat atau sukar untuk diajukan ke depan sidang pengadilan. (s.d.u. dg S. 1908-522.) Putusan itu menentukan waktu pemeriksaan di tempat atau waktu dan tempat peninauan, tenggang waktu, bilamana berita acara seperti tersebut dalam pasal 212 harus disediakan di kepaniteraan, dan menentukan waktu dilakukannya persidangan bagi para pihak untuk melanjutkan perkumya. (Rv. 48, 499; JR. 153; Rbg. 180.) Pasal 212. (s.d.u. dgS. 1908-522.) Panitera membuat berita acara tentang semua hal yang terjadi di tempat dilakukan pemeriksaan. (Rv. 21 1; JR. 153; RBg. 180.) Pasal 213. (sd.u. dg S. 1908-522.) Jika pemeriksaan setempat atau penyaksian harus dilakukan dalam wilayah hukum suatu pengadilan,",https://id.wikisource.org/wiki/Reglemen_Acara_Perdata/Buku_Pertama/Bab_II/Bagian_7,16502,CC BY-SA 4.0,human-public-corpus,,,,,false
human-v2-023,human,Rencana Ekonomi Berjuang/Bab3,dokumen_sastra,wikisource,"DENMAS : Kalau kulihat sepintas lalu, mesin itu “celaka 13” buat masyarakat manusia. Kuakui penuh bahwa mesin itu banyak membawa kemajuan. Banyak sekali, tak perlu kusebutkan semuanya. Ingatlah saja kelaparan di satu daerah terpencil dan kurus tanahnya bisa ditolong dengan cepat. Karena kapal atau kereta api dengan segera bisa mengangkut makanan dan obat ke tempat yang ditimpa marabahaya. Persatuan dari beberapa bangsa yang dulunya tak kenal- mengenal satu sama lain atau bermusuh-musuhan bisa ditimbulkan atau ditambah-tambah. Tetapi bukankah pula majunya mesin mempercepat datangnya dan memperdalam hebatnya KRISIS? Selain dari itu memperbanyak korban manusia dalam peperangan? Perhatikan sajalah akibat bom atom dan mortir, bom dan peluru Inggris di kota Surabaya kita ini. Tidakkah lebih aman masyarakat berdasarkan tenaga belaka? Bukankah pula menurut angka-angka Marx tadi modal f 50,00 ditaruhkan pada modal-tetap untungnya lebih besar daripada modal f 90,00 modal tetapnya? Yang pertama mendapat untung f 25,00, yang kedua cuma f 5,00 kalau persennya sama-sama 50% dan jumlah modal f 100,00. MR. APAL : Sekarang Denmas, baiklah saya yang menjawab. Tak kusangka engkau makan dalam begitu! Memang “tenang itu menghancurkan” kata pepatah",https://id.wikisource.org/wiki/Rencana_Ekonomi_Berjuang/Bab3,53906,CC BY-SA 4.0,human-public-corpus,,,,,false
human-v2-024,human,Situasi Politik Luar dan Dalam Negeri,dokumen_sastra,wikisource,"Lebih dahulu saya minta pada saudara sekalian sekejap berdiri, memperingati arwahnya rakyat dan pahlawan Indonesia, yang sudah meninggalkan kita dalam perjuangan yang maha dahsyat ini, dan memberikan warisan kepada kita supaya meneruskan pekerjaanya. Pokok pembicaraan sekarang ialah: situasi politik luar dan dalam Indonesia. Saudara sekalian! Jikalau kita mau menanam satu pohon, maka lebih dahulu kita cari bibit yang bagus, tanah yang cocok dan hawa yang sesuai. Bibit yang sebaik-baiknya pun kalau tidak disertai oleh tanah yang cocok dan iklim yang sesuai, tidak akan tumbuh menjadi pohon. Demikian juga haluan kita! Kalau haluan itu tidak cocok dengan keadaan di dalam dan di luar maka ia akan patah di tengah jalan atau gagal sama sekali. Haluan kita serta cara kita bekerja, mesti kita ukur dengan kekuatan kita, baik dari dalam ataupun dari luar. Kemudian keadaan luar dan dalam itu kita cocokkan dengan haluan kita; yaitu: kemerdekaan. Demikianlah kita membentuk persatuan yang kita butuhkan dan organisasi yang cocok dengan keadaan di dalam dan di luar negeri. Apabila organisasi kita, persatuan kita dan haluan kita sudah cocok dengan keadaan di dalam dan di luar",https://id.wikisource.org/wiki/Situasi_Politik_Luar_dan_Dalam_Negeri,53945,CC BY-SA 4.0,human-public-corpus,,,,,false
human-v2-025,human,Undang-Undang Republik Indonesia Nomor 18 Tahun 2000,dokumen_sastra,wikisource,"UNDANG-UNDANG REPUBLIK INDONESIA NOMOR 18 TAHUN 2000 TENTANG PERUBAHAN KEDUA ATAS UNDANG-UNDANG NOMOR 8 TAHUN 1983 TENTANG PAJAK PERTAMBAHAN NILAI BARANG DAN JASA DAN PAJAK PENJUALAN ATAS BARANG MEWAH DENGAN RAHMAT TUHAN YANG MAHA ESA PRESIDEN REPUBLIK INDONESIA, Menimbang : bahwa dalam rangka lebih meningkatkan kepastian hukum dan keadilan, serta menciptakan sistem perpajakan yang sederhana dengan tanpa mengabaikan pengawasan dan pengamanan penerimaan negara agar pembangunan nasional dapat dilaksanakan secara mandiri, perlu dilakukan perubahan terhadap Undang-Undang Nomor 8 Tahun 1983 tentang Pajak Pertambahan Nilai Barang dan Jasa dan Pajak Penjualan Atas Barang Mewah sebagaimana telah diubah dengan Undang-undang Nomor 11 Tahun 1994; Mengingat : 1. Pasal 5 ayat (1), Pasal 20 ayat (2), dan Pasal 23 ayat (2) Undang-Undang Dasar Negara Republik Indonesia Tahun 1945 sebagaimana telah diubah dengan Perubahan Pertama Tahun 1999; 2. Undang-Undang Nomor 6 Tahun 1983 tentang Ketentuan Umum dan Tata Cara Perpajakan (Lembaran Negara Republik Indonesia Tahun 1983 Nomor 49, Tambahan Lembaran Negara Nomor 3262) sebagaimana telah diubah terakhir dengan Undang-Undang Nomor 16 Tahun 2000 (Lembaran Negara Republik Indonesia Tahun 2000 Nomor 126, Tambahan Lembaran Negara Nomor",https://id.wikisource.org/wiki/Undang-Undang_Republik_Indonesia_Nomor_18_Tahun_2000,9188,CC BY-SA 4.0,human-public-corpus,,,,,false
human-v2-026,human,Undang-Undang Republik Indonesia Nomor 20 Tahun 1997,dokumen_sastra,wikisource,"UNDANG-UNDANG REPUBLIK INDONESIA NOMOR 20 TAHUN 1997 TENTANG PENERIMAAN NEGARA BUKAN PAJAK DENGAN RAHMAT TUHAN YANG MAHA ESA PRESIDEN REPUBLIK INDONESIA, Menimbang : a. bahwa pelaksanaan tugas dan fungsi Pemerintah dalam pelayanan, pengaturan, dan perlindungan masyarakat, pengelolaan kekayaan Negara, serta pemanfaatan sumber daya alam dalam rangka pencapaian tujuan nasional sebagaimana termaktub dalam Undang-Undang Dasar 1945, dapat mewujudkan suatu bentuk Penerimaan Negara yang disebut sebagai Penerimaan Negara Bukan Pajak; b. bahwa penyelenggaraan dan pengelolaan Penerimaan Negara Bukan Pajak yang tertuang dalam dalam peraturan dan ketentuan pelaksanaan yang berlaku selama ini belum sepenuhnya mencerminkan kepastian hukum dan ketertiban administrasi keuangan Negara; c. bahwa dalam rangka meningkatkan efisiensi perekonomian dan keuangan Negara serta untuk memberikan kepastian peranan dan wewenang Pemerintah dalam melaksanakan penyelenggaraan dan pengelolaan Penerimaan Negara Bukan Pajak, maka dipandang perlu melakukan penyempurnaan pengaturan Penerimaan Negara Bukan Pajak; d. bahwa berdasarkan pertimbangan tersebut pada huruf a, huruf b, dan huruf c, perlu dibentuk Undang-undang tentang Penerimaan Negara Bukan Pajak. Mengingat : 1. Pasal 5 ayat (1) dan Pasal 20 ayat (1), Pasal 23 ayat (2), Undang- undang Dasar 1945; 2. Indische Comptabiliteitswet",https://id.wikisource.org/wiki/Undang-Undang_Republik_Indonesia_Nomor_20_Tahun_1997,9128,CC BY-SA 4.0,human-public-corpus,,,,,false
human-v2-027,human,Undang-Undang Republik Indonesia Nomor 25 Tahun 2003,dokumen_sastra,wikisource,"UNDANG-UNDANG REPUBLIK INDONESIA NOMOR 25 TAHUN 2003 TENTANG PERUBAHAN ATAS UNDANG-UNDANG NOMOR 15 TAHUN 2002 TENTANG TINDAK PIDANA PENCUCIAN UANG DENGAN RAHMAT TUHAN YANG MAHA ESA PRESIDEN REPUBLIK INDONESIA, Menimbang : a. bahwa agar upaya pencegahan dan pemberantasan tindak pidana pencucian uang dapat berjalan secara efektif, maka Undang-Undang Nomor 15 Tahun 2002 tentang Tindak Pidana Pencucian Uang perlu disesuaikan dengan perkembangan hukum pidana tentang pencucian uang dan standar internasional; b. bahwa berdasarkan pertimbangan sebagaimana dimaksud dalam huruf a, perlu mengubah Undang - Undang Nomor 15 Tahun 2002 tentang Tindak Pidana Pencucian Uang; Mengingat : 1. Pasal 5 ayat (1) dan Pasal 20 Undang-Undang Dasar Negara Republik Indonesia Tahun 1945; 2. Undang-Undang Nomor 15 Tahun 2002 tentang Tindak Pidana Pencucian Uang (Lembaran Negara Republik Indonesia Tahun 2002 Nomor 30, Tambahan Lembaran Negara Republik Indonesia Nomor 4191); Dengan Persetujuan Bersama DEWAN PERWAKILAN RAKYAT REPUBLIK INDONESIA dan PRESIDEN REPUBLIK INDONESIA MEMUTUSKAN : Menetapkan : UNDANG-UNDANG TENTANG PERUBAHAN ATAS UNDANG-UNDANG NOMOR 15 TAHUN 2002 TENTANG TINDAK PIDANA PENCUCIAN UANG. Pasal I Beberapa ketentuan dalam Undang-Undang Nomor 15 Tahun 2002 tentang Tindak Pidana Pencucian Uang",https://id.wikisource.org/wiki/Undang-Undang_Republik_Indonesia_Nomor_25_Tahun_2003,8699,CC BY-SA 4.0,human-public-corpus,,,,,false
human-v2-028,human,Undang-Undang Republik Indonesia Nomor 29 Tahun 1999,dokumen_sastra,wikisource,"UNDANG-UNDANG REPUBLIK INDONESIA NOMOR 29 TAHUN 1999 TENTANG PENGESAHAN INTERNATIONAL CONVENTION ON THE ELIMINATION OF ALL FORMS OF RACIAL DISCRIMINATION 1965 (KONVENSI INTERNASIONAL TENTANG PENGHAPUSAN SEGALA BENTUK DISKRIMINASI RASIAL 1965) DENGAN RAHMAT TUHAN YANG MAHA ESA PRESIDEN REPUBLIK INDONESIA, Menimbang : bahwa negara Republik Indonesia yang berdasarkan Pancasila dan Undang-Undang Dasar 1945 adalah negara hukum yang menjunjung tinggi harkat dan martabat manusia serta menjamin semua warga negara bersamaan kedudukannya di dalam hukum, sehingga segala bentuk diskriminasi rasial harus dicegah dan dilarang; bahwa bangsa Indonesia sebagai bagian masyarakat internasional menghormati, menghargai, dan menjunjung tinggi prinsip dan tujuan Piagam Perserikatan Bangsa Bangsa serta Deklarasi Universal Hak-hak Asasi Manusia; bahwa Majelis Umum Perserikatan Bangsa Bangsa dalam sidangnya pada tanggal 21 Desember 1965 telah menerima secara baik International Convention on the Elimination of All Forms of Racial Discrimination (Konvensi Internasional tentang Penghapusan Segala Bentuk Diskriminasi Rasial) dengan Resolusi 2106A (XX); bahwa Konvensi tersebut pada huruf c mengatur penghapusan segala bentuk pembedaan, pengucilan, pembatasan atau preferensi yang didasarkan pada ras, warna kulit, keturunan, asal-usul kebangsaan atau etnis yang mempunyai tujuan atau akibat meniadakan atau menghalangi",https://id.wikisource.org/wiki/Undang-Undang_Republik_Indonesia_Nomor_29_Tahun_1999,11431,CC BY-SA 4.0,human-public-corpus,,,,,false
human-v2-029,human,Undang-Undang Republik Indonesia Nomor 30 Tahun 2007,dokumen_sastra,wikisource,"UNDANG-UNDANG REPUBLIK INDONESIA NOMOR 30 TAHUN 2007 TENTANG E N E R G I DENGAN RAHMAT TUHAN YANG MAHA ESA PRESIDEN REPUBLIK INDONESIA, Menimbang : a. bahwa sumber daya energi merupakan kekayaan alam sebagaimana diamanatkan dalam Pasal 33 Undang-Undang Dasar Negara Republik Indonesia Tahun 1945 dikuasai negara dan dipergunakan untuk sebesar-besarnya kemakmuran rakyat; b. bahwa peranan energi sangat penting artinya bagi peningkatan kegiatan ekonomi dan ketahanan nasional, sehingga pengelolaan energi yang meliputi penyediaan, pemanfaatan, dan pengusahaannya harus dilaksanakan secara berkeadilan, berkelanjutan, optimal, dan terpadu; c. bahwa cadangan sumber daya energi tak terbarukan terbatas, maka perlu adanya kegiatan penganekaragaman sumber daya energi agar ketersediaan energi terjamin; d. bahwa berdasarkan pertimbangan sebagaimana dimaksud dalam huruf a, huruf b, dan huruf c perlu membentuk Undang-Undang tentang Energi; Mengingat : Pasal 5 ayat (1), Pasal 20, Pasal 21, dan Pasal 33 Undang- Undang Dasar Negara Republik Indonesia Tahun 1945; Dengan . . . Dengan Persetujuan Bersama DEWAN PERWAKILAN RAKYAT REPUBLIK INDONESIA, dan PRESIDEN REPUBLIK INDONESIA MEMUTUSKAN : Menetapkan : UNDANG-UNDANG TENTANG ENERGI BAB I KETENTUAN UMUM Pasal 1 Dalam Undang-Undang ini yang dimaksud dengan",https://id.wikisource.org/wiki/Undang-Undang_Republik_Indonesia_Nomor_30_Tahun_2007,14500,CC BY-SA 4.0,human-public-corpus,,,,,false
human-v2-030,human,Undang-Undang Republik Indonesia Nomor 6 Tahun 1954,dokumen_sastra,wikisource,"Undang-Undang Nomor 6 Tahun 1954 TENTANG PENETAPAN HAK ANGKET DEWAN PERWAKILAN RAKYAT Presiden Republik Indonesia, Menimbang : bahwa hak Dewan Perwakilan Rakyat untuk mengadakan penyelidikan (angket) perlu diatur dengan undang-undang; Mengingat: pasal 70 dan pasal 90 ayat 2 jo. 89 Undang-undang Dasar Sementara Republik Indonesia; Dengan persetujuan Dewan Perwakilan Rakyat: MEMUTUSKAN: Menetapkan : UNDANG-UNDANG TENTANG HAK ANGKET DEWAN PERWAKILAN RAKYAT. Pasal 1 (1) Usul untuk mengadakan angket dimajukan dengan tertulis oleh sekurang-kurangnya 10 orang anggota Dewan Perwakilan Rakyat. (2) Putusan untuk mengadakan angket diambil dalam suatu rapat terbuka Dewan Perwakilan Rakyat, yang diadakan sesudah usul itu dibicarakan dalam seksi atau seksi-seksi yang bersangkutan, dan putusan itu memuat perumusan yang teliti tentang hal yang akan diselidiki. Pasal 2 (1) Putusan selengkapnya, termaksud pada ayat 2 pasal 1 diumumkan dengan resmi dalam Berita Negara, sesuai dengan risalah Dewan Perwakilan Rakyat yang bersangkutan. (2) Nama-nama anggota yang diangkat dalam suatu Panitia Angket dan jumlah anggota sekurangkurangnya, yang berhak melakukan pemeriksaan-pemeriksaan juga diumumkan sesuai dengan risalah Dewan Perwakilan Rakyat tersebut. (3) Pengluasan tambahan atau penggantian anggota-anggota Panitia Angket begitu juga pembubarannya diumumkan dengan cara",https://id.wikisource.org/wiki/Undang-Undang_Republik_Indonesia_Nomor_6_Tahun_1954,44694,CC BY-SA 4.0,human-public-corpus,,,,,false
human-v2-031,human,Undang-Undang Republik Indonesia Nomor 8 Tahun 1981/Bab XVI/Bagian Kesatu,dokumen_sastra,wikisource,"BAB XVI PEMERIKSAAN DI SIDANG PENGADILAN Bagian Kesatu Panggilan dan Dakwaan Pasal 145 (1) Pemberitahuan untuk datang ke sidang pengadilan dilakukan Secara sah, apabila disampaikan dengan surat panggilan kepada terdakwa di alamat tempat tinggalnya atau apabila tempat tinggalnya tidak diketahui, disampaikan di tempat kediaman terakhir. (2) Apabila terdakwa tidak ada di tempat tinggalnya atau ditempat kediaman terakhir, surat panggilan disampaikan melalui kepala desa yang berdaerah hukum tempat tinggal terdakwa atau tempat kediaman terakhir. (3) Dalam hal terdakwa ada dalam tahanan surat panggilan disampaikan kepadanya melalui pejabat rumah tahanan negara. (4) Penerimaan surat panggilan oleh terdakwa sendiri ataupun oleh orarig lain atau melalui orang lain, dilakukan dengan tanda penerimaan. (5) Apabila tempat tinggal maupun tempat kediaman terakhir tidak dikenal, surat panggilan ditempelkan pada tempat pengumuman di gedung pengadilan yang berwenang mengadili perkaranya. Pasal 146 (1) Penuntut umum menyampaikan surat panggilan kepada terdakwa yang memuat tanggal, hari, serta jam sidang dan untuk perkara apa ia dipanggil yang harus sudah diterima oleh yang bersangkutan selambat-lambatnya tiga hari sebelum sidang dimulai. (2) Penuntut umum menyampaikan surat panggilan kepada saksi yang memuat tanggal, hari serta",https://id.wikisource.org/wiki/Undang-Undang_Republik_Indonesia_Nomor_8_Tahun_1981/Bab_XVI/Bagian_Kesatu,9423,CC BY-SA 4.0,human-public-corpus,,,,,false
human-v2-032,human,Upaya Pemerintah dalam Pencegahan dan Penanganan Krisis/Bab V,dokumen_sastra,wikisource,"KSSK tidak memiliki pilihan yang banyak dalam pengambilan kebijakan pada saat menghadapi ancaman krisis 2008. Berbagai data mikro maupun makro yang tersedia pada saat itu harus dianalisis dengan cepat, cermat dan matang sebagai dasar pertimbangan dalam pengambilan keputusan. Peristiwa-peristiwa menuju pengambilan keputusan KSSK berlangsung dalam suasana yang tegang dan melelahkan. Di tengah kondisi perekonomian global dan domestik yang mencemaskan dan penuh ketidakpastian, para pengambil kebijakan di bidang ekonomi dan keuangan (BI, Departemen Keuangan, LPS) bertemu untuk mengambil tindakan yang terbaik untuk kepentingan negeri ini. Pada saat itu, hari demi hari di bulan November 2008, berlangsunglah rapat-rapat secara maraton. Rapat Konsultasi Bank Indonesia dengan Menteri Keuangan atas permintaan Bank Indonesia (13-19 November 2008) Pada 13 November 2008, atas permintaan BI dilakukan rapat konsultasi pertama kali antara BI dengan Menteri Keuangan membahas permasalahan kesulitan likuiditas Bank Century.Pada saat inilah Menteri Keuangan untuk pertama kalinya mengetahui adanya permasalahan di Bank Century. Rapat itu dilakukan melalui teleconference karena Dewan Gubernur BI berada di Jakarta, sementara Menteri Keuangan berada di Washington DC menghadiri pertemuan Pimpinan G20 dalam rangka upaya bersama menghadapi krisis keuangan global. Pada",https://id.wikisource.org/wiki/Upaya_Pemerintah_dalam_Pencegahan_dan_Penanganan_Krisis/Bab_V,18387,CC BY-SA 4.0,human-public-corpus,,,,,false
human-v2-033,human,Ben Wallace (politikus),ensiklopedis,wikipedia,"Robert Ben Lobban Wallace (lahir 15 Mei 1970) adalah seorang politikus dan mantan perwira Britania Raya yang menjabat sebagai Menteri Pertahanan Britania Raya sejak 2019. Seorang anggota Partai Konservatif, ia merupakan anggota parlemen untuk Wyre dan Preston North, sebelumnya bernama Lancaster and Wyre, sejak 2005. Sebelum menjadi anggota parlemen, ia merupakan anggota Parlemen Skotlandia untuk North East Scotland dari 1999 hingga 2003. Ia mengundurkan diri pada 2003 dan pindah ke Lancashire di mana ia maju pada seleksi untuk daerah pemilihan Westminster di Inggris. Setelah pemilihannya sebagai anggota parlemen dan setelah menjabat sebagai anggota bangku belakang (backbencher) selama lima tahun, ia ditunjuk sebagai Sekretaris Pribadi Parlementer untuk Menteri Kehakiman Ken Clarke dari 2010 hingga 2014. Wallace kemudian menjadi whip dari Juli 2014 hingga Mei 2015. Pasca Following the pemilihan umum 2015 dan pembentukan pemerintahan mayoritas Cameron, ia menjadi Wakil Menteri Parlementer untuk Kantor Irlandia Utara. Pada 2016, ia ditunjuk sebagai Menteri Negara untuk Keamanan dan Kejahatan Ekonomi oleh Theresa May, di mana jabatan tersebut ia pegang hingga May meninggalkan jabatannya pada Juli 2019. Seorang pendukung Boris Johnson, Wallace dipromosikan kepada jabatan",https://id.wikipedia.org/wiki/Ben_Wallace_(politikus),28742052,CC BY-SA 4.0,human-public-corpus,,,,,false
human-v2-034,human,Biji chia,ensiklopedis,wikipedia,"Biji chia adalah biji-bijian yang dapat dimakan dari tumbuhan Salvia hispanica, tumbuhan berbunga dari keluarga min (Lamiaceae) yang berasal dari Meksiko tengah dan selatan. Istilah ""biji chia"" juga dapat digunakan untuk biji tanaman Salvia columbariae dari barat daya Amerika Serikat dan Meksiko. Biji ini berbentuk oval, berwarna abu-abu kehitaman dengan beberapa titik putih, dan memiliki diameter sekitar 2 milimeter (0,08 in). Ketika direndam dalam cairan, biji chia yang bersifat higroskopik mampu menyerap cairan hingga 12 kali beratnya sendiri dan membentuk lapisan lendir. Lapisan inilah yang memberikan tekstur gel pada makanan dan minuman yang mengandung biji chia. Terdapat bukti bahwa komoditas ini pernah dibudidayakan secara luas oleh Aztek pada Pra-kolumbus dan menjadi makanan pokok dalam budaya Mesoamerika. Biji chia saat itu dibudidayakan dalam skala kecil oleh leluhur mereka di Meksiko tengah dan Guatemala, serta dibudidayakan untuk kepentingan komersial di Amerika Tengah dan Selatan.",https://id.wikipedia.org/wiki/Biji_chia,27987163,CC BY-SA 4.0,human-public-corpus,,,,,false
human-v2-035,human,Cacia ribbei,ensiklopedis,wikipedia,"Cacia ribbei adalah spesies kumbang tanduk panjang yang tergolong famili Cerambycidae. Spesies ini juga merupakan bagian dari genus Cacia, ordo Coleoptera, kelas Insecta, filum Arthropoda, dan kingdom Animalia. Larva kumbang ini biasanya mengebor ke dalam kayu dan dapat menyebabkan kerusakan pada batang kayu hidup atau kayu yang telah ditebang. Cacia ribbei adalah spesies kumbang tanduk panjang yang termasuk dalam famili Cerambycidae. Spesies ini tergolong dalam genus Cacia, ordo Coleoptera, kelas Insecta, filum Arthropoda, dan kingdom Animalia. Larva Cacia ribbei biasanya mengebor kayu, dan dapat menyebabkan kerusakan pada batang kayu hidup maupun kayu yang telah ditebang, sehingga berpotensi menjadi hama bagi tanaman kayu tertentu.",https://id.wikipedia.org/wiki/Cacia_ribbei,28928863,CC BY-SA 4.0,human-public-corpus,,,,,false
human-v2-036,human,Daftar Wali Kota Parepare,ensiklopedis,wikipedia,"Wali Kota Parepare merupakan pemimpin Kota Parepare yang memiliki tugas dan wewenang memimpin penyelenggaraan daerah berdasarkan kebijakan yang ditetapkan bersama DPRD Kota Parepare. Jabatan pertama dipegang oleh Andi Mannaungi pada tahun 1960. Didasarkan pada tanggal pelantikan dan pengambilan sumpah Walikotamadya Pertama pada tanggal 17 Februari 1960, maka dengan SK. DPRD Kotamadya Parepare No. 3 Tahun 1970 ditetapkan hari kelahiran Kotamadya Parepare tanggal 17 Februari 1960. Penamaan wali kota Parepare berganti beberapa kali: Wali kota KDH Parepare (1960–1972) Walikotamadya KDH Parepare (1972–1998) Wali Kota Parepare (1998–sekarang) Sebelum tahun 2005, Wali kota Parepare dipilih melalui mekanisme yang diatur oleh DPRD Kota Parepare. Setelah itu, Wali Kota Parepare bersama Wakil Wali Kota Parepare dipilih secara langsung oleh warga kota melalui Pemilihan Kepala Daerah (Pilkada) untuk pertama kalinya pada tanggal 28 Agustus 2008. Sebelum kemerdekaan Indonesia, tepatnya di pemerintahan Hindia Belanda, Kota Parepare dipimpin Asisten Residen dan seorang Controlur atau Gezag Hebber sebagai Pimpinan Pemerintah (Hindia Belanda), dengan status wilayah pemerintah yang dinamakan “Afdeling Parepare” yang meliputi, Onder Afdeling Barru, Onder Afdeling Sidenreng Rappang, Onder Afdeling Enrekang, Onder Afdeling Pinrang dan Onder Afdeling Parepare.",https://id.wikipedia.org/wiki/Daftar_Wali_Kota_Parepare,29222023,CC BY-SA 4.0,human-public-corpus,,,,,false
human-v2-037,human,Damien Hirst,ensiklopedis,wikipedia,"Damien Steven Hirst (lahir 7 Juni 1965) adalah seniman, pengusaha dan kolektor seni berkebangsaan Inggris. Dia adalah yang paling menonjol dari anggota kelompok yang dikenal sebagai Young British Artists (atau YBAs), yang mendominasi seni di Inggris selama tahun 1990-an. Ia terkenal secara internasional, dan dilaporkan dari Inggris seniman terkaya yang masih hidup, dengan kekayaan senilai £215m di 2010 Sunday Times Rich List. Selama tahun 1990-an kariernya terkait erat dengan kolektor Charles Saatchi, tetapi meningkatkan friksi datang ke kepala pada tahun 2003 dan hubungan berakhir. Kematian adalah tema sentral dalam karya Hirst. Dia menjadi terkenal karena serangkaian karya seni di mana hewan mati (termasuk hiu, domba dan sapi) yang diawetkan-kadang-kadang telah dibedah-di formaldehida. The Physical Impossibility of Death in the Mind of Someone Living, sebuah hiu harimau berukuran 14-kaki (4,3 m) direndam dalam formalin dalam vitrine (kasus tampilan yang jelas) menjadi ikon karya seni Inggris pada tahun 1990-an, dan simbol dari Britart seluruh dunia. Dia juga telah membuat ""spin painting"", dibuat pada permukaan melingkar berputar, dan ""spot painting"", yang baris lingkaran berwarna acak yang diciptakan oleh asistennya. Pada bulan September 2008,",https://id.wikipedia.org/wiki/Damien_Hirst,25901123,CC BY-SA 4.0,human-public-corpus,,,,,false
human-v2-038,human,Diafragma urogenital,ensiklopedis,wikipedia,"Teks-teks lama telah menegaskan keberadaan diafragma urogenital, yang juga disebut ligamen triangular, yang dideskripsikan sebagai sebuah lapisan pelvis yang memisahkan kantung perineal dalam dari pelvis bagian atas, dan terletak di antara fasia inferior diafragma urogenital (membran perineal) dan fasia superior diafragma urogenital. Meskipun istilah ini digunakan untuk merujuk pada lapisan pelvis yang memisahkan kantung perineal dalam dari pelvis atas, batas kantung yang terpisah dengan jelas seperti itu kemungkinan besar tidak ada. Walaupun tidak memiliki entri resmi dalam Terminologia Anatomica, istilah ini sesekali masih digunakan untuk mendeskripsikan komponen otot dari kantung perineal dalam. Uretra dan vagina, meskipun bagian dari kantung tersebut, biasanya dikatakan berjalan menembus diafragma urogenital, alih-alih merupakan bagian dari diafragma itu sendiri. Beberapa peneliti masih menegaskan bahwa diafragma semacam itu memang ada, dan istilah tersebut masih digunakan dalam literatur. Diafragma uretra merupakan penanda anatomi yang digunakan dalam klasifikasi cedera uretra secara radiologis dan urologis. Secara khusus, ketika sebuah uretrogram retrograd menunjukkan perluasan kontras dari proksimal uretra pars bulbosa ke dalam perineum, terjadi peningkatan derajat cedera dari klasifikasi Tipe 2 menjadi Tipe 3. Istilah ""diafragma urogenital"" sering kali tertukar dengan",https://id.wikipedia.org/wiki/Diafragma_urogenital,29117507,CC BY-SA 4.0,human-public-corpus,,,,,false
human-v2-039,human,Dross,ensiklopedis,wikipedia,"Dross adalah padatan yang mengambang pada logam cair. Hal ini terjadi saat mencairnya logam atau paduan saat titik lebur terendahnya seperti pada timah, timbal, seng atau aluminium, serta dengan oksidasi dari logam lain. Doss biasa terdiri dari pengotor seperti sisa-sisa cat. padatan ini dengan mudah dapat dipisahkan sebelum pencetakan logam karena mengpung di atas logam cair. Dengan timah dan timbal memurnikan juga dapat dibuang dengan menambahkan natrium hidroksida pelet, yang melarutkan oksida dan membentuk terak . Dross, sebagai padatan, yang dibedakan dari terak, yang merupakan cairan. Produk dross tidak semua menjadi limbah; dross aluminium, misalnya, dapat didaur ulang dan digunakan dalam pembuatan baja sekunder untuk terak deoksidasi.",https://id.wikipedia.org/wiki/Dross,28001471,CC BY-SA 4.0,human-public-corpus,,,,,false
human-v2-040,human,Elizabeth Rona,ensiklopedis,wikipedia,"Elizabeth Rona (20 Maret 1890 - 27 Juli 1981) adalah seorang ahli kimia nuklir kelahiran Hungaria yang dikenal karena pekerjaannya dalam isotop radioaktif. Setelah mengembangkan metode yang lebih baik dalam mempersiapkan sampel polonium, ia diakui secara internasional sebagai ahli terkemuka dalam pemisahan isotop dan persiapan polonium. Antara 1914 dan 1918, selama studi pascadoktoral dengan George de Hevesy, ia mengembangkan teori bahwa kecepatan difusi tergantung pada massa nuklida. Hanya terdapat beberapa unsur atom yang telah diidentifikasi sehingga konfirmasi tentang keberadaan Uranium-Y merupakan sebuah kontribusi bagi bagi kimia nuklir. Atas partisipasinya, ia dianugerahi Hadiah Haitinger oleh Akademi Ilmu Pengetahuan Austria pada tahun 1933. Setelah beremigrasi ke Amerika Serikat pada tahun 1941, ia diberikan Carnegie Fellowship untuk melanjutkan penelitiannya dan memberikan informasi teknis tentang metode ekstraksi poloniumnya kepada Proyek Manhattan. Kemudian dalam kariernya, ia menjadi profesor kimia nuklir di Oak Ridge Institute of Nuclear Studies dan setelah 15 tahun di sana dipindahkan ke Institute of Marine Sciences di University of Miami. Baik di Oak Ridge maupun Miami, ia melanjutkan pekerjaannya di bidang geokronologi elemen dasar laut dan penanggalan radiometrik. Ia secara anumerta dilantik",https://id.wikipedia.org/wiki/Elizabeth_Rona,29397498,CC BY-SA 4.0,human-public-corpus,,,,,false
human-v2-041,human,Etika,ensiklopedis,wikipedia,"Etika adalah kajian filsafati mengenai fenomena moral. Disebut pula filsafat moral, bidang ini menelaah pertanyaan-pertanyaan normatif tentang apa yang seharusnya dilakukan manusia atau perilaku mana yang patut dinilai benar secara moral. Cabang-cabang utamanya mencakup etika normatif, etika terapan, dan metaetika. Etika normatif berupaya menemukan asas-asas umum yang menuntun bagaimana manusia seharusnya bertindak. Etika terapan mengkaji persoalan etis yang nyata dalam kehidupan sehari-hari, seperti aborsi, perlakuan terhadap hewan, dan praktik-praktik bisnis. Metaetika menyelami asumsi dasar serta konsep-konsep yang menopang etika itu sendiri. Ia menanyakan apakah terdapat fakta moral yang objektif, bagaimana pengetahuan moral mungkin tercapai, dan bagaimana penilaian moral mampu menggerakkan kehendak manusia. Teori-teori normatif yang berpengaruh meliputi konsekuensialisme, deontologi, dan etika kebajikan. Bagi para pendukung konsekuensialisme, suatu tindakan benar bila ia membawa akibat terbaik. Kaum deontolog menitikberatkan pada tindakan itu sendiri, dengan menegaskan bahwa tindakan mesti mematuhi kewajiban, seperti berkata jujur dan menepati janji. Etika kebajikan memandang bahwa penjelmaan kebajikan, misalnya keberanian dan belas kasih, merupakan asas terdalam dari moralitas. Etika berkaitan erat dengan teori nilai, yang menelaah hakikat serta ragam nilai, termasuk pertentangan antara nilai intrinsik dan nilai instrumental.",https://id.wikipedia.org/wiki/Etika,29316460,CC BY-SA 4.0,human-public-corpus,,,,,false
human-v2-042,human,Hidangan Uzbekistan,ensiklopedis,wikipedia,"Masakan Uzbekistan didominasi oleh pertanian lokal seperti di kebanyakan negara. Ada banyak ladang gandum di Uzbekistan, sehingga roti dan mie menjadi makanan pokok di negara ini. Masakan Uzbekistan sendiri dicirikan sebagai ""kaya akan mie"". Daging domba adalah jenis daging yang populer karena banyaknya ternak domba di negara ini dan merupakan bagian dari berbagai hidangan Uzbekistan. Kuliner khas Uzbekistan adalah palov (plov atau osh atau ""pilaf""), yakni hidangan utama yang biasanya dibuat dengan nasi, potongan daging, parutan wortel dan bawang bombai. Hidangan ini biasanya dimasak di kazan (atau deghi) di atas api terbuka; kacang arab, kismis, berberis, atau buah-buahan dapat ditambahkan untuk variasi. Meskipun sering dibuat oleh ibu rumah tangga untuk keluarga dan tamu, palov juga dibuat pada kesempatan khusus oleh para oshpaz yang memasak hidangan nasional ini di atas api terbuka, dan terkadang mereka menyajikan hidangan untuk porsi 1.000 orang dari satu kaldron pada hari libur atau perayaan seperti helatan pernikahan. Oshi nahor atau ""plov pagi"" disajikan pada pagi hari (antara jam 6 hingga 9 waktu setempat) saat pertemuan besar, seperti saat dihelatnya perayaan pernikahan. Hidangan nasional penting lainnya meliputi:",https://id.wikipedia.org/wiki/Hidangan_Uzbekistan,28612645,CC BY-SA 4.0,human-public-corpus,,,,,false
human-v2-043,human,"Istana Kekaisaran, Gelnhausen",ensiklopedis,wikipedia,"Istana Kekaisaran di Gelnhausen (dalam bahasa Jerman disebut Kaiserpfalz Gelnhausen, Pfalz Gelnhausen atau Barbarossaburg) adalah sebuah istana yang terletak di tepi sungai Kinzig di kota Gelnhausen, Hessen, Jerman. Istana ini didirikan pada tahun 1170 pada saat yang sama dengan pendirian kota Gelnhausen oleh Kaisar Friedrich Barbarossa. Istana ini didirikan di tengah jalur dagang yang penting, yaitu Via Regia. Kemunduran istana ini dimulai semenjak abad ke-14 ketika Kaisar Karl IV menyerahkan istana ini beserta dengan kota Gelnhausen kepada Wangsa Schwarzburg. Pada tahun 1431, Graf Hanau Ludwig III memperoleh istana ini beserta kota Gelnhausen dari Graf Heinrich dari Schwarzburg. Selama Perang Tiga Puluh Tahun, istana ini mengalami kerusakan dan pasukan Swedia menjarah bangunan utamanya. Setelah kepunahan Wangsa Hanau pada tahun 1736, Gelnhausen jatuh ke tangan Landgraf Hesse-Kassel. Istana ini lalu dijadikan tambang batu hingga tahun 1811. Kapel kastil terpaksa dihancurkan sebagian akibat kondisinya yang sangat buruk. Sekitar tahun 1810, istana ini menjadi salah satu bangunan dari masa arsitektur Romanesque yang menarik perhatian para peminat seni di Jerman. Pada akhir abad ke-19 dan awal abad ke-20, tindakan mulai diambil untuk menjaga reruntuhan istana","https://id.wikipedia.org/wiki/Istana_Kekaisaran,_Gelnhausen",28020929,CC BY-SA 4.0,human-public-corpus,,,,,false
human-v2-044,human,Kejuaraan Eropa U-17 UEFA 2007,ensiklopedis,wikipedia,"Kejuaraan U-17 Eropa UEFA 2007 adalah edisi ke-25 turnamen sepak bola Kejuaraan U-17 Eropa UEFA. Putaran final turnamen ini diselenggarakan di Belgia sejak 2 hingga 13 Mei 2007. Delapan tim berpartisipasi pada putaran final. Pertandingan dilaksanakan di 6 stadion dengan 6 kota penyelenggara. Spanyol menjadi juara dalam turnamen ini setelah mengalahkan Inggris pada pertandingan final di Stadion Luc-Varenne, Tournai. Tuan rumah Belgia dan Prancis sama-sama mengalami kekalahan dalam babak semifinal. Pemain Spanyol Bojan Krkić menjadi pemain terbaik dalam turnamen ini. Pemain Inggris Victor Moses dan pemain Jerman Toni Kroos sama-sama menjadi pencetak gol terbanyak sepanjang putaran final dengan 3 gol.",https://id.wikipedia.org/wiki/Kejuaraan_Eropa_U-17_UEFA_2007,27274918,CC BY-SA 4.0,human-public-corpus,,,,,false
human-v2-045,human,Konsonan tekak,ensiklopedis,wikipedia,"Konsonan tekak atau uvular adalah konsonan dengan penempatan Artikulasi dibelakang lidah dekat dengan uvula. Penempatan ini berada di belakang konsonan langit-langit belakang atau velar. Konsonan tekak dapat berupa konsonan sengau, konsonan letup, konsonan desis, konsonan gesek, konsonan getar, konsonan kepak, atau aproksiman, meskipun IPA tidak menyediakan simbol khusus untuk konsonan aproksiman, simbol untuk konsonan desis bersuara digunakan untuk mengisi simbol tersebut. Konsonan gesek tekak dapat digunakan, tapi jarang ditemukan. Konsonan ini muncul di beberapa dialek Jerman dataran tinggi selatam, dan juga di beberapa bahasa di Afrika dan bahasa Penduduk Asli Amerika.",https://id.wikipedia.org/wiki/Konsonan_tekak,28608513,CC BY-SA 4.0,human-public-corpus,,,,,false
human-v2-046,human,Korupsi di Lituania,ensiklopedis,wikipedia,"Korupsi di Lituania merupakan isu yang masih menjadi perhatian meskipun negara ini telah menunjukkan kemajuan dalam upaya pemberantasannya. Menurut Indeks Persepsi Korupsi 2024 dari Transparency International, Lituania menempati peringkat ke-32 dari 180 negara dalam indeks tersebut, di mana negara yang menempati peringkat pertama dianggap memiliki sektor publik yang paling jujur. Indeks ini memberikan skor kepada negara-negara dalam skala dari 0 (""sangat korup"") hingga 100 (""sangat bersih"") dan kemudian mengurutkan negara-negara berdasarkan skor tersebut. Peringkat Lituania tahun 2024 didasarkan pada skor 63. Sebagai perbandingan dengan skor kawasan, skor tertinggi di antara negara-negara Eropa Barat dan Uni Eropa adalah 90, skor rata-ratanya 64, dan skor terendahnya 41. Untuk perbandingan dengan skor global, skor terbaik adalah 90 (peringkat 1), skor rata-rata 43, dan skor terburuk 8 (peringkat 180).",https://id.wikipedia.org/wiki/Korupsi_di_Lituania,27450003,CC BY-SA 4.0,human-public-corpus,,,,,false
human-v2-047,human,Lampu lampu,ensiklopedis,wikipedia,"Lampu-lampu adalah kue tradisional yang berasal dari Sulawesi Utara dan terbuat dari campuran tepung beras dan santan. Kue Lampu-lampu dikenali dari tampilannya yang disajikan dalam mangkok yang terbuat dari daun pandan dan kemudian dikukus. Mangkok berbentuk kotak ini disebut dengan nama 'takir'. Kue ini sering disajikan sebagai menu berbuka puasa dan memiliki tekstur seperti agar-agar sehingga sebagian orang menyimpannya terlebih dahulu di dalam kulkas sebelum menyantapnya. Ada juga yang menyantap kue Lampu-lampu dengan kolak kacang hijau. Hal yang perlu diperhatikan dalam pembuatan kue Lampu-lampu adalah tidak disarankan membuka penutup kukusan sebelum kue ini matang karena akan membuat rasa kue berubah dan menjadi tidak enak lagi. Kue ini juga dikenal dengan nama lain seperti: kue Tetu di Sulawesi tengah, kue pelita di Bangka, kue Jongkong di Riau, kuih tepung pelite di Malaysia dan kue Popaco di Gorontalo.",https://id.wikipedia.org/wiki/Lampu_lampu,29175677,CC BY-SA 4.0,human-public-corpus,,,,,false
human-v2-048,human,Loki (Marvel Cinematic Universe),ensiklopedis,wikipedia,"Loki Laufeyson juga dikenal sebagai Loki Odinson dan dengan gelarnya sebagai God of Mischief (Bahasa Indonesia: Dewa tipu muslihat), adalah karakter yang diperankan oleh Tom Hiddleston dalam waralaba film Marvel Cinematic Universe (MCU), berdasarkan karakter Marvel Comics dengan nama yang sama. Loki adalah putra kandung Laufey, penguasa Frost Giants di Jotunheim, yang ditinggalkan dan dibiarkan mati tak lama setelah kelahirannya. Ditemukan oleh Odin, Loki dibawa ke Asgard dan dibesarkan olehnya dan Frigga sebagai pangeran Asgardian, bersama dengan Thor. Ketika Thor akan dinobatkan sebagai Raja, Loki telah menyabotase penobatan dengan membiarkan Frost Giants menyerang Asgard, sehingga membuat Thor membalas dendam pada Jotunheim, yang mengakibatkan pembuangan Thor ke Bumi dan Loki menemukan kebenaran tentang warisannya. Frigga memberi Loki tahta ketika Odin jatuh ke dalam Odinsleep; Namun, ketika Warriors Three dan Sif berusaha mengembalikan Thor ke rumah, Loki terpaksa mencoba menghentikan mereka. Bagaimanapun, Thor kembali dari pengasingannya di Bumi dan mengakhiri pemerintahan Loki. Dengan Odin tidak menyetujui tindakannya, Loki membiarkan dirinya jatuh melalui jurang yang dalam, memasuki lubang cacing yang dibuat oleh penghentian tiba-tiba Jembatan Bifrost.",https://id.wikipedia.org/wiki/Loki_(Marvel_Cinematic_Universe),23140278,CC BY-SA 4.0,human-public-corpus,,,,,false
human-v2-049,human,Mochammad Syah Manaf,ensiklopedis,wikipedia,"Templat:Mochammad syah manaf Drs.Mochammad Syah Manaf adalah seorang politikus yang lahir di Jakarta pada tanggal 26 Oktober 1931. Dia sempat berada di puncak kepemimpinan Partai Persatuan Pembangunan (PPP) pada tahun 1985. Setelah terjadi kericuhan di tubuh PPP tentang tindak lanjut mosi tidak percaya terhadap kepemimpinan DPP PPP, ia kehilangan jabatan selaku Ketua umum DPP PPP. Walaupun kehilangan jabatan sebagai ketua umum DPP PPP, masih banyak jabatan yang didudukinya, diantaranya Wakil Ketua PB Nahdatul Ulama (NU), Ketua NU di wilayah DKI Jakarta, Rektor Universitas Jakarta (Unija), serta Direktur PT Pelita Persatuan. Pada masa pendudukan Jepang, Syah Manaf duduk di bangku SMP menjadi pemimpin regu di sekolahnya yang mendapat pendidikan militer. Pada saat zaman Revolusi, Syah Manaf bergabung dengan TKR Divisi Siliwangi yang berada di Jawa Barat.",https://id.wikipedia.org/wiki/Mochammad_Syah_Manaf,27918241,CC BY-SA 4.0,human-public-corpus,,,,,false
human-v2-050,human,Musik Melayu,ensiklopedis,wikipedia,"Musik Melayu adalah aliran musik rakyat yang bermula dan berkembang di wilayah pantai timur Sumatra, Kalimantan, dan Semenanjung Malaya. Musik ini biasanya dinyanyikan oleh orang-orang dari suku bangsa Melayu yang tidak jarang diiringi pula dengan tarian khas Melayu setempat misalnya tari persembahan dalam perhelatan atau pesta adat, penyambutan tetamu kehormatan, dan dalam kegiatan keagamaan. Yang menarik dari aliran musik ini terletak pada susunannya yang terdiri dari lirik lagu yang mengandung syair yang disesuaikan dengan kehidupan sehari-hari, kecintaan (bagaikan Dondang Sayang) dan penuh dengan tunjuk ajar (pesan moral), diisi dengan suara atau vokal khas cengkok Melayu, dan aransemen musik yang tersusun rapi. Seiring dengan perkembangan zaman musik Melayu mengalami keberingsutan gaya musik misalnya saja mengalami perpaduan dengan aliran musik pop, musik rok, dan dangdut. Aliran ini dapat dijumpai di negara-negara serumpun Melayu, seperti Indonesia, Singapura, Malaysia dan Brunei Darussalam. Pada awal perkembangannya alat musik yang digunakan lebih didominasi oleh tingkahan rebana yang disebut Kompang dari Ponorogo, petikan gambus, gesekan biola, picitan akordion, tingkahan gong, dan tiupan serunai. Ini dipengaruhi oleh kebudayaan dari tanah Arab dan Eropa tradisional. Seiring dengan perkembangan teknologi",https://id.wikipedia.org/wiki/Musik_Melayu,29424189,CC BY-SA 4.0,human-public-corpus,,,,,false
human-v2-051,human,Olahraga menembak,ensiklopedis,wikipedia,"Olahraga menembak adalah olahraga kompetitif yang melibatkan tes kemahiran (akurasi dan kecepatan) dengan menggunakan berbagai jenis senjata seperti senjata api atau senapan angin. Perburuan juga merupakan olahraga menembak. Olahraga menembak dikategorikan berdasarkan jenis senjata, sasaran dan jarak di mana target ditembak. Dalam bidang olahraga menembak dengan menggunakan senjata api untuk bergabung menjadi anggota sangat sulit, harus melewati banyak ujian dan tes praktik serta memerlukan banyak izin mulai Perbakin (indonesia), surat izin kepemilikan senjata api, surat pengantar dari pihak berwajib (polisi). Sangat beda bila sudah menjadi atlet menembak, semua sudah tanggung oleh pemerintah. Untuk masyarakat umum olahraga menembak biasanya menggunakan senapan angin. Olahraga di bidang menembak di sini ada beberapa kategori perlombaan contoh: varmint hunting, sniping, multi-range, three pos (tiga posisi) dan tembak lesan (benchrest). Ada sekitar 5 jenis senapan angin, tetapi yg biasa digunakan untuk lomba adalah senapan angin PCP dan Multi-Pum (uklik). Senapan angin tersebut memiliki kaliber 177 atau 4,5mm untuk umum.",https://id.wikipedia.org/wiki/Olahraga_menembak,27574400,CC BY-SA 4.0,human-public-corpus,,,,,false
human-v2-052,human,Pasola,ensiklopedis,wikipedia,"Pasola berasal dari kata sola atau hola, yang merujuk pada jenis lembing kayu yang digunakan dalam tradisi saling melempar dari atas kuda yang sedang dipacu oleh dua kelompok yang berlawanan. Setelah mendapat imbuhan pa- (menjadi pa-sola atau pa-hola), istilah tersebut bermakna permainan. Dengan demikian, pasola atau pahola adalah permainan ketangkasan berupa saling melempar lembing kayu dari atas punggung kuda yang berlari kencang antara dua kelompok yang saling berhadapan. Pasola merupakan bagian dari rangkaian upacara tradisional masyarakat Sumba yang masih menganut kepercayaan Marapu, yaitu sistem kepercayaan lokal setempat. Kegiatan ini diselenggarakan di empat wilayah di Kabupaten Sumba Barat, yakni Kodi, Lamboya, Wonokaka, dan Gaura. Pelaksanaannya dilakukan secara bergiliran setiap tahun, umumnya berlangsung antara bulan Februari hingga Maret.",https://id.wikipedia.org/wiki/Pasola,29285199,CC BY-SA 4.0,human-public-corpus,,,,,false
human-v2-053,human,Perjanjian Umum tentang Perdagangan Jasa,ensiklopedis,wikipedia,"Perjanjian Umum tentang Perdagangan Jasa (bahasa Inggris: General Agreement on Trade in Servicescode: en is deprecated , disingkat GATS) adalah salah satu perjanjian Organisasi Perdagangan Dunia (WTO) yang mulai berlaku pada Januari 1995 setelah dituntaskannya Putaran Uruguay. Perjanjian ini dibuat dengan tujuan untuk memperluas tingkatan liberalisasi pada sektor jasa. Perjanjian ini menerapkan aturan WTO pada sektor jasa sebagaimana Perjanjian Umum Tarif dan Perdagangan (GATT) berlaku untuk barang. Semua anggota WTO juga merupakan anggota GATS. Asas most favoured nation juga berlaku untuk GATS, tetapi saat bergabung dengan GATS, anggota dapat mengecualikan aturan ini untuk sementara waktu. Perjanjian ini tidak seliberal GATT, karena GATT secara otomatis berlaku untuk semua barang, sementara dalam GATS masing-masing anggota WTO boleh memilih sektor mana yang akan diliberalisasi lewat GATS.",https://id.wikipedia.org/wiki/Perjanjian_Umum_tentang_Perdagangan_Jasa,28061471,CC BY-SA 4.0,human-public-corpus,,,,,false
human-v2-054,human,Ramoji Rao,ensiklopedis,wikipedia,"Cherukuri Ramoji Rao (16 November 1936 – 8 Juni 2024) adalah seorang pengusaha India, pemilik media, dan produser film. Dia adalah kepala Ramoji Group yang memiliki fasilitas produksi film terbesar di dunia Ramoji Film City, surat kabar Eenadu, ETV Network saluran TV, produksi film perusahaan Film Usha Kiran. Usaha bisnisnya yang lain termasuk Margadarsi Chit Fund, hotel Dolphin Group, pusat perbelanjaan Kalanjali, acar Priya, dan Distributor Film Mayuri. Rao meraih empat Filmfare Awards South, lima Nandi Awards dan National Film Award untuk karyanya di Bioskop Telugu. Pada tahun 2016, ia dianugerahi Padma Vibhushan, penghargaan sipil tertinggi kedua di India, atas kontribusinya dalam jurnalisme, sastra, dan pendidikan.",https://id.wikipedia.org/wiki/Ramoji_Rao,25808992,CC BY-SA 4.0,human-public-corpus,,,,,false
human-v2-055,human,Robert Ezra Park,ensiklopedis,wikipedia,"Robert Ezra Park (14 Februari 1864 – 7 Februari 1944) adalah salah seorang dari tokoh-tokoh yang memengaruhi perkembangan sosiologi. Park dianggap sebagai pelopor mazhab ekologi sebagai cabang ilmu sosiologi oleh American Sosiological Society tahun 1925. Pokok ajarannya adalah suatu pendapat yang menyatakan bahwa sosiologi meneliti masyarakat setempat dari sudut hubungan antarmanusia. Nama Park terkenal setelah menulis buku pengantar sosiologi (bersama Burgess) yang berjudul Introduction to the Science of Sociology tahun 1921. Buku yang membahas semua persoalan ilmu sosiologi ini diambil dari kupasan-kupasan para sarjana sosiologi terkemuka, dan berpengaruh besar pada perkembangan lanjut ilmu sosiologi di Amerika Serikat. Hasil karya Park yang lain diantaranya Race and Culture yang terbit tahun 1950 setelah ia meninggal dunia. Park juga pernah menulis buku bersama H. A. Miller berjudul Old World Traits Transplanted pada tahun 1921.",https://id.wikipedia.org/wiki/Robert_Ezra_Park,28071290,CC BY-SA 4.0,human-public-corpus,,,,,false
human-v2-056,human,Royal Riders Indonesia,ensiklopedis,wikipedia,"Royal Riders Indonesia yang disingkat RoRI adalah komunitas pengendara/pemilik motor yang bersifat non-politis dan nirlaba, yang dibentuk sebagai perwujudan hak dari Warga Negara Indonesia untuk berserikat dan berkumpul, serta menjadi wadah silaturahmi pemilik motor Royal Enfield baik di Indonesia maupun diluar negeri. Royal Riders Indonesia dibentuk dengan semangat membangun persaudaraan dan keinginan bahagia berkendara, berkumpul dengan sesama pengguna sepeda motor Royal Enfield pada khususnya dan komunitas dan/atau klub motor lain pada umumnya. Royal Riders Indonesia juga berpartisipasi dalam memajukan Indonesia melalui kegiatan-kegiatan yang bersifat sosial, menambah wawasan kebangsaan dan kelestalingkungan serta menjadi bagian dalam mempromosikan industri kepariwisataan di Indonesia melalui kegiatan berkendara.",https://id.wikipedia.org/wiki/Royal_Riders_Indonesia,26747844,CC BY-SA 4.0,human-public-corpus,,,,,false
human-v2-057,human,Ruth Barcan Marcus,ensiklopedis,wikipedia,"Ruth Barcan Marcus (/ˈbɑːrkən ˈmɑːrkəs/; lahir Ruth Charlotte Barcan; 2 Agustus 1921 – 19 Februari 2012) adalah seorang filsuf akademik dan ahli logika Amerika yang paling dikenal melalui karyanya dalam logika modal dan logika filosofis. Ia mengembangkan sistem formal pertama dari logika modal terkuantifikasi dan dalam proses tersebut memperkenalkan skema atau prinsip yang dikenal sebagai rumus Barcan (Barcan formula). (Ia juga memperkenalkan operator “kotak” yang kini menjadi standar untuk menyatakan keniscayaan.) Marcus, yang awalnya menerbitkan karya-karyanya dengan nama Ruth C. Barcan, adalah, sebagaimana dicatat Don Garrett, “salah satu filsuf-ahli logika paling penting dan berpengaruh pada abad kedua puluh.” Timothy Williamson, dalam perayaan karier panjang Marcus pada tahun 2008, menyatakan bahwa banyak dari “gagasan utamanya bukan hanya orisinal, cerdas, indah, memikat, berpengaruh, dan jauh mendahului zamannya, tetapi sebenarnya – menurut saya – benar.”",https://id.wikipedia.org/wiki/Ruth_Barcan_Marcus,28512281,CC BY-SA 4.0,human-public-corpus,,,,,false
human-v2-058,human,"Sampiran, Talun, Cirebon",ensiklopedis,wikipedia,"desa Sampiran adalah desa di kecamatan Talun, Cirebon, Jawa Barat, Indonesia. Asal-usul desa sampiran. Dulu nama padukuhan karang penganten pernah mampir/ kedatangan ulama penyebar islam berasal dari negara pasai bernama syekh Bayanillah tapak tilasnya yg sekarang dinamakan makam Dagan. bersama rekannya yang bernama Syekh Abdul Yusup. Syekh Syaidi.Syekh Lumayung & Syekh Rancakak yg wafat dikebumikan dibukit Gedongan. Selain kedatangan para ulama tersebut pedukuhan karang pengaten kedatangan / mampir sebuah benda dinamakan Bedug keramat merupakan benda pertanda waktu Sholat yg berasal dari kaki gunung ciremai sekitar batu lingga dengan bahan kayu tembulutan yg membuat Syekh Jafar sidik dgn julukan Syekh Rangga Jati.... dengan dua kedatangan/mampirnya ulama dan Bedug terserbut nama Karang Penganten diganti nama pedukuhan Sampiran bahkan nama sampiran untuk dijadikan Nama Desa Sampiran..... Demikian Riwayat Desa Sampiran ini Allahu alam.... Terima kasih mudah mudahan bermanfaat","https://id.wikipedia.org/wiki/Sampiran,_Talun,_Cirebon",28318937,CC BY-SA 4.0,human-public-corpus,,,,,false
human-v2-059,human,Sekolah Stand Up Milenial,ensiklopedis,wikipedia,"Sekolah Stand Up Milenial adalah sebuah acara pencarian bakat lawakan tunggal yang disiarkan oleh stasiun televisi RTV. Acara ini serupa dengan Stand Up Comedy Indonesia yang tayang di Kompas TV, Stand Up Comedy Show yang tayang di MetroTV, atau Stand Up Comedy Academy yang tayang di Indosiar tapi acara ini menampilkan peserta dari siswa SMP dan SMA sederajat terpilih yang membawakan lawakan tunggal segar dan menghibur. Dengan mendatangkan tim pencari bakat ke berbagai SMP hingga SMA atau yang sederajat se-Jabodetabek untuk audisi di Jakarta dan audisi online untuk calon peserta dari SMP hingga SMA atau yang sederajat se-Indonesia, peserta terpilih tampil di Jakarta untuk berkompetisi di putaran final. Pasca kompetisi selesai, acara ini kemudian dilanjutkan oleh Komedi Putar yang juga diisi oleh beberapa alumni peserta dari acara ini.",https://id.wikipedia.org/wiki/Sekolah_Stand_Up_Milenial,25847395,CC BY-SA 4.0,human-public-corpus,,,,,false
human-v2-060,human,Skisma,ensiklopedis,wikipedia,"Skisma adalah kondisi perselisihan yang terjadi di dalam suatu agama. Perpecahan ini dapat terjadi antarindividu di dalam suatu organisasi, gerakan, atau denominasi agama. Istilah ini paling sering digunakan untuk menyebut perpecahan antarkelompok umat beragama yang sebelumnya merupakan satu kelompok tunggal, misalnya skisma Timur–Barat atau skisma Barat, tetapi digunakan pula untuk menyebut perpecahan yang timbul di dalam suatu gerakan atau organisasi nonagamawi, bahkan dengan makna yang lebih luas lagi untuk menyebut perpecahan yang timbul di antara dua orang atau lebih, baik perpecahan antarsaudara, antarkawan, antarkekasih, dan lain-lain. Skismatikus adalah orang yang menghasut atau menimbulkan skisma di dalam suatu organisasi, atau anggota suatu kelompok sempalan. Skismatis adalah kata sifat yang berarti berkaitan dengan skisma atau skisma-skisma, atau dengan gagasan-gagasan, kebijakan-kebijakan, dan lain-lain yang dianggap menganjurkan atau menuntun kepada skisma. Di dalam agama, dakwaan skisma dibedakan dari bidat, karena pelanggaran skisma tidak berkaitan dengan perbedaan keyakinan atau doktrin melainkan dengan penganjuran perpecahan atau keadaan terpecah belah. Meskipun demikian, skisma sering kali diikuti saling tuding bidat. Menurut ajaran Kristen Katolik, setiap bidat adalah skisma, tetapi mungkin saja ada skisma-skisma yang bersih dari noda bidat.",https://id.wikipedia.org/wiki/Skisma,28603461,CC BY-SA 4.0,human-public-corpus,,,,,false
human-v2-061,human,Stasiun Arna,ensiklopedis,wikipedia,"Stasiun Arna (bahasa Norwegia: Arna stasjoncode: no is deprecated ) adalah stasiun kereta api terbesar kedua di Bergen, Norwegia; terletak di wilayah Arna di sisi timur dari Ulriken dan berada di antara dua terowongan, Terowongan Ulriken dan Arnanipa. Stasiun yang dipakai saat ini dibuka pada tahun 1964, saat kedua terowongan selesai. Stasiun lama, yang terletak di sebelah utara stasiun baru, masih digunakan untuk kereta wisata pada Gamle Vossebanen. Seluruh kereta penumpang pada Bergensbanen berhenti di Arna. Yang paling sering adalah kereta bolak balik yang menghubungkan Stasiun Bergen dan Arna, menyediakan penghubung tercepat antara pusat kota Bergen dan Arna. Kereta tersebut umumnya beroperasi setiap setengah jam, atau satu jam sekali di akhir pekan dan malam hari.",https://id.wikipedia.org/wiki/Stasiun_Arna,23826793,CC BY-SA 4.0,human-public-corpus,,,,,false
human-v2-062,human,Terowongan Taman Phoenix,ensiklopedis,wikipedia,"Terowongan Phoenix Park adalah sebuah terowongan kereta api di Dublin, Irlandia. Terowongan ini dibangun pada tahun 1877 dan dimulai dari Jembatan Kereta Api Liffey di dekat Stasiun Heuston, membentang di bawah Taman Phoenix sepanjang Templat:Konversi sebelum muncul kembali di dekat persimpangan Jalan Rumah Sakit dan Jalan Lingkar Utara. Terowongan ini terhubung dengan jalur kereta api Dublin-Sligo di dekat Glasnevin, sebelum berlanjut ke stasiun kereta api Dublin Connolly. Terowongan ini awalnya dibangun oleh perusahaan Great Southern and Western Railway untuk menghubungkan stasiun Kingsbridge ke Dublin Docklands, dan terutama digunakan untuk angkutan barang. Secara historis, jalur ini tidak digunakan untuk kereta penumpang reguler, dengan sebagian besar lalu lintas melalui terowongan adalah angkutan barang atau gerbong dan mesin yang dipindahkan antara Connolly dan Heuston untuk pemeliharaan. Jalur ini kadang-kadang digunakan untuk layanan penumpang khusus, termasuk lalu lintas untuk pertandingan-pertandingan besar Asosiasi Atletik Gaelik. Dibuka kembali pada 21 November 2016 untuk lalu lintas penumpang reguler. Hingga akhir tahun 2018, lalu lintas ini didominasi oleh layanan pada hari kerja.",https://id.wikipedia.org/wiki/Terowongan_Taman_Phoenix,26242529,CC BY-SA 4.0,human-public-corpus,,,,,false
human-v2-063,human,Texas Instruments,ensiklopedis,wikipedia,"Texas Instruments Inc. (NYSE: TXN), dikenal luas sebagai TI adalah perusahaan teknologi Amerika yang berkantor pusat di Dallas, Texas, yang merancang dan memproduksi semikonduktor dan berbagai sirkuit terpadu, yang dijualnya ke perancang dan produsen elektronik secara global. TI adalah salah satu dari 10 perusahaan semikonduktor teratas di dunia berdasarkan volume penjualan. Fokus perusahaan adalah pada pengembangan chip analog dan prosesor tanam, yang menyumbang lebih dari 80% dari pendapatannya. TI juga memproduksi teknologi pemrosesan cahaya digital dan produk teknologi untuk pendidikan seperti kalkulator, mikrokontroler, dan prosesor multi-core. Pada 2016 TI mempunyai 45.000 paten di seluruh dunia. Texas Instruments terbentuk pada tahun 1951 setelah reorganisasi dari Geophysical Service Incorporated, sebuah perusahaan yang didirikan pada tahun 1930 yang memproduksi peralatan untuk digunakan dalam industri seismik, serta elektronik pertahanan. TI memproduksi transistor silikon komersial pertama di dunia pada tahun 1954, dan pada tahun yang sama merancang dan memproduksi radio transistor pertama. Jack Kilby yang bekerja di perusahaan ini menemukan sirkuit terintegrasi pada tahun 1958 saat bekerja di Laboratorium Penelitian Pusat TI. TI juga menemukan kalkulator genggam pada tahun 1967, dan memperkenalkan mikrokontroler chip tunggal",https://id.wikipedia.org/wiki/Texas_Instruments,28572015,CC BY-SA 4.0,human-public-corpus,,,,,false
human-v2-064,human,Tofalar,ensiklopedis,wikipedia,"Tofalar (Тофалары, тофа (tofa) dalam bahasa Rusia; sebelumnya dikenal sebagai карагасы atau Karagas) atau suku Tofa, adalah suku Turk yang tinggal di Oblast Irkutsk di Federasi Rusia. Asal-usul, bahasa dan budaya Tofa mirip dengan suku Tuva. Sebelum Revolusi Oktober 1917, suku Tofalar hidup nomaden dan berkelana di hutan taiga; mereka menggantungkan hidup dengan beternak dan berburu rusa kutub. Suku Tofa mulai tinggal permanen pada tahun 1932 setelah dipaksa oleh pemerintah Soviet. Pemuda Tofa dipaksa belajar bahasa Rusia di sekolah-sekolah baru yang dibangun pemerintah, sementara tradisi budaya seperti berburu dan perdukunan mulai dilarang. Menurut sensus 2010, suku Tofa berjumlah 762 jiwa di Rusia (2828 pada tahun 1926, 476 pada tahun 1959, 570 pada tahun 1970, 576 pada tahun 1979, 722 pada tahun 1989 dan 837 pada tahun 2002).",https://id.wikipedia.org/wiki/Tofalar,28089096,CC BY-SA 4.0,human-public-corpus,,,,,false
human-v2-065,human,Ada Bahagia,instruksional,wikibooks,"Ada kebahagiaan yang terus tumbuh hangat dengan perasaan yang tak mudah layu perasaan yang di jaga, agar bertahan lama tak mudah hilang, karena kamu menjaganya ada rasa yang tak pernah pergi perasaan hangat yang menyeruak hati sungguh nikmat ya, rasanya bahagia maka, saat bahagia itu datang, aku ingin belajar menghargainya, menyimpan memori dengan rapi, agar ketika aku tenggok lagi nanti perasaan itu bisa aku temui dengan syukur yang terucap dan tekad mewujudkan bahagia lainnya dengan doa dan ketekunan aku ingin sampai di sana, nanti. bersama diriku yang punya bahagia penuh agar tidak mudah menyerah dan lelah agar mau belajar terus agar bertemu dirimu yang Allah ciptakan untuk saling menemani dan memberi kebahagiaan bersama. saling, selalu. kemudian merapikan dan menyempurnakan memori bahagia itu bersamamu, secukupnya selamanya. 31/1/2024",https://id.wikibooks.org/wiki/Ada_Bahagia,99350,CC BY-SA 4.0,human-public-corpus,,,,,false
human-v2-066,human,Afrika Kuno/Arsitektur/Awal,instruksional,wikibooks,"Afrika mungkin adalah tempat dibangunnya rumah pertama, yang dibuat dari lumpur dan kayu. Ini adalah arsitektur tertua. Tidak banyak yang diketahui mengenai rumah pada masa ini karena lumpur dan kayu tidak bertahan lama. Akan tetapi, pada 3000 SM, orang Afrika mulai membangun rumah dari batu, terutama di tempat yang memiliki banyak bebatuan. Mereka membangun piramida di Kerajaan Lama Mesir, sekitar 2700-2500 SM, serta makam batu yang disebut mastabas. Pada awalnya mereka hanya membangun bangunan batu kecil atau bangunan batu besar yang padat seperti piramida. Lebih jauh di selatan, di Meroe dan Aksum (Sudan dan Ethiopia modern), para arsitek Afrika pada masa ini juga membangun piramida, namun ukurannya lebih kecil daripada piramida Mesir. Sekitar 2000 SM, para arsitek di Mesir belajar membangun kuil bertiang. Kuil-kuil ini biasanya memiliki atap kayu, yang cukup ringan untuk ditopang oleh tiang. Para firaun Mesir membangun banyak kuil pada masa Kerajaan baru, sekitar 1500 hingga 1200 SM. Templat:Afrika Kuno",https://id.wikibooks.org/wiki/Afrika_Kuno/Arsitektur/Awal,38519,CC BY-SA 4.0,human-public-corpus,,,,,false
human-v2-067,human,"Aku Ingin Menjadi yang Terbaik Untukmu, Bukan yang Tercantik Bagimu/Aku Ingin Menjadi yang Terbaik Untukmu, Bukan yang Tercantik Bagimu",instruksional,wikibooks,"Neza sedang berada di ruang kerjanya. Ia mengangkat ponselnya yang berbunyi. Ternyata ada panggilan dari Akbar. Neza segera mengangkatnya. “Assalamu alaikum??..” ucap Akbar dari seberang sana. “Waalaikum salam…” jawab Neza lembut. “Nez, malam ini ada acara gak?” tanya Akbar dari telefon. “Hm.. kyaknya sih enggak.. ada apa gitu?” tanya Neza. “Hm,.. aku mau ngajakin kamu dinner bareng, mau ga?” tanya Akbar. “Oh, boleh-boleh.. dimana? Jam berapa?” tanya Neza. “Ntar aku jemput kamu aja deh jam tujuh..” ucap Akbar. “Okey deh.. ditunggu ya..” ucap Neza. Neza pun menutup telefonnya. Hati Neza berdesir-desir. Neza jadi gak sabar pengen cepetan dinner dan bertemu dengan Akbar malam ini. Akbar pun sama. Ia tampak bahagia. Tampaknya Akbar telah menyiapkan sesuatu yang spesial untuk Neza. Akbar jadi gak sabar menunggu malam. [malamnya di rumah Neza] Neza telah siap untuk dinner dengan Akbar. Neza tampak cantik menggunakan warna cokelat. Tak lama kemudian, Akbar pun datang menjemput Neza dengan mobilnya. Saat Akbar sampai di depan rumah Neza ia segera turun dari mobil dan menghampiri Neza. “Hay Nez.. kamu cantik banget..” puji Akbar. “Ah, kakak bisa aja..” Neza tersipu","https://id.wikibooks.org/wiki/Aku_Ingin_Menjadi_yang_Terbaik_Untukmu,_Bukan_yang_Tercantik_Bagimu/Aku_Ingin_Menjadi_yang_Terbaik_Untukmu,_Bukan_yang_Tercantik_Bagimu",113356,CC BY-SA 4.0,human-public-corpus,,,,,false
human-v2-068,human,Alkitab bahasa Betawi/Tukang Khotbah 9,instruksional,wikibooks,"Tukang Khotbah 9:1-12 Kematian Dateng ke Semuanye 1. Aye udah mikirin ini dalem-dalem di hati, makanye aye bisa bilang begini: orang-orang nyang bener, nyang bijak, ame kerjaannye, semuanya ada di tangan Tuhan. Orang mah kagak bakal tau nasibnye—itu cinta apa benci—cuman dari ngeliat ape nyang ada di depan mate. 2. Semua hal datengnye mirip-mirip ke semuanye: Satu kejadian nimpah nyang bener, nimpah juga nyang licik; Nyang lurus, kena juga nyang belok-belok; Nyang berkorban, sama aje kaya nyang kaga; Gimane nasib orang nyang bae, gitu juga nyang berdose; Orang nyang suka bikin sumpah, nasibnye sama aje ama nyang takut bikin sumpah. 3. Emang begini dah jahatnye dunia di kolongnye matahari: satu hal nyang sama kejadian ame semuanye. Bener dah, ati manusia tuh penuh ame kejahatan, ame kegilaan dari lahir sampe ajalnye. Abis itu, yaudah, pade koit. 4. Tapi buat nyang masih gabung ame golongan nyang idup, masih ade pengharapan. Soalnye, pan kata pepatah, ""anjing nyang masih idup lebih mending daripada singa nyang udah koit."" 5. Soalnye pan nyang masi idup tau klo die bakalan koit; Tapi nyang udah koit kaga tau",https://id.wikibooks.org/wiki/Alkitab_bahasa_Betawi/Tukang_Khotbah_9,104372,CC BY-SA 4.0,human-public-corpus,,,,,false
human-v2-069,human,Asia Tengah Pra-1500/Sejarah/Tibet,instruksional,wikibooks,"Tibet terletak antara India dan Tiongkok, sebelah utara Pegunungan Himalaya. Tibet telah dihuni sejak 20.000-an SM. Sekitar 10.000 SM banyak orang dari Tiongkok utara yang pindah ke Tibet dan mendesak penduduk pribumi. Ini mungkin berkaitan dengan keruntuhan Dinasti Shang sekitar masa ini. Bahasa Tibet merupakan bagian dari rumpun bahasa Himalaya, mungkin terkait dengan bahasa Tionghoa. Sebagian besar orang Tibet adalah peternak sapi dan domba, dan pada 100 SM banyak pula petani beras dan jelai. Seperti orang Asia Tengah lainnya, orang Tibet mengenakan kulit dan bulu, serta menunggangi kuda. Pada awal 600-an M, Songtsan Gampo menyatukan Tibet menjadi satu kekaisaran yang kuat. Ia bahkan mampu menikahi keponakan kaisar Tiongkok Dinast Tang T'ai Tsung. Selain membentuk kekaisaran, Songtsan Gampo juga mendorong orang Tibet untuk menuliskan cerita dan puisi mereka serta menyimpan catatan tentang urusan kerajaan. Pada masa ini sebagian besar orang Tibet memeluk agama Buddha, terdorong oleh banyaknya biksu Buddha yang pergi dari India dan menjelajahi Asia Tengah. Tibet mulai memperluas wilayahnya, mengambil lebih banyak wilayah Tiongkok. Orang-orangnya mulai mengenakan sutra, meminum anggr dan teh, serta menggunakan kertas dan tinta. Orang Tibet",https://id.wikibooks.org/wiki/Asia_Tengah_Pra-1500/Sejarah/Tibet,82259,CC BY-SA 4.0,human-public-corpus,,,,,false
human-v2-070,human,Aturan Mengurus Narapidana di Hindia Belanda/Bab 1,instruksional,wikibooks,"Pasal 1 Semua bangunan di Hindia Belanda yang saat ini dipakai sebagai penjara, akan tetap digunakan sebagai penjara untuk sementara waktu Pasal 2 Selain ketentuan dalam ayat 2 pasal 361 surat aturan hal mengenai hukuman Raad Panjustisi di Jawa dan Hoofd Hindia Belanda, tahanan di penjara-penjara harus dipisahkan antara: Orang pribumi dan orang EropaPerempuan dan laki-lakiMiliter dan yang bukan militerNarapidana yang mendapat hukuman mendorong gerobak, ditutup atau kerja paksa pakai rantai dan narapidana yang mendapatkan hukuman selain dari itu. Pasal 3 Di setiap penjara harus ada satu register catatan seluruh yang dimasukan penjara, selain perintahnya artikel 362 surat aturan mengenai hukuman Raad Panjustisi di Jawa dan Hoofd Hindia Belanda. Register itu harus dipisah merujuk pada banyaknya jenis hukuman narapidana yang ada di penjara. Apabila sipir tidak bisa memegang register tersebut, itu dipegangnya oleh satu orang yang ditentukan oleh kepala keresidenan. Pasal 4 Pegawai-pegawai yang diperintah mengontrol penjara dan sekitarnya boleh mengecek register tersebut kapan saja. Pasal 5 Sipir tidak boleh memasukkan atau menahan seseorang di tahanan kecuali orang yang sudah diputuskan oleh vonis, atau berdasarkan syarat perintah atau surat putusan",https://id.wikibooks.org/wiki/Aturan_Mengurus_Narapidana_di_Hindia_Belanda/Bab_1,113046,CC BY-SA 4.0,human-public-corpus,,,,,false
human-v2-071,human,Buku Parenting yang Recommended,instruksional,wikibooks,"Bahas parenting tu emang gak ada habisnya ya, mau dikupas dari segi manapun selalu ada insight yang bisa diperoleh. Wajar, karena generasi berkembang terus, zaman berubah jadi bahasannya selalu diperbaharui. Kali ini saya mau bahas tentang salah satu buku parenting yang keren banget, bisa dijadikan rujukan untuk membuat visi misi pengasuhan. Judulnya The Danish Way of Parenting karya Jessica Joelle Alexander dan Iben Dissing Sandahl. Buku ini diterbitkan oleh PT Bentang Pustaka pada cetaakan keenam Agustus 2019. Buku yang diterjemahkan oleh Ade Kumalasari dan Yusa Tripeni ini sebenarnya tipis hanya 180 halaman, dibaca seharian juga udah kelar tapi isinya “daging” semua. Well… pada intinya ini membahas tentang bagaimana sih strategi orang Denmark dalam mengasuh anaknya sehingga Denmark menjadi salah satu negara paling bahagia di dunia. Denmark itu negara kecil yang letaknya di Eropa bagian utara. Anak-anaknya tumbuh dengan bahagia, daya tahannya kuat, dan regulasi emosi baik. Hal pertama yang saya highlight dari buku ini adalah uraian tentang “wabah stress”. Orang tua secara alamiah memiliki sifat kompetitif pada dirinya sendiri, terhadap rekan sesama orang tua bahkan kepada anaknya sendiri. Tapi kalau",https://id.wikibooks.org/wiki/Buku_Parenting_yang_Recommended,112286,CC BY-SA 4.0,human-public-corpus,,,,,false
human-v2-072,human,Buku Saku Farmakoterapi/Osteoartritis,instruksional,wikibooks,"Sendi adalah bagian dari tubuh di mana dua tulang atau lebih bersatu dalam suatu koordinasi antara otot, tendon, ligamen, kartilago. Otot diikat pada tulang dengan tendon (jaringan yang fleksibel, seperti tali berserabut). Otot menciptakan gerakan pada sendi, dan juga membantu menstabilkan sendi. Kartilago artikular yang licin menyelubungi tulang di sendi dan membantu gerakan yang bebas gesekan, sedangkan penutup kartilago membantu meredam hentakan. Seluruh sendi dikelilingi oleh sarung yang kuat dari bahan berserat dinamakan kapsul sendi. Lapisan sinovial dari kapsul sendi mengeluarkan cairan sangat sedikit, yang berfungsi sebagai lubrikan sendi. Selain itu beberapa sendi (seperti bahu dan lutut) mempunyai kantong bursa (bursae), kantung kecil berisi cairan yang berfungsi sebagai bantalan sendi dan mengurangi gesekan. Tubuh manusia mempunyai berbagai macam sendi, dari ”engsel” yang sederhana seperti siku sampai yang sangat kompleks seperti panggul dan bahu, yang dapat digerakkan ke segala arah. Selain itu beberapa sendi harus mampu menahan beban dan tekanan yang besar, seperti sendi lutut yang harus menopang berat seluruh tubuh. Selanjutnya, tekanan pada lutut berlipat ganda saat kita berlari, naik tangga, atau berjalan pada permukaan yang tidak rata. Bagian-bagian sendi",https://id.wikibooks.org/wiki/Buku_Saku_Farmakoterapi/Osteoartritis,65009,CC BY-SA 4.0,human-public-corpus,,,,,false
human-v2-073,human,Eropa di Tiongkok/Bab 18,instruksional,wikibooks,"enjelang akhir pemerintahan Sir J. Bowring, keadaan Koloni dan reputasinya di Inggris menganggap bahwa pemilihan Gubernur baru menyulitkan bak persoalan yang ada kala Sir H. Pottinger atau Sir J. Davis meninggalkan jabatan tersebut. Di sisi lain, ada bukti bahwa kini orang yang ingin menjabat tak hanya esensi umum namun dipadukan dengan syarat disiplin ketat bertaktik baik dan berpendangan besar dari orang yang pikirannya diisi dengan kemanusiaan dan mampu mengirim kedewasaan dari benih kebaikan yang ditabur. Namun, di sisi lain, sanitasi, reputasi sosial dan moral Hongkong sangat buruk terhadap tawaran jabatan gubernur Hongkong yang tak menyediakan dorongan terhadap sosok berkemampuan tinggi yang disyaratkan untuk jabatan tersebut. Sir Hercules Robinson pastinya merupakan sosik yang diinginkan untuk menghimpun kestabilan di Tiongkok. Walau ia pada waktu itu menduduki jabatan gubernur di sisi dunia yang berseberangan, ia mungkin tak merasa setidaknya datar oleh tawaran pelantikan Hongkong, tanpa ia memandangnya menerapkan, di bawah keadaan kasus, keluhan terhadap kemampuannya. Sir Hercules awalnya bertugas dalam 87th Fusiliers dan, kala purna tugas dari ketentaraan, memegang pekerjaan sipil pada masa bencana kelaparan Irlandia (1846 sampai 1849) di bawah Komisioner Kepegawaian",https://id.wikibooks.org/wiki/Eropa_di_Tiongkok/Bab_18,97268,CC BY-SA 4.0,human-public-corpus,,,,,false
human-v2-074,human,India Kuno/Agama/Hindu/Wisnu,instruksional,wikibooks,"Wishu merupakan salah satu dewa Hindu. Ia disebutkan dalam Rig Weda sebagai dewa cahaya dan matahari, namun orang mulai menyembah Wisnu sebagai dewa yang amat penting sejak sekitar 300 SM. Pada masa itu, orang mulai menganggap Wisnu layaknya energi matahari, ada di mana-mana, tak terlihat, kuat, dan bagian dari segalanya. Oleh karena itu Wisnu disembah sebagai dewa yang lebih kuat dari sebelumnya. Biasanya orang menyembah Wisnu dengan mempersembahkan bunga, dupa, maupun makanan, atau dengan berdoa maupun memainkan musik. Orang biasanya tidak memberikan kurban hewan. Karena Wisnu adalah dewa langit, lukisan-lukisan tentangnya menggambarakn dewa ini dengan kulit biru, seperti warna langit. Wisnu diyakini bereinkarnasi berualng kali dalam beragam wujud. Salah satu reinkaransinya yang paling terkenal adalah Kresna Reinkaransi lainnya dari Wisnu adalah Rama, yang kisahnya terdapat dalam sajak Ramayana, yang ditulis sekitar 300 SM pada masa Kekaisaran Maurya.",https://id.wikibooks.org/wiki/India_Kuno/Agama/Hindu/Wisnu,98929,CC BY-SA 4.0,human-public-corpus,,,,,false
human-v2-075,human,JANDA MISKIN,instruksional,wikibooks,"Pada zaman dahulu kala, Kristus dan kedua belas rasul-Nya berjalan di bumi. Mereka berkelana seperti orang-orang biasa sehingga tak seorang pun mengetahui bahwa mereka adalah Kristus dan para rasul. Suatu hari, mereka tiba di sebuah desa dan meminta tumpangan bermalam kepada seorang petani kaya. Namun, petani itu menolak mereka dan berkata, “Di sana ada seorang janda yang biasa menerima pengemis; pergilah ke rumahnya.” Maka mereka pun pergi ke rumah janda itu dan meminta izin untuk bermalam. Janda tersebut sangat miskin—bahkan yang termiskin di antara yang miskin. Ia hampir tidak memiliki apa-apa, hanya sepotong kecil roti dan segenggam tepung. Ia juga memiliki seekor sapi, tetapi sapi itu belum menghasilkan susu. “Wahai Bapak-bapak,” kata janda itu, “rumahku sangat kecil, dan hampir tak ada tempat untuk beristirahat.” “Tidak apa-apa, kami akan menyesuaikan diri,” jawab mereka. Janda itu pun menerima para tamu itu meskipun ia bingung bagaimana memberi mereka makan. “Bagaimana aku dapat menjamu kalian?” katanya. “Aku hanya punya sedikit roti dan segenggam tepung, dan sapiku belum menghasilkan susu. Kalian tentu tidak bisa mengharapkan jamuan yang layak di sini.” Namun Sang Juruselamat berkata, “Jangan",https://id.wikibooks.org/wiki/JANDA_MISKIN,115314,CC BY-SA 4.0,human-public-corpus,,,,,false
human-v2-076,human,Kelahiran Kembali Turki/Bab 17,instruksional,wikibooks,"XVII ANGORA FEVZI, RAFET DAN KIAZIM KARABEKR PASHA DAN KEDIKTATORAN MILITER MEREKA DI BAWAH KEMAL PASHA—​DEPORTASI “PONTUS”—​MOSUL, KURDI DAN PERPECAHAN DALAM ISLAM—​FRONT PRANCIS-ARMENIA DI KILIKIA, GARIS DEPAN YUNANI DI SMYRNA, DAN FRONT SEKUTU DI KONSTANTINOPEL—CARA PARLEMEN TERPECAH DIREKONSTRUKSI DI ANGORA—​PERLAWANAN FERID-REVOLUSI DI KONIA. Angora membentang di bukitnya, sebuah selimut abu-abu dari atap datar berhias dengan menara-menara putih dan tumbuh-tumuhan hijau, dan terhimpun di tengah-tengahnya dengan reruntuhan tahun 1915. Di kakinya terbentang rawa dangkal yang terbentang dari kota itu sendiri sampai stasiun kereta apinya, yang berharaj satu setengah mil. Di sepanjang pinggiran cekungan pada pesisir selatan, terdapat vila-vila musim panas dari keluarga-keluarg kaya, yang diamankan atas dasar malaria cuaca hangat dari rawa. Jantung kota terbentang sepanjang wilayah hilirnya. Kala kongres Sivas menggerakkan dewan Partai Nasionalis ke Angora pada akhir September 1919, Kemal sendiri menmpatkan dirinya di ruang atas di stasiun kereta api dan lokomotif Decauville tetap digerakkan siang malam pada jendelanya, dalam kesiapan untuk mengantarnya jauh ke pelosok pada peringatan cepat. Bangunan pertama yang orang lalui kala memasuki kota tersebut dari stasiun kereta api adalah bangunan granit abu-abu yang sampat dipakai",https://id.wikibooks.org/wiki/Kelahiran_Kembali_Turki/Bab_17,99573,CC BY-SA 4.0,human-public-corpus,,,,,false
human-v2-077,human,"Kumpulan Dongeng-Dongeng Unik/Adat Bangsawan di Negara Istanbul, Cara Menerapkan Hukuman",instruksional,wikibooks,"Ada seorang saudagar di tanah Istambul, yang hendak ber­angkat berdagang ke sebuah negara, di pedalaman negeri itu ju­ga, setelah memuat barang-barangnya ke atas kudanya, lalu berangkat dengan senang hatinya. Ketika sudah sore, sampai di sebuah desa penginapan, lalu berhenti di sana, bermaksud menginap. Kudanya diikatkan pada pohon, ti­dak terlalu jauh dari rumah tentara yang berjaga di sana. Setelah itu saudagar berbaring di bawah pohon, dekat kuda yang lalu menjadi tempat tidurnya. Ketika bangun pagi-pagi, kudanya dan barang-barangnya sudah tidak ada, dicuri. Kagetlah si saudagar dan sangat kece­wa karena kecelakaan sebesar itu. Lalu ia mengadu kepada bangsawan di sana, memberitahukan keja­dian yang dialaminya. Setelah mendengar laporan si saudagar, bangsawan itu berkata: “Pantas saja kamu tidak menginap di rumah tentara. Kalau menginap di sana, barang-barang­mu tidak akan hilang.” Menjawab si saudagar itu: “Justru aku datang agar tidak takut menginap di sagala macam kamar dalam aturan pemerintahan lama, ka­rena pada zaman dahulu di tempat itu tak ada yang berani mencuri, merampas, karena kerasnya perintah pemerintahan.” Ucapan itu demikian, masuk akal menurut bangsawan itu, lalu memanggil si saudagar dan berkata: “Baik, tapi malam ini","https://id.wikibooks.org/wiki/Kumpulan_Dongeng-Dongeng_Unik/Adat_Bangsawan_di_Negara_Istanbul,_Cara_Menerapkan_Hukuman",113056,CC BY-SA 4.0,human-public-corpus,,,,,false
human-v2-078,human,Melangkah Maju,instruksional,wikibooks,"Melangkah Maju Angin malam pukul 19.00 bertiup pelan meraba kulit. Purnama bertahta di langit yang kaya akan awan. Sesekali dahan-dahan bergetar lantas kaku tidak bergerak. Terdengar rintih burung hantu di sarang. Malam ini sepi, sebab aku hanya duduk sendiri. Kepalaku menoleh ke belakang untuk mencari suara langkahan kaki yang mendekat. “Mbok Maryam masak makanan enak!” Tentu saja aku menantikan hal tersebut. Aku segera melempar ilalang yang sempat kumainkan dari sisa-sisa dari kelekak tadi siang. Anak perempuan itu langsung menarik tanganku. Hidungku langsung mengikuti bau sedap ke arah dapur. Hmm.. ayam jahe dan wangi nasi putih. Malam tersebut adalah untuk kesekian kalinya aku dan Mei dititipkan di rumah Eyang. Mataku terhenti pada kotak brangkas tua yang sudah berada di pojok dapur rak di sebelahnya. Bapak selalu berpesan agar jangan sampai ada yang menyentuh brangkas Eyang selama tinggal di sini. Sudah menjadi hal umum bahkan Mbok enggan mengepel daerah tersebut karena mengetahui benda kesayangan pemilik rumah ini. “Jangan diam saja, ayo cepat duduk.” Perintah Eyang. Besi tua itu memang menjadi pusaka keluarga. “Mau sampai kapan kalian dititipkan disini? Pakai baju nya hemat-hemat",https://id.wikibooks.org/wiki/Melangkah_Maju,86628,CC BY-SA 4.0,human-public-corpus,,,,,false
human-v2-079,human,Mesir Kuno/Pengetahuan,instruksional,wikibooks,"Para ilmuwan Mesir pada umumnya tertarik dalam mengamati alam dan teknik praktik, dan mereka bagus dalam kedua hal tersebut. Contohnya piramida dan kuil, yang menampilkan pengetahuan geometri dan teknik yang baik. Pata insinyur Mesir menggunakan teorema Pythagoras, ribuan tahun sebelum Pythagoras lahir. Karena banjir sungai Nil penting bagi pertanian Mesir, para ilmuwan juga menghasilkan suatu cara untuk mengukur seberapa tinggi prakiraan banjir tiap tahunnya, dan membuat catatan yang baik serta kalender yang akurat. Alat yang digunakan untuk mengukur ketinggian banjir Nil disebut Nilometer. Mereka juga menciptakan cara untuk memindahkan air dari Nil ke lahan pertanian di gurun, menggunakan pompa irigasi (shaduf) dan kanal. Kemungkinan ilmuwan Mesir juga adalah yang pertama kali menemukan cara membuat roti menggunakan ragi. Angka Pengobatan",https://id.wikibooks.org/wiki/Mesir_Kuno/Pengetahuan,61681,CC BY-SA 4.0,human-public-corpus,,,,,false
human-v2-080,human,Mitologi Kelt/Dewa Galia/Smertrios,instruksional,wikibooks,"Smertrios atau Smertrius adalah dewa perang Galia. Smertrios juga merupakan dewa pelindung suku Treveri. Ada kemungkinan bahwa Smertrios bukanlah satu dewa tunggal, melainkan merupakan julukan yang digunakan untuk beberapa dewa Galia seperti Cernunnos, Esus dan Tarvus Trigaranus. Smertrios disebut-sebut digambarkan sebagai dewa berjanggut yang sedang memegang seekor ular di satu tangan, sdangkan tangan lainnya mmegang gada atau mungkin batu api. Oleh orang Romawi, Smertrios disamakan dengan dewa Romawi, Mars dan Herkules. Dia kadang-kadang dipanggil Mars Smetrius. Di Möhn, dekat Trier, ada kuil besar yang menutupi sebuah mata air yang disucikan bagi Smertrios dan istrinya, Ancamma, sang dewi air. Karena memiliki mata air suci dan namanya sendiri bermakna ""Penyedia"", maka kemungkinan Smertrios adalah dewa mata air pengeobatan dan sekaligus dewa keberlimpahan. Di luar Galia, namanya dapat ditemukan dalam doa-doa di Grossbach, Austria.",https://id.wikibooks.org/wiki/Mitologi_Kelt/Dewa_Galia/Smertrios,24920,CC BY-SA 4.0,human-public-corpus,,,,,false
human-v2-081,human,Mitologi Yunani/12 Tugas Herakles/Tugas Kelima,instruksional,wikibooks,"Marah karena Herakles malah pergi bertualang bersama para Argonaut, Euristheus memutuskan bahwa tugas kelima harus menjadi tugas yang paling memalukan bagi Herakles. Tugasnya adalah membersihkan kandang sapi raja Augeias dalam waktu satu hari. Augeias adalah raja Elis dan memiliki banyak sekali hewan ternak. Herakles kemudian mendatangi raja Augeias dan menawarkan untuk membersihkan kandang sapinya dengan imbalan berupa sepersepuluh bagian hewan ternaknya. Augeias setuju saja karena dia merasa bahwa itu tak mungkin dapat dilaksanakan. Tugas ini sangat sulit karena banyaknya istal yang ada di kandang itu, selain juga karena ukuran tempatnya. Pada akhirnya Herakles memutar otaknya dan berhasil membersihkan kandang sapi itu dengan cara mengalirkan aliran air sungai dari sungai Alfeus dan Peneios ke kandang sapi. Akan tetapi Augeias menolak membayar karena sang raja mengetahui bahwa Herakles ternyata melakukannya karena diperintah oleh Euristheus. Fileus, putra sulung Augeias, meminta ayahnya untuk menepati janjinya. Augeias marah dan mengusir Fileus, yang kemudian meninggalkan Elis dan bermukim di Dulikhium. Marah karena Augeias melanggar janjinya, Herakles pun bersumpah untuk suatu hari nanti menyerang Elis, dan memang setelah menyelesaikan semua tugasnya Herakles membawa pasukan untuk menaklukan Elis.",https://id.wikibooks.org/wiki/Mitologi_Yunani/12_Tugas_Herakles/Tugas_Kelima,90525,CC BY-SA 4.0,human-public-corpus,,,,,false
human-v2-082,human,Mitologi Yunani/Perang Troya/Pengorbanan di Aulis,instruksional,wikibooks,"Dengan bergabungnya Odisseus dan Akhilles, maka lengkaplah pasukan Yunani. Seluruh pasukan berkumpul di Aulis, Boiotia, beserta ribuan kapal mereka. Para pemimpin Yunani lalu sepakat mengangkat Agamemnon sebagai pemimpin pasukan gabungan Yunani itu. Agamemnon memberi kurban untuk para dewa. Ketika mereka memberi kurban Apollo, Kalkhas sang peramal memberitahu bahwa perang akan berlangsung selama sepuluh tahun, karena seekor ular memakan delapan bayi burung pipit dari sebuah sarang, namun ketika memakan bayi kesembilan, ular tersebut berubah menjadi batu. Pasukan Yunani kemudian berlayar ke Troya. Mereka mendarat di Misia dan menyerang kota Teuthrania karena menyangka itu adalah Troya. Telefos, putra Herakles dan Auge, adalah raja Teuthrania, dia dengan gigih mempertahankan kerajaannya dan membunuh banyak prajurit Yunani, termasuk raja muda Thersander dari Thebes. Akhilles berhasil melukai Telefos dalam suatu baku hantam. Ketika pasukan Yunani sadar bahwa mereka tidak sedang menyerang Troya, mereka pun berlayar kembali untuk benar-benar menuju Troya. Namun perjalanan mereka dihadang badai sehingga mereka mesti kembali ke Yunani dan berkumpul kembali ke Aulis. Sementara itu, luka Telefos tidak bisa sepenuhnya sembuh. Telefos bertanya pada orakel Apollo dan Telefos diberitahu bahwa lukanya hanya bisa",https://id.wikibooks.org/wiki/Mitologi_Yunani/Perang_Troya/Pengorbanan_di_Aulis,35212,CC BY-SA 4.0,human-public-corpus,,,,,false
human-v2-083,human,Panduan Game/GBA/S,instruksional,wikibooks,Sabre Wulf (petualangan semi-3D) Sabrina the Teenage Witch - Potion Commotion Salt Lake 2002 Samurai Jack - The Amulet of Time Santa Claus Jr. Santa Claus Saves the Earth Santa Clause 3 - The Escape Clause Scooby-Doo Scooby-Doo - Mystery Mayhem Scooby-Doo - Unmasked Scooby-Doo 2 - Monsters Unleashed Scooby-Doo and the Cyber Chase Scorpion King - Sword of Osiris Scrabble Blast Scrabble Scramble Scurge - Hive SD Gundam Force Sea Trader - Rise of Taipan Sea World - Shamu's Deep Sea Adventure Secret Agent Barbie - Royal Jewels Mission Sega Arcade Gallery Sega Rally Championship Sega Smash Pack Serious Sam Advance Shaman King - Legacy of the Spirits - Soaring Hawk Shaman King - Legacy of the Spirits - Sprinting Wolf Shaman King - Master of Spirits Shaman King - Master of Spirits 2 Shark Tale Shaun Palmer's Pro Snowboarder Sheep Shifting Gears - Road Trip Shining Force - Resurrection of the Dark Dragon Shining Soul Shining Soul 2 Shrek - Hassle at the Castle Shrek - Reekin' Havoc Shrek - Smash N Crash Racing Shrek - Super Slam,https://id.wikibooks.org/wiki/Panduan_Game/GBA/S,47119,CC BY-SA 4.0,human-public-corpus,,,,,false
human-v2-084,human,Parallel world 2013/tba 1,instruksional,wikibooks,"Bayang – bayang dunia ku Bagian 1 dunia ku Sebelum aku berada di dunia NAZI, dunia ku lebih buruk dari pada dunia ini, dimana semua orang setiap harinya Cuma berjalan dan tidak tahu arah dan tujuan. Bukan Cuma itu saja di dunia ku, tindak kejahatan tumbuh subur setelah perang dunia kedua berakhir di dunia ku, selama aku hidup di dunia ku, aku hanya merasakan kesengsaraan. Disana tejadi diskriminasi suk, ras, budaya, agama, dan kelompok etnis. Diskriminasi yang mereka lakukan bukan unuk kemuliaan tuhan, tetapi untuk kehancuran mereka sendiri. Bagian 2 kehancuran dunia ku Pada awal 2013, saat aku berjalan di jalanan kota, terjadilah gempa yang dahsyat menghancurkan semua gedung di kota ku, lubang hitam muncul dan membawa kami kedunia yang berbeda – beda. Semua yang berada di dunia ku mati tanpa sisa, bahkan teman baik ku yohanes. Aku melihat dunia ku dari lubang yang membawaku, dan dunia ku hancur di depan mata ku sendiri. Tinggal aku sendiri. Aku jatuh di dunia yang tidak ada kehidupan, tidak ada terang, gunung air, yang ada Cuma bebatuan. Yang aneh disini, kenapa aku bisa",https://id.wikibooks.org/wiki/Parallel_world_2013/tba_1,58552,CC BY-SA 4.0,human-public-corpus,,,,,false
human-v2-085,human,Pemrograman Clojure/Pengantar,instruksional,wikibooks,"Clojure adalah bahasa pemrograman sekaligus kompilator. Sintaksis dari Clojure merupakan dialek dari Lisp. Lisp (dahulu disebut LISP), merupakan singkatan dari ""List Processing"" dan merupakan bahasa pemrograman tingkat tinggi tertua kedua setelah Fortran. Dialek lain dari Lisp antara lain adalah Common Lisp dan Scheme. Clojure dibuat oleh Rich Hickey dan sekarang dikembangkan bersama-sama para pengembang lainnya yang tergabung dalam tim pengembang Clojure. Aktivitas mereka bisa dilihat di http://dev.clojure.org. Clojure merupakan software bebas / software dengan kode terbuka. Lisensi dari Clojure adalah Eclipse Public License 1.0 (http://opensource.org/licenses/eclipse-1.0.php). Kode sumber dari Clojure bisa diakses di Github (https://github.com/clojure/clojure). Pada saat pertama kali dikembangkan, Clojure ditujukan untuk pengembangan di JVM (Java Virtual Machine). Semua kode sumber dari Clojure akan dikompilasi menjadi .class dan bisa dijalankan (jika dimaksudkan untuk dijalankan) di JRE (Java Runtime Environment) atau bisa ""sekadar"" menjadi pustaka dengan tingkat interoperabilitas yang baik antara Clojure dengan Java. Perkembangan berikutnya menunjukkan bahwa Clojure sangat diminimati oleh komunitas pengembang software dan terdapat beberapa usaha untuk mengarahkan hasil kompilasi ke beberapa tujuan lain: ClojureScript (https://github.com/clojure/clojurescript) - Kompilasi ke JavaScript ClojureCLR (https://github.com/clojure/clojure-clr) - Kompilasi ke .NET Framework clojure-py",https://id.wikibooks.org/wiki/Pemrograman_Clojure/Pengantar,58918,CC BY-SA 4.0,human-public-corpus,,,,,false
human-v2-086,human,Permainan,instruksional,wikibooks,"Kata Pengantar Permainan adalah buku yang berisi daftar dan detail permainan anak-anak di Indonesia. Permainan dikarang secara kolaboratif melalui media Wikibuku Silakan lihat bagian daftar isi di bawah ini. Jika artikel sudah ada yang menulis, link daftar isi akan berwarna biru. Silakan membaca artikel ini, atau turut berpartisipasi dengan menyuntingnya (klik sunting di tab bagian atas). Jika artikel masih kosong, link daftar isi akan berwarna merah. Silakan berpartisipasi dengan mengklik link tersebut lalu isikan tulisan anda ke dalamnya. Cara menambahkan Bab, Subbab, atau Artikel dari nol ke dalam daftar isi: Buatlah link halaman menurut hirarki dokumen di daftar isi di halaman utama buku Permainan dengan menambahkan garis miring misalnya [[Permainan/Judul Bab/Judul Subbab/Judul Artikel]] Jangan lupa tulis alias link halaman [[Permainan/Judul Bab/Judul Subbab/Judul Artikel|Judul Artikel]] Sunting dan isi halaman tersebut Simpan halaman tersebutCara melakukan pranala (hyperlink) dalam buku: Note that pages with slashes in names automatically generate link up in the hierarchy. You can also use convenient linking style, especially useful in table of contents of your book [[/Chapter/]] on Book page instead of [[Book/Chapter|Chapter]] [[/Chapter|link title]] on Book page instead",https://id.wikibooks.org/wiki/Permainan,57879,CC BY-SA 4.0,human-public-corpus,,,,,false
human-v2-087,human,Permainan Tradisional Sunda/Slep Dur,instruksional,wikibooks,"Slep dur adalah permainan tradisional Sunda. Walaupun slep dur bukan lah permainan asli dari daerah Sunda, slep dur tetap digemari banyak anak-anak di daerah Sunda. Slep dur memiliki banyak penamaan sesuai tempatnya. Misalnya di daerah Jakarta, ada permainan yang serupa dengan slep dur yang bernama wak-wak gung. Di daerah Jawa Tengah dan Yogyakarta, ada permainan serupa yang bernama ancak-ancak alis. Bahkan ada pula permainan yang serupa dengan nama yang serupa pula, yaitu di daerah Sulawesi Utara dengan nama slepdur. Bukan hanya di daerah lain, bahkan di daerah Sunda sendiri pun ada permainan yang mirip dengan nama yang berbeda. Permainan tersebut bernama oray-orayan. Walaupun terdapat kesamaan, ada pula perbedaannya. Yang paling menonjol dan membedakan permainan satu sama lainnya adalah lagu yang digunakan dalam permainan. Di setiap daerah dan budaya memiliki ciri khas masing-masing, khususnya dalam segi bahasa yang digunakan. Permainan ini bisa dimainkan mulai dari 5 orang atau lebih secara berkelompok. Kelompok pertama adalah 2 orang pemain yang menjadi terowongan dan kelompok kedua adalah pemain yang berjalan melewati terowongan.",https://id.wikibooks.org/wiki/Permainan_Tradisional_Sunda/Slep_Dur,90103,CC BY-SA 4.0,human-public-corpus,,,,,false
human-v2-088,human,Permainan/Berkelompok/Galah Asin,instruksional,wikibooks,"Buat garis di tanah : 3 garis horisontal, kemudian 1 garis vertikal membelah 3 garis horisontal tsb. Area 'a' area seblum garis horisontal pertama, area 'b' adl area setelah garis horisontal ketiga. Kumpulkan 10 orang, bagi 2 geng, kemudian ketua geng suit, geng yang kalah jaga garis. Anak (1) jaga di garis horisontal pertama, anak (2) jaga di gh(2), anak (3) jaga di gh(3), anak (4) jaga digaris vertikal yg membelah gh(1) dan gh(2), anak (5) jaga di garis vertikal yg membelah gh(2) dan gh(3). Geng yg menang bersiap di area 'a' kemudian satu persatu memasuki area yg dijaga lawan, sampai akhirnya selamat sampai ke area 'b'. Bila salah satu anak terpegang oleh anak yg jaga, gengnya langsung jaga garis.",https://id.wikibooks.org/wiki/Permainan/Berkelompok/Galah_Asin,26461,CC BY-SA 4.0,human-public-corpus,,,,,false
human-v2-089,human,Raja Panatih dan Kuau Putih,instruksional,wikibooks,"Raja Panatih dan Kuau Putih Rony Amdriansyah Sastra Cerita rakyat yang berjudul ""Raja Panatih dan Kuau Putih"" ini berasal dari daerah Enim Sumatra Selatan. Ada seorang raja mempunyai ladang yang cukup luas. Raja itu mempunyai seorang istri bernama Rejeni dan anak raja yang tertua bernama Putri. Putri sudah bertunangan dengan seorang pemuda pendatang yang tampan dan baik hati. Pada suatu hari, sang Raja membuat bubu. Ketika melihat ayahnya membuat bubu, Putri tidak suka karena bubu dapat merusak habitat ikan yang ada di air sungai. ""Hai Ayah, berhentilah membuat bubu jahat seperti itu. Kalau bubu dipasangkan, ikan akan mengena.” Putri berusaha menasihati ayahnya. Setelah mendengar celotehan anaknya, sang Raja tidak menghiraukan. ""Kalau mendapat ikan, engkau tidak boleh memakannya."" Setelah mendengar ayahnya berkata seperti itu, Putri pun menjawab, “Ya. Saya tidak akan memakannya kalau mendapat ikan."" Keesokan hari bubu itu selesai dikerjakan. Sang Raja tidak sabar untuk menguji coba hasil karyanya sendiri. Ia berharap ikan akan banyak terperangkap di dalam bubu. Sang Raja pun pergi ke sungai. Setelah sang Raja di sungai, bubu diletakkan perlahan-lahan di pinggiran sungai yang aliran airnya cukup",https://id.wikibooks.org/wiki/Raja_Panatih_dan_Kuau_Putih,78734,CC BY-SA 4.0,human-public-corpus,,,,,false
human-v2-090,human,Raksasa-Raksasi,instruksional,wikibooks,"Merupakan bagian dari kumpulan cerpen Rintik gerimis di jendela oleh Anta Samsara Raksasa dan raksasi telah muncul dari Samudera Indonesia. Menyerbu perkampungan di Pulau itu laksana cakra dewata yang menghancurkan manusia pengingkar. Mereka terus-menerus berseru ke seluruh kampung, “Katakan, di mana ayah-ibuku?” Dan jika mereka tak menjawab, mereka mengangkat manusia yang rapuh itu tinggi-tinggi hingga hampir mencecah awan dan kemudian membantingnya keras-keras. Penduduk pulau itu mulai dilanda ketakutan yang tiada terperi. Mata mereka menyorotkan isyarat minta dikasihani, namun raksasa-raksasi tidak menghentikan perbuatannya. Mereka tiba pada suatu keadaan yang memaksa mereka menghadap pada patih di kerajaan tetangga untuk meminta tentara kerajaannya turun tangan. Mereka takkan bisa meminta bantuan tentara kerajaannya sendiri, sebab sang raja dan patihnya telah terlalu tua, dan pewaris tahta keduanya telah terbunuh dalam sebuah perebutan kekuasaan berdarah. Sang raja dan patihnya selamat namun kejadian itu telah melumpuhkan jiwa mereka berdua, maka jadilah mereka raja dalam perlambang dan bukan raja yang sebenar-benarnya. Malam itu sang raksasa dan raksasi berdiam di tepi pantai. Rembulan sempurna tak muncul, karena rembulan itu telah ditelan oleh sang raksasa dan sang raksasi. Rembulan sempurna",https://id.wikibooks.org/wiki/Raksasa-Raksasi,93950,CC BY-SA 4.0,human-public-corpus,,,,,false
human-v2-091,human,Sejarah Kekaisaran/Kushan,instruksional,wikibooks,"Kekaisaran Kushan (bahasa Sansakerta: Kuṣāṇ Rājavaṃśa; bahasa Parthia Kušanxšaθr) adalah negara yang didirikan pada awal abad ke-1 M oleh Kujula Kadphises di daerah Baktria kuno di sekitar sungai Oxos (Amu Darya). Pada perkembangannya, Kushan berpindah pusat ke dekat Kabul, Afghanistan. Kushan memperluas wilayahnya dari Lembah Sungai Kabul untuk kemudian mengalahkan suku-suku Asia Tengah lainnya yang sebelumnya menaklukan sebagian Dataran Tinggi Iran tengah bagian utara yang pernah dikuasai oleh Kekaisaran Parthia. Pada abad ke-1 dan awal abad ke-2 M, Kushan meluas melewati bagian utara anak benua India, setidaknya hingga sejauh Saketa dan Sarnath di dekat Varanasi (Benares), di sana ditemukan prasasti yang berasal dari masa kaisar Kushan, Kanishka, yang dimulai sekitar 127 M. Sekitar 152 M, Kanishka mengirimkan pasukan ke sebelah utara pegunungan Karakoram. Mereka menaklukan wilayah hingga sejauh Kashgar, Khotan dan Yarkant, di Tarim Basin di Xinjiang. Dibuka jalan langsung dari Gandhara ke Tiongkok, dan jalan tersebut yang berada di bawah kendali Kushan selama lebih dari 100 tahun. Keamanan yang disediakan oleh Kushan mendorong adanya perjalanan melewati Jalur Khunjerab dan memudahkan penyebaran Buddha Mahayana ke Tiongkok. Bangsa Kushan merupakan bagian",https://id.wikibooks.org/wiki/Sejarah_Kekaisaran/Kushan,82313,CC BY-SA 4.0,human-public-corpus,,,,,false
human-v2-092,human,Warnasari/Cerita kedua,instruksional,wikibooks,"Di sebuah hutan, hiduplah seorang tukang pencari kayu bersama istri dan anak perempuannya yang berusia tiga tahun. Hidup mereka sangat miskin hingga sering kali mereka tidak memiliki makanan untuk dimakan, bahkan untuk anak mereka sendiri pun tidak ada. Suatu hari, ketika si tukang kayu sedang bekerja di hutan, si tukang kayu sedang bekerja, melepas semua pakaiannya yang kotor karena keringat, tiba-tiba muncul sosok bercahaya. Seorang Déwa Reksa yang mengenakan mahkota emas bertabur permata yang berkilauan. Dengan suara yang berwibawa, Déwa Reksa pun berkata: ""Aku adalah Déwa Reksa, pelindung para pemuda dan orang yang membutuhkan. Aku tahu bahwa hidupmu sangat miskin dan penuh penderitaan. Karena itu, sekarang anakmu akan kubawa ke tempatku dan akan kupelihara di sana."" Mendengar kata-kata itu, si tukang kayu sangat gembira. Anaknya pun segera dibawa oleh Déwa Reksa ke Sawarga Loka. Di sana, anak perempuan itu hidup bahagia, menikmati segala kemewahan yang tak pernah ia bayangkan sebelumnya. Ia diberi berbagai buah-buahan yang harum dan lezat, semua hasil alam surga. Pakaiannya pun sangat indah, berhiaskan emas dan permata. Ia juga bermain dengan anak-anak para dewa, merasakan kegembiraan tanpa",https://id.wikibooks.org/wiki/Warnasari/Cerita_kedua,104634,CC BY-SA 4.0,human-public-corpus,,,,,false
human-v2-093,human,Wawacan Wulang Tani/Pupuh Pangkur,instruksional,wikibooks,"Nomer kesembilan belas, jika hendak menanam salak harus biji, memilih jangan yang tiga, melainkan yang tunggal, hasil memilih bijinya lalu disemai, itu yang tidak pernah gagal, kalau yang dua biji. Sering menjadi salak bunga, ditanamnya jaraknya empat kaki, persegi harus segitu, sampai berbuah, batas empat atau lima tahun, sedangkan untuk harga buah, biasanya dua seduit. Kedua puluh perkara, pelajaran jika hendak menanam huni, bijinya yang dipilih, kalau di tempat panas, sudah berbuah dalam batas empat-lima tahun, kalau di tempat dingin, tujuh tahun keluar pentil. Adapun harga buah, yang asam secangkirnya seduit, biasanya di pasar Garut, sedangkan huni manis, secangkir empat duit pun laku, digunakan sebagai kelir pohon, pasal dua puluh satu. Menanam asam caranya, sama saja seperti menanam huni, umurnya delapan tahun, sampai berbuah, harga buah satu duwit dapat sepuluh, pohonnya akan seukuran sarangka, atau landeyan keris. Pasal dua puluh dua, pelajaran jika menanam calingcing, bijinya yang dipilih, sama seperti belimbing itu, pasal dua puluh tiga yang diceritakan, cara menanam ceremai, dengan cangkok atau biji. Jika menanam dari biji, tiga tahun baru bisa berbuah, jika dari cangkok dua tahun, kalau",https://id.wikibooks.org/wiki/Wawacan_Wulang_Tani/Pupuh_Pangkur,114155,CC BY-SA 4.0,human-public-corpus,,,,,false
human-v2-094,human,Yunani Kuno/Ekonomi,instruksional,wikibooks,"Salah satu tulang punggung bagi perekonomian Yunani adalah laut dan pelayaran. Banyak orang Yunani yang bekerja dengan mengandalkan pelayaran. Sejumlah orang Yunani menjadi nelayan dan menjual sebagian hasil tangkapannya di pasar. Beberapa lainnya adalah pedagang yang menjual barang dagangannya ke negeri-negeri yang jauh melalui laut. Ada pula orang Yunani yang menjadi tentara bagi negara kotanya, mereka menaklukan kota lainnya dan memaksa kota taklukannya memberi upeti. Banyak juga pelaut Yunani yang bekerja sebagai tentara bayaran, menyewakan tenaga dan kapal mereka untuk bertempur bagi negara lain seperti Mesir atau Persia. Yang terakhir, ada orang Yunani yang menjadi perompak, yang menyerang kapal atau pemukiman dan menjarah barang-barang berharga. Pada kenyataannya, pengelompokkan pekerjaan tersebut tidaklah tetap, sehingga ada orang yang terkadang menjadi nelayan, terkadang menjadi perompak, dan terkadang menjadi tentara bayaran.",https://id.wikibooks.org/wiki/Yunani_Kuno/Ekonomi,74170,CC BY-SA 4.0,human-public-corpus,,,,,false
human-v2-095,human,Yunani Kuno/Sastra,instruksional,wikibooks,"Bangsa Yunani menghasilkan banyak karya tulis, dan banyak di antaranya yang masih tersedia bahkan hingga saat ini, sekitar 2000 tahun setelah masa Yunani kuno. Tulisan mereka secara tradisional terbagi menjadi beberapa jenis. Epos: Sekitar 700 SM, Homeros menulis dua epos yang saling terkait, Iliad dan Odysseia. Epos sendiri adalah puisi panjang yang menceritakan kisah kepahlawanan. Puisi: Dua contoh puisi Yunani awal adalah Theogonia dan Erga kai Hemerai karya Hesiodos, sekitar 700 SM. Ada pula sejumlah puisi pendek karya Arkhilokhos dan Sappho sekitar 600 SM. Puisi-puisi karya Sappho merupakan satu-satunya karya sastra penulis perempuan Yunani yang masih bertahan hingga kini Sandiwara: Sandiwara terbagi mennjadi tragedi dan komedi. Tragedi adalah kisah sedih, sedangkan komedi adalah kisah lucu. Tragedi tertua yang diketahui ditulis oleh Aiskhylos sekitar 500 SM. Ada pula tragedi yang ditulis oleh Sophokles (Sekitar 450 SM) dan Euripides (Sekitar 425 SM). Sementara komedia tertua yang diketahui ditulis oleh Aristophanes sekitar 425 SM. Beberapa komedi lainnya ditulis oleh Menandros sekitar 350 SM. Sejarah: Dua sejarawan besar yang karyanya masih ada hingga kini adalah Herodotos dan Thukydides. Sekitar 450 SM, Herodotos menulis sejarah",https://id.wikibooks.org/wiki/Yunani_Kuno/Sastra,79916,CC BY-SA 4.0,human-public-corpus,,,,,false
human-v2-096,human,Yunani Kuno/Seni/Lukisan/Zaman Perunggu,instruksional,wikibooks,"Lukisan-lukisan Yunani tertua yang ada pasa masa kini berasal dari Zaman Perunggu Akhir. Lukisan-lukisan itu ditemukan di pulau Kreta, yang dihuni oleh bangsa Minos. Orang Minos melukis untuk memberi hiasan dan dekorasi pada dinding istana para raja dan ratu Minos. Ketika dinding istana diplester, orang Minos melukis pada plester yang basah itu, sehingga catnya akan menyerap ke dalam plester ketika plesternya mengering. Ini disebut lukisan fresko. Orang Minos amat tertarik pada alam dan mereka senang mulukis tanaman serta hewan. Selain itu, orang Minos juga suka melukis manusia, misalnya pejabat, kawan, dan budak mereka.",https://id.wikibooks.org/wiki/Yunani_Kuno/Seni/Lukisan/Zaman_Perunggu,58194,CC BY-SA 4.0,human-public-corpus,,,,,false
